complex.id	Gene	CDR3	V	J	Species	MHC A	MHC B	MHC class	Epitope	Epitope gene	Epitope species	Reference	Method	Meta	CDR3fix	Score
6536	TRB	CACCRLFSREYGYTF	TRBV2*01	TRBJ1-2*01	HomoSapiens	HLA-E*01:03	B2M	MHCI	VMTTVLATL	Rv1734c	M.tuberculosis	PMID:38439958	{"identification": "tetramer-sort", "frequency": "", "singlecell": "", "sequencing": "sanger", "verification": ""}	{"study.id": "", "cell.subset": "CD8+", "subject.cohort": "LTBI", "subject.id": "", "replica.id": "", "clone.id": "", "epitope.id": "", "tissue": "PBMC", "donor.MHC": "", "donor.MHC.method": "", "structure.id": "", "samples.found": 1, "studies.found": 1}	{"cdr3": "CACCRLFSREYGYTF", "cdr3_old": "CACCRLFSREYGYTF", "fixNeeded": false, "good": true, "jCanonical": true, "jFixType": "NoFixNeeded", "jId": "TRBJ1-2*01", "jStart": 10, "vCanonical": true, "vEnd": 2, "vFixType": "NoFixNeeded", "vId": "TRBV2*01"}	0
6537	TRB	CACSEENSEAFF	TRBV19*01	TRBJ1-1*01	HomoSapiens	HLA-E*01:03	B2M	MHCI	VMTTVLATL	Rv1734c	M.tuberculosis	PMID:38439958	{"identification": "tetramer-sort", "frequency": "", "singlecell": "", "sequencing": "sanger", "verification": ""}	{"study.id": "", "cell.subset": "CD8+", "subject.cohort": "LTBI", "subject.id": "", "replica.id": "", "clone.id": "", "epitope.id": "", "tissue": "PBMC", "donor.MHC": "", "donor.MHC.method": "", "structure.id": "", "samples.found": 1, "studies.found": 1}	{"cdr3": "CACSEENSEAFF", "cdr3_old": "CACSEENSEAFF", "fixNeeded": false, "good": true, "jCanonical": true, "jFixType": "NoFixNeeded", "jId": "TRBJ1-1*01", "jStart": 8, "vCanonical": true, "vEnd": 2, "vFixType": "NoFixNeeded", "vId": "TRBV19*01"}	0
6538	TRB	CASRLASYNEQFF	TRBV13*01	TRBJ2-1*01	HomoSapiens	HLA-E*01:03	B2M	MHCI	VMTTVLATL	Rv1734c	M.tuberculosis	PMID:38439958	{"identification": "tetramer-sort", "frequency": "", "singlecell": "", "sequencing": "sanger", "verification": ""}	{"study.id": "", "cell.subset": "CD8+", "subject.cohort": "LTBI", "subject.id": "", "replica.id": "", "clone.id": "", "epitope.id": "", "tissue": "PBMC", "donor.MHC": "", "donor.MHC.method": "", "structure.id": "", "samples.found": 1, "studies.found": 1}	{"cdr3": "CASRLASYNEQFF", "cdr3_old": "CASRLASYNEQFF", "fixNeeded": false, "good": true, "jCanonical": true, "jFixType": "NoFixNeeded", "jId": "TRBJ2-1*01", "jStart": 6, "vCanonical": true, "vEnd": 3, "vFixType": "NoFixNeeded", "vId": "TRBV13*01"}	0
6539	TRB	CASSDEAEHLETQYF	TRBV2*01	TRBJ2-5*01	HomoSapiens	HLA-E*01:03	B2M	MHCI	VMTTVLATL	Rv1734c	M.tuberculosis	PMID:38439958	{"identification": "tetramer-sort", "frequency": "", "singlecell": "", "sequencing": "sanger", "verification": ""}	{"study.id": "", "cell.subset": "CD8+", "subject.cohort": "LTBI", "subject.id": "", "replica.id": "", "clone.id": "", "epitope.id": "", "tissue": "PBMC", "donor.MHC": "", "donor.MHC.method": "", "structure.id": "", "samples.found": 1, "studies.found": 1}	{"cdr3": "CASSDEAEHLETQYF", "cdr3_old": "CASSDEAEHLETQYF", "fixNeeded": false, "good": true, "jCanonical": true, "jFixType": "NoFixNeeded", "jId": "TRBJ2-5*01", "jStart": 10, "vCanonical": true, "vEnd": 4, "vFixType": "NoFixNeeded", "vId": "TRBV2*01"}	0
6540	TRB	CASSDEAEHQETQYF	TRBV2*01	TRBJ2-5*01	HomoSapiens	HLA-E*01:03	B2M	MHCI	VMTTVLATL	Rv1734c	M.tuberculosis	PMID:38439958	{"identification": "tetramer-sort", "frequency": "", "singlecell": "", "sequencing": "sanger", "verification": ""}	{"study.id": "", "cell.subset": "CD8+", "subject.cohort": "LTBI", "subject.id": "", "replica.id": "", "clone.id": "", "epitope.id": "", "tissue": "PBMC", "donor.MHC": "", "donor.MHC.method": "", "structure.id": "", "samples.found": 1, "studies.found": 1}	{"cdr3": "CASSDEAEHQETQYF", "cdr3_old": "CASSDEAEHQETQYF", "fixNeeded": false, "good": true, "jCanonical": true, "jFixType": "NoFixNeeded", "jId": "TRBJ2-5*01", "jStart": 9, "vCanonical": true, "vEnd": 4, "vFixType": "NoFixNeeded", "vId": "TRBV2*01"}	0
6541	TRB	CASSDEAELLETQYF	TRBV2*01	TRBJ2-5*01	HomoSapiens	HLA-E*01:03	B2M	MHCI	VMTTVLATL	Rv1734c	M.tuberculosis	PMID:38439958	{"identification": "tetramer-sort", "frequency": "", "singlecell": "", "sequencing": "sanger", "verification": ""}	{"study.id": "", "cell.subset": "CD8+", "subject.cohort": "LTBI", "subject.id": "", "replica.id": "", "clone.id": "", "epitope.id": "", "tissue": "PBMC", "donor.MHC": "", "donor.MHC.method": "", "structure.id": "", "samples.found": 1, "studies.found": 1}	{"cdr3": "CASSDEAELLETQYF", "cdr3_old": "CASSDEAELLETQYF", "fixNeeded": false, "good": true, "jCanonical": true, "jFixType": "NoFixNeeded", "jId": "TRBJ2-5*01", "jStart": 10, "vCanonical": true, "vEnd": 4, "vFixType": "NoFixNeeded", "vId": "TRBV2*01"}	0
6542	TRB	CASSDISGREQYF	TRBV18*01	TRBJ2-7*01	HomoSapiens	HLA-E*01:03	B2M	MHCI	VMTTVLATL	Rv1734c	M.tuberculosis	PMID:38439958	{"identification": "tetramer-sort", "frequency": "", "singlecell": "", "sequencing": "sanger", "verification": ""}	{"study.id": "", "cell.subset": "CD8+", "subject.cohort": "LTBI", "subject.id": "", "replica.id": "", "clone.id": "", "epitope.id": "", "tissue": "PBMC", "donor.MHC": "", "donor.MHC.method": "", "structure.id": "", "samples.found": 1, "studies.found": 1}	{"cdr3": "CASSDISGREQYF", "cdr3_old": "CASSDISGREQYF", "fixNeeded": false, "good": true, "jCanonical": true, "jFixType": "NoFixNeeded", "jId": "TRBJ2-7*01", "jStart": 9, "vCanonical": true, "vEnd": 4, "vFixType": "NoFixNeeded", "vId": "TRBV18*01"}	0
6543	TRB	CASSDWNSQYNEQFF	TRBV6-4*01	TRBJ2-1*01	HomoSapiens	HLA-E*01:03	B2M	MHCI	VMTTVLATL	Rv1734c	M.tuberculosis	PMID:38439958	{"identification": "tetramer-sort", "frequency": "", "singlecell": "", "sequencing": "sanger", "verification": ""}	{"study.id": "", "cell.subset": "CD8+", "subject.cohort": "LTBI", "subject.id": "", "replica.id": "", "clone.id": "", "epitope.id": "", "tissue": "PBMC", "donor.MHC": "", "donor.MHC.method": "", "structure.id": "", "samples.found": 1, "studies.found": 1}	{"cdr3": "CASSDWNSQYNEQFF", "cdr3_old": "CASSDWNSQYNEQFF", "fixNeeded": false, "good": true, "jCanonical": true, "jFixType": "NoFixNeeded", "jId": "TRBJ2-1*01", "jStart": 9, "vCanonical": true, "vEnd": 5, "vFixType": "NoFixNeeded", "vId": "TRBV6-4*01"}	0
6544	TRB	CASSDWTQRAFF	TRBV2*01	TRBJ1-1*01	HomoSapiens	HLA-E*01:03	B2M	MHCI	VMTTVLATL	Rv1734c	M.tuberculosis	PMID:38439958	{"identification": "tetramer-sort", "frequency": "", "singlecell": "", "sequencing": "sanger", "verification": ""}	{"study.id": "", "cell.subset": "CD8+", "subject.cohort": "LTBI", "subject.id": "", "replica.id": "", "clone.id": "", "epitope.id": "", "tissue": "PBMC", "donor.MHC": "", "donor.MHC.method": "", "structure.id": "", "samples.found": 1, "studies.found": 1}	{"cdr3": "CASSDWTQRAFF", "cdr3_old": "CASSDWTQRAFF", "fixNeeded": false, "good": true, "jCanonical": true, "jFixType": "NoFixNeeded", "jId": "TRBJ1-1*01", "jStart": 9, "vCanonical": true, "vEnd": 4, "vFixType": "NoFixNeeded", "vId": "TRBV2*01"}	0
6545	TRB	CASSEENTEAFF	TRBV19*01	TRBJ1-1*01	HomoSapiens	HLA-E*01:03	B2M	MHCI	VMTTVLATL	Rv1734c	M.tuberculosis	PMID:38439958	{"identification": "tetramer-sort", "frequency": "", "singlecell": "", "sequencing": "sanger", "verification": ""}	{"study.id": "", "cell.subset": "CD8+", "subject.cohort": "LTBI", "subject.id": "", "replica.id": "", "clone.id": "", "epitope.id": "", "tissue": "PBMC", "donor.MHC": "", "donor.MHC.method": "", "structure.id": "", "samples.found": 1, "studies.found": 1}	{"cdr3": "CASSEENTEAFF", "cdr3_old": "CASSEENTEAFF", "fixNeeded": false, "good": true, "jCanonical": true, "jFixType": "NoFixNeeded", "jId": "TRBJ1-1*01", "jStart": 6, "vCanonical": true, "vEnd": 4, "vFixType": "NoFixNeeded", "vId": "TRBV19*01"}	0
6546	TRB	CASSESGGNNEAFF	TRBV25-1*01	TRBJ1-1*01	HomoSapiens	HLA-E*01:03	B2M	MHCI	VMTTVLATL	Rv1734c	M.tuberculosis	PMID:38439958	{"identification": "tetramer-sort", "frequency": "", "singlecell": "", "sequencing": "sanger", "verification": ""}	{"study.id": "", "cell.subset": "CD8+", "subject.cohort": "LTBI", "subject.id": "", "replica.id": "", "clone.id": "", "epitope.id": "", "tissue": "PBMC", "donor.MHC": "", "donor.MHC.method": "", "structure.id": "", "samples.found": 1, "studies.found": 1}	{"cdr3": "CASSESGGNNEAFF", "cdr3_old": "CASSESGGNNEAFF", "fixNeeded": false, "good": true, "jCanonical": true, "jFixType": "NoFixNeeded", "jId": "TRBJ1-1*01", "jStart": 10, "vCanonical": true, "vEnd": 5, "vFixType": "NoFixNeeded", "vId": "TRBV25-1*01"}	0
6547	TRB	CASSGPGVNTEAFF	TRBV10-1*01	TRBJ1-1*01	HomoSapiens	HLA-E*01:03	B2M	MHCI	VMTTVLATL	Rv1734c	M.tuberculosis	PMID:38439958	{"identification": "tetramer-sort", "frequency": "", "singlecell": "", "sequencing": "sanger", "verification": ""}	{"study.id": "", "cell.subset": "CD8+", "subject.cohort": "LTBI", "subject.id": "", "replica.id": "", "clone.id": "", "epitope.id": "", "tissue": "PBMC", "donor.MHC": "", "donor.MHC.method": "", "structure.id": "", "samples.found": 1, "studies.found": 1}	{"cdr3": "CASSGPGVNTEAFF", "cdr3_old": "CASSGPGVNTEAFF", "fixNeeded": false, "good": true, "jCanonical": true, "jFixType": "NoFixNeeded", "jId": "TRBJ1-1*01", "jStart": 8, "vCanonical": true, "vEnd": 4, "vFixType": "NoFixNeeded", "vId": "TRBV10-1*01"}	0
6548	TRB	CASSLASYNEQFF	TRBV13*01	TRBJ2-1*01	HomoSapiens	HLA-E*01:03	B2M	MHCI	VMTTVLATL	Rv1734c	M.tuberculosis	PMID:38439958	{"identification": "tetramer-sort", "frequency": "", "singlecell": "", "sequencing": "sanger", "verification": ""}	{"study.id": "", "cell.subset": "CD8+", "subject.cohort": "LTBI", "subject.id": "", "replica.id": "", "clone.id": "", "epitope.id": "", "tissue": "PBMC", "donor.MHC": "", "donor.MHC.method": "", "structure.id": "", "samples.found": 1, "studies.found": 1}	{"cdr3": "CASSLASYNEQFF", "cdr3_old": "CASSLASYNEQFF", "fixNeeded": false, "good": true, "jCanonical": true, "jFixType": "NoFixNeeded", "jId": "TRBJ2-1*01", "jStart": 6, "vCanonical": true, "vEnd": 5, "vFixType": "NoFixNeeded", "vId": "TRBV13*01"}	0
6549	TRB	CASSLEGTPQYEQYF	TRBV11-2*01	TRBJ2-7*01	HomoSapiens	HLA-E*01:03	B2M	MHCI	VMTTVLATL	Rv1734c	M.tuberculosis	PMID:38439958	{"identification": "tetramer-sort", "frequency": "", "singlecell": "", "sequencing": "sanger", "verification": ""}	{"study.id": "", "cell.subset": "CD8+", "subject.cohort": "LTBI", "subject.id": "", "replica.id": "", "clone.id": "", "epitope.id": "", "tissue": "PBMC", "donor.MHC": "", "donor.MHC.method": "", "structure.id": "", "samples.found": 1, "studies.found": 1}	{"cdr3": "CASSLEGTPQYEQYF", "cdr3_old": "CASSLEGTPQYEQYF", "fixNeeded": false, "good": true, "jCanonical": true, "jFixType": "NoFixNeeded", "jId": "TRBJ2-7*01", "jStart": 10, "vCanonical": true, "vEnd": 5, "vFixType": "NoFixNeeded", "vId": "TRBV11-2*01"}	0
6550	TRB	CASSMETRIGELYF	TRBV19*01	TRBJ2-7*01	HomoSapiens	HLA-E*01:03	B2M	MHCI	VMTTVLATL	Rv1734c	M.tuberculosis	PMID:38439958	{"identification": "tetramer-sort", "frequency": "", "singlecell": "", "sequencing": "sanger", "verification": ""}	{"study.id": "", "cell.subset": "CD8+", "subject.cohort": "LTBI", "subject.id": "", "replica.id": "", "clone.id": "", "epitope.id": "", "tissue": "PBMC", "donor.MHC": "", "donor.MHC.method": "", "structure.id": "", "samples.found": 1, "studies.found": 1}	{"cdr3": "CASSMETRIGELYF", "cdr3_old": "CASSMETRIGELYF", "fixNeeded": false, "good": true, "jCanonical": true, "jFixType": "NoFixNeeded", "jId": "TRBJ2-7*01", "jStart": 12, "vCanonical": true, "vEnd": 4, "vFixType": "NoFixNeeded", "vId": "TRBV19*01"}	0
6551	TRB	CASSMETRIGEQYF	TRBV19*01	TRBJ2-7*01	HomoSapiens	HLA-E*01:03	B2M	MHCI	VMTTVLATL	Rv1734c	M.tuberculosis	PMID:38439958	{"identification": "tetramer-sort", "frequency": "", "singlecell": "", "sequencing": "sanger", "verification": ""}	{"study.id": "", "cell.subset": "CD8+", "subject.cohort": "LTBI", "subject.id": "", "replica.id": "", "clone.id": "", "epitope.id": "", "tissue": "PBMC", "donor.MHC": "", "donor.MHC.method": "", "structure.id": "", "samples.found": 1, "studies.found": 1}	{"cdr3": "CASSMETRIGEQYF", "cdr3_old": "CASSMETRIGEQYF", "fixNeeded": false, "good": true, "jCanonical": true, "jFixType": "NoFixNeeded", "jId": "TRBJ2-7*01", "jStart": 10, "vCanonical": true, "vEnd": 4, "vFixType": "NoFixNeeded", "vId": "TRBV19*01"}	0
6552	TRB	CASSPTPSGVNTGELFF	TRBV12-3*01	TRBJ2-2*01	HomoSapiens	HLA-E*01:03	B2M	MHCI	VMTTVLATL	Rv1734c	M.tuberculosis	PMID:38439958	{"identification": "tetramer-sort", "frequency": "", "singlecell": "", "sequencing": "sanger", "verification": ""}	{"study.id": "", "cell.subset": "CD8+", "subject.cohort": "LTBI", "subject.id": "", "replica.id": "", "clone.id": "", "epitope.id": "", "tissue": "PBMC", "donor.MHC": "", "donor.MHC.method": "", "structure.id": "", "samples.found": 1, "studies.found": 1}	{"cdr3": "CASSPTPSGVNTGELFF", "cdr3_old": "CASSPTPSGVNTGELFF", "fixNeeded": false, "good": true, "jCanonical": true, "jFixType": "NoFixNeeded", "jId": "TRBJ2-2*01", "jStart": 10, "vCanonical": true, "vEnd": 4, "vFixType": "NoFixNeeded", "vId": "TRBV12-3*01"}	0
6553	TRB	CASSQTGRETQYF	TRBV12-3*01	TRBJ2-5*01	HomoSapiens	HLA-E*01:03	B2M	MHCI	VMTTVLATL	Rv1734c	M.tuberculosis	PMID:38439958	{"identification": "tetramer-sort", "frequency": "", "singlecell": "", "sequencing": "sanger", "verification": ""}	{"study.id": "", "cell.subset": "CD8+", "subject.cohort": "LTBI", "subject.id": "", "replica.id": "", "clone.id": "", "epitope.id": "", "tissue": "PBMC", "donor.MHC": "", "donor.MHC.method": "", "structure.id": "", "samples.found": 1, "studies.found": 1}	{"cdr3": "CASSQTGRETQYF", "cdr3_old": "CASSQTGRETQYF", "fixNeeded": false, "good": true, "jCanonical": true, "jFixType": "NoFixNeeded", "jId": "TRBJ2-5*01", "jStart": 8, "vCanonical": true, "vEnd": 4, "vFixType": "NoFixNeeded", "vId": "TRBV12-3*01"}	0
6554	TRB	CASSVRRDEANPGELFF	TRBV9*01	TRBJ2-2*01	HomoSapiens	HLA-E*01:03	B2M	MHCI	VMTTVLATL	Rv1734c	M.tuberculosis	PMID:38439958	{"identification": "tetramer-sort", "frequency": "", "singlecell": "", "sequencing": "sanger", "verification": ""}	{"study.id": "", "cell.subset": "CD8+", "subject.cohort": "LTBI", "subject.id": "", "replica.id": "", "clone.id": "", "epitope.id": "", "tissue": "PBMC", "donor.MHC": "", "donor.MHC.method": "", "structure.id": "", "samples.found": 1, "studies.found": 1}	{"cdr3": "CASSVRRDEANPGELFF", "cdr3_old": "CASSVRRDEANPGELFF", "fixNeeded": false, "good": true, "jCanonical": true, "jFixType": "NoFixNeeded", "jId": "TRBJ2-2*01", "jStart": 12, "vCanonical": true, "vEnd": 5, "vFixType": "NoFixNeeded", "vId": "TRBV9*01"}	0
6555	TRB	CASSVRRDEANTGELFF	TRBV9*01	TRBJ2-2*01	HomoSapiens	HLA-E*01:03	B2M	MHCI	VMTTVLATL	Rv1734c	M.tuberculosis	PMID:38439958	{"identification": "tetramer-sort", "frequency": "", "singlecell": "", "sequencing": "sanger", "verification": ""}	{"study.id": "", "cell.subset": "CD8+", "subject.cohort": "LTBI", "subject.id": "", "replica.id": "", "clone.id": "", "epitope.id": "", "tissue": "PBMC", "donor.MHC": "", "donor.MHC.method": "", "structure.id": "", "samples.found": 1, "studies.found": 1}	{"cdr3": "CASSVRRDEANTGELFF", "cdr3_old": "CASSVRRDEANTGELFF", "fixNeeded": false, "good": true, "jCanonical": true, "jFixType": "NoFixNeeded", "jId": "TRBJ2-2*01", "jStart": 10, "vCanonical": true, "vEnd": 5, "vFixType": "NoFixNeeded", "vId": "TRBV9*01"}	0
6556	TRB	CATSPTGLNTEAFF	TRBV24-1*01	TRBJ1-1*01	HomoSapiens	HLA-E*01:03	B2M	MHCI	VMTTVLATL	Rv1734c	M.tuberculosis	PMID:38439958	{"identification": "tetramer-sort", "frequency": "", "singlecell": "", "sequencing": "sanger", "verification": ""}	{"study.id": "", "cell.subset": "CD8+", "subject.cohort": "LTBI", "subject.id": "", "replica.id": "", "clone.id": "", "epitope.id": "", "tissue": "PBMC", "donor.MHC": "", "donor.MHC.method": "", "structure.id": "", "samples.found": 1, "studies.found": 1}	{"cdr3": "CATSPTGLNTEAFF", "cdr3_old": "CATSPTGLNTEAFF", "fixNeeded": false, "good": true, "jCanonical": true, "jFixType": "NoFixNeeded", "jId": "TRBJ1-1*01", "jStart": 8, "vCanonical": true, "vEnd": 4, "vFixType": "NoFixNeeded", "vId": "TRBV24-1*01"}	0
6558	TRB	CAIRTGEKDEQYF	TRBV10-3*01	TRBJ2-7*01	HomoSapiens	HLA-E*01:03	B2M	MHCI	VMTTVLATL	Rv1734c	M.tuberculosis	PMID:38439958	{"identification": "tetramer-sort", "frequency": "", "singlecell": "", "sequencing": "sanger", "verification": ""}	{"study.id": "", "cell.subset": "CD8+", "subject.cohort": "LTBI", "subject.id": "", "replica.id": "", "clone.id": "", "epitope.id": "", "tissue": "PBMC", "donor.MHC": "", "donor.MHC.method": "", "structure.id": "", "samples.found": 1, "studies.found": 1}	{"cdr3": "CAIRTGEKDEQYF", "cdr3_old": "CAIRTGEKDEQYF", "fixNeeded": false, "good": true, "jCanonical": true, "jFixType": "NoFixNeeded", "jId": "TRBJ2-7*01", "jStart": 9, "vCanonical": true, "vEnd": 3, "vFixType": "NoFixNeeded", "vId": "TRBV10-3*01"}	0
6559	TRB	CASRSDRKKQETQYF	TRBV6-2*01	TRBJ2-5*01	HomoSapiens	HLA-E*01:03	B2M	MHCI	VMTTVLATL	Rv1734c	M.tuberculosis	PMID:38439958	{"identification": "tetramer-sort", "frequency": "", "singlecell": "", "sequencing": "sanger", "verification": ""}	{"study.id": "", "cell.subset": "CD8+", "subject.cohort": "LTBI", "subject.id": "", "replica.id": "", "clone.id": "", "epitope.id": "", "tissue": "PBMC", "donor.MHC": "", "donor.MHC.method": "", "structure.id": "", "samples.found": 1, "studies.found": 1}	{"cdr3": "CASRSDRKKQETQYF", "cdr3_old": "CASRSDRKKQETQYF", "fixNeeded": false, "good": true, "jCanonical": true, "jFixType": "NoFixNeeded", "jId": "TRBJ2-5*01", "jStart": 9, "vCanonical": true, "vEnd": 3, "vFixType": "NoFixNeeded", "vId": "TRBV6-2*01"}	0
6560	TRB	CASSEEIHTEAFF	TRBV6-4*01	TRBJ1-1*01	HomoSapiens	HLA-E*01:03	B2M	MHCI	VMTTVLATL	Rv1734c	M.tuberculosis	PMID:38439958	{"identification": "tetramer-sort", "frequency": "", "singlecell": "", "sequencing": "sanger", "verification": ""}	{"study.id": "", "cell.subset": "CD8+", "subject.cohort": "LTBI", "subject.id": "", "replica.id": "", "clone.id": "", "epitope.id": "", "tissue": "PBMC", "donor.MHC": "", "donor.MHC.method": "", "structure.id": "", "samples.found": 1, "studies.found": 1}	{"cdr3": "CASSEEIHTEAFF", "cdr3_old": "CASSEEIHTEAFF", "fixNeeded": false, "good": true, "jCanonical": true, "jFixType": "NoFixNeeded", "jId": "TRBJ1-1*01", "jStart": 8, "vCanonical": true, "vEnd": 4, "vFixType": "NoFixNeeded", "vId": "TRBV6-4*01"}	0
6561	TRB	CASSIGLRGNQPQHF	TRBV19*01	TRBJ1-5*01	HomoSapiens	HLA-E*01:03	B2M	MHCI	VMTTVLATL	Rv1734c	M.tuberculosis	PMID:38439958	{"identification": "tetramer-sort", "frequency": "", "singlecell": "", "sequencing": "sanger", "verification": ""}	{"study.id": "", "cell.subset": "CD8+", "subject.cohort": "LTBI", "subject.id": "", "replica.id": "", "clone.id": "", "epitope.id": "", "tissue": "PBMC", "donor.MHC": "", "donor.MHC.method": "", "structure.id": "", "samples.found": 1, "studies.found": 1}	{"cdr3": "CASSIGLRGNQPQHF", "cdr3_old": "CASSIGLRGNQPQHF", "fixNeeded": false, "good": true, "jCanonical": true, "jFixType": "NoFixNeeded", "jId": "TRBJ1-5*01", "jStart": 9, "vCanonical": true, "vEnd": 5, "vFixType": "NoFixNeeded", "vId": "TRBV19*01"}	0
6562	TRB	CASSITRNTGELFF	TRBV5-6*01	TRBJ2-2*01	HomoSapiens	HLA-E*01:03	B2M	MHCI	VMTTVLATL	Rv1734c	M.tuberculosis	PMID:38439958	{"identification": "tetramer-sort", "frequency": "", "singlecell": "", "sequencing": "sanger", "verification": ""}	{"study.id": "", "cell.subset": "CD8+", "subject.cohort": "LTBI", "subject.id": "", "replica.id": "", "clone.id": "", "epitope.id": "", "tissue": "PBMC", "donor.MHC": "", "donor.MHC.method": "", "structure.id": "", "samples.found": 1, "studies.found": 1}	{"cdr3": "CASSITRNTGELFF", "cdr3_old": "CASSITRNTGELFF", "fixNeeded": false, "good": true, "jCanonical": true, "jFixType": "NoFixNeeded", "jId": "TRBJ2-2*01", "jStart": 7, "vCanonical": true, "vEnd": 4, "vFixType": "NoFixNeeded", "vId": "TRBV5-6*01"}	0
6563	TRB	CASSLFPLRYTEAFF	TRBV28*01	TRBJ1-1*01	HomoSapiens	HLA-E*01:03	B2M	MHCI	VMTTVLATL	Rv1734c	M.tuberculosis	PMID:38439958	{"identification": "tetramer-sort", "frequency": "", "singlecell": "", "sequencing": "sanger", "verification": ""}	{"study.id": "", "cell.subset": "CD8+", "subject.cohort": "LTBI", "subject.id": "", "replica.id": "", "clone.id": "", "epitope.id": "", "tissue": "PBMC", "donor.MHC": "", "donor.MHC.method": "", "structure.id": "", "samples.found": 1, "studies.found": 1}	{"cdr3": "CASSLFPLRYTEAFF", "cdr3_old": "CASSLFPLRYTEAFF", "fixNeeded": false, "good": true, "jCanonical": true, "jFixType": "NoFixNeeded", "jId": "TRBJ1-1*01", "jStart": 10, "vCanonical": true, "vEnd": 5, "vFixType": "NoFixNeeded", "vId": "TRBV28*01"}	0
6564	TRB	CASSLGDSGLTEAFF	TRBV5-6*01	TRBJ1-1*01	HomoSapiens	HLA-E*01:03	B2M	MHCI	VMTTVLATL	Rv1734c	M.tuberculosis	PMID:38439958	{"identification": "tetramer-sort", "frequency": "", "singlecell": "", "sequencing": "sanger", "verification": ""}	{"study.id": "", "cell.subset": "CD8+", "subject.cohort": "LTBI", "subject.id": "", "replica.id": "", "clone.id": "", "epitope.id": "", "tissue": "PBMC", "donor.MHC": "", "donor.MHC.method": "", "structure.id": "", "samples.found": 1, "studies.found": 1}	{"cdr3": "CASSLGDSGLTEAFF", "cdr3_old": "CASSLGDSGLTEAFF", "fixNeeded": false, "good": true, "jCanonical": true, "jFixType": "NoFixNeeded", "jId": "TRBJ1-1*01", "jStart": 10, "vCanonical": true, "vEnd": 5, "vFixType": "NoFixNeeded", "vId": "TRBV5-6*01"}	0
6565	TRB	CASSLPERATGELFF	TRBV28*01	TRBJ2-2*01	HomoSapiens	HLA-E*01:03	B2M	MHCI	VMTTVLATL	Rv1734c	M.tuberculosis	PMID:38439958	{"identification": "tetramer-sort", "frequency": "", "singlecell": "", "sequencing": "sanger", "verification": ""}	{"study.id": "", "cell.subset": "CD8+", "subject.cohort": "LTBI", "subject.id": "", "replica.id": "", "clone.id": "", "epitope.id": "", "tissue": "PBMC", "donor.MHC": "", "donor.MHC.method": "", "structure.id": "", "samples.found": 1, "studies.found": 1}	{"cdr3": "CASSLPERATGELFF", "cdr3_old": "CASSLPERATGELFF", "fixNeeded": false, "good": true, "jCanonical": true, "jFixType": "NoFixNeeded", "jId": "TRBJ2-2*01", "jStart": 9, "vCanonical": true, "vEnd": 5, "vFixType": "NoFixNeeded", "vId": "TRBV28*01"}	0
6566	TRB	CASSLPERSYNEQFF	TRBV28*01	TRBJ2-1*01	HomoSapiens	HLA-E*01:03	B2M	MHCI	VMTTVLATL	Rv1734c	M.tuberculosis	PMID:38439958	{"identification": "tetramer-sort", "frequency": "", "singlecell": "", "sequencing": "sanger", "verification": ""}	{"study.id": "", "cell.subset": "CD8+", "subject.cohort": "LTBI", "subject.id": "", "replica.id": "", "clone.id": "", "epitope.id": "", "tissue": "PBMC", "donor.MHC": "", "donor.MHC.method": "", "structure.id": "", "samples.found": 1, "studies.found": 1}	{"cdr3": "CASSLPERSYNEQFF", "cdr3_old": "CASSLPERSYNEQFF", "fixNeeded": false, "good": true, "jCanonical": true, "jFixType": "NoFixNeeded", "jId": "TRBJ2-1*01", "jStart": 8, "vCanonical": true, "vEnd": 5, "vFixType": "NoFixNeeded", "vId": "TRBV28*01"}	0
6567	TRB	CASSQDLAGGTDTQYF	TRBV4-2*01	TRBJ2-3*01	HomoSapiens	HLA-E*01:03	B2M	MHCI	VMTTVLATL	Rv1734c	M.tuberculosis	PMID:38439958	{"identification": "tetramer-sort", "frequency": "", "singlecell": "", "sequencing": "sanger", "verification": ""}	{"study.id": "", "cell.subset": "CD8+", "subject.cohort": "LTBI", "subject.id": "", "replica.id": "", "clone.id": "", "epitope.id": "", "tissue": "PBMC", "donor.MHC": "", "donor.MHC.method": "", "structure.id": "", "samples.found": 1, "studies.found": 1}	{"cdr3": "CASSQDLAGGTDTQYF", "cdr3_old": "CASSQDLAGGTDTQYF", "fixNeeded": false, "good": true, "jCanonical": true, "jFixType": "NoFixNeeded", "jId": "TRBJ2-3*01", "jStart": 10, "vCanonical": true, "vEnd": 5, "vFixType": "NoFixNeeded", "vId": "TRBV4-2*01"}	0
6568	TRB	CASSQDQVRRDLTYEQYF	TRBV4-1*01	TRBJ2-7*01	HomoSapiens	HLA-E*01:03	B2M	MHCI	VMTTVLATL	Rv1734c	M.tuberculosis	PMID:38439958	{"identification": "tetramer-sort", "frequency": "", "singlecell": "", "sequencing": "sanger", "verification": ""}	{"study.id": "", "cell.subset": "CD8+", "subject.cohort": "LTBI", "subject.id": "", "replica.id": "", "clone.id": "", "epitope.id": "", "tissue": "PBMC", "donor.MHC": "", "donor.MHC.method": "", "structure.id": "", "samples.found": 1, "studies.found": 1}	{"cdr3": "CASSQDQVRRDLTYEQYF", "cdr3_old": "CASSQDQVRRDLTYEQYF", "fixNeeded": false, "good": true, "jCanonical": true, "jFixType": "NoFixNeeded", "jId": "TRBJ2-7*01", "jStart": 13, "vCanonical": true, "vEnd": 5, "vFixType": "NoFixNeeded", "vId": "TRBV4-1*01"}	0
6569	TRB	CASSTGGYTEAFF	TRBV27*01	TRBJ1-1*01	HomoSapiens	HLA-E*01:03	B2M	MHCI	VMTTVLATL	Rv1734c	M.tuberculosis	PMID:38439958	{"identification": "tetramer-sort", "frequency": "", "singlecell": "", "sequencing": "sanger", "verification": ""}	{"study.id": "", "cell.subset": "CD8+", "subject.cohort": "LTBI", "subject.id": "", "replica.id": "", "clone.id": "", "epitope.id": "", "tissue": "PBMC", "donor.MHC": "", "donor.MHC.method": "", "structure.id": "", "samples.found": 1, "studies.found": 1}	{"cdr3": "CASSTGGYTEAFF", "cdr3_old": "CASSTGGYTEAFF", "fixNeeded": false, "good": true, "jCanonical": true, "jFixType": "NoFixNeeded", "jId": "TRBJ1-1*01", "jStart": 8, "vCanonical": true, "vEnd": 4, "vFixType": "NoFixNeeded", "vId": "TRBV27*01"}	0
6571	TRB	CAWSSPGTESTDTQYF	TRBV30*01	TRBJ2-3*01	HomoSapiens	HLA-E*01:03	B2M	MHCI	VMTTVLATL	Rv1734c	M.tuberculosis	PMID:38439958	{"identification": "tetramer-sort", "frequency": "", "singlecell": "", "sequencing": "sanger", "verification": ""}	{"study.id": "", "cell.subset": "CD8+", "subject.cohort": "LTBI", "subject.id": "", "replica.id": "", "clone.id": "", "epitope.id": "", "tissue": "PBMC", "donor.MHC": "", "donor.MHC.method": "", "structure.id": "", "samples.found": 1, "studies.found": 1}	{"cdr3": "CAWSSPGTESTDTQYF", "cdr3_old": "CAWSSPGTESTDTQYF", "fixNeeded": false, "good": true, "jCanonical": true, "jFixType": "NoFixNeeded", "jId": "TRBJ2-3*01", "jStart": 9, "vCanonical": true, "vEnd": 4, "vFixType": "NoFixNeeded", "vId": "TRBV30*01"}	0
6572	TRB	CSPLGPFHPSEAFF	TRBV29-1*01	TRBJ1-1*01	HomoSapiens	HLA-E*01:03	B2M	MHCI	VMTTVLATL	Rv1734c	M.tuberculosis	PMID:38439958	{"identification": "tetramer-sort", "frequency": "", "singlecell": "", "sequencing": "sanger", "verification": ""}	{"study.id": "", "cell.subset": "CD8+", "subject.cohort": "LTBI", "subject.id": "", "replica.id": "", "clone.id": "", "epitope.id": "", "tissue": "PBMC", "donor.MHC": "", "donor.MHC.method": "", "structure.id": "", "samples.found": 1, "studies.found": 1}	{"cdr3": "CSPLGPFHPSEAFF", "cdr3_old": "CSPLGPFHPSEAFF", "fixNeeded": false, "good": true, "jCanonical": true, "jFixType": "NoFixNeeded", "jId": "TRBJ1-1*01", "jStart": 10, "vCanonical": true, "vEnd": 2, "vFixType": "NoFixNeeded", "vId": "TRBV29-1*01"}	0
6573	TRB	CSPLGPFHPTEAFF	TRBV29-1*01	TRBJ1-1*01	HomoSapiens	HLA-E*01:03	B2M	MHCI	VMTTVLATL	Rv1734c	M.tuberculosis	PMID:38439958	{"identification": "tetramer-sort", "frequency": "", "singlecell": "", "sequencing": "sanger", "verification": ""}	{"study.id": "", "cell.subset": "CD8+", "subject.cohort": "LTBI", "subject.id": "", "replica.id": "", "clone.id": "", "epitope.id": "", "tissue": "PBMC", "donor.MHC": "", "donor.MHC.method": "", "structure.id": "", "samples.found": 1, "studies.found": 1}	{"cdr3": "CSPLGPFHPTEAFF", "cdr3_old": "CSPLGPFHPTEAFF", "fixNeeded": false, "good": true, "jCanonical": true, "jFixType": "NoFixNeeded", "jId": "TRBJ1-1*01", "jStart": 9, "vCanonical": true, "vEnd": 2, "vFixType": "NoFixNeeded", "vId": "TRBV29-1*01"}	0
6574	TRB	CSVEGGGFYEQYF	TRBV29-1*01	TRBJ2-7*01	HomoSapiens	HLA-E*01:03	B2M	MHCI	VMTTVLATL	Rv1734c	M.tuberculosis	PMID:38439958	{"identification": "tetramer-sort", "frequency": "", "singlecell": "", "sequencing": "sanger", "verification": ""}	{"study.id": "", "cell.subset": "CD8+", "subject.cohort": "LTBI", "subject.id": "", "replica.id": "", "clone.id": "", "epitope.id": "", "tissue": "PBMC", "donor.MHC": "", "donor.MHC.method": "", "structure.id": "", "samples.found": 1, "studies.found": 1}	{"cdr3": "CSVEGGGFYEQYF", "cdr3_old": "CSVEGGGFYEQYF", "fixNeeded": false, "good": true, "jCanonical": true, "jFixType": "NoFixNeeded", "jId": "TRBJ2-7*01", "jStart": 8, "vCanonical": true, "vEnd": 4, "vFixType": "NoFixNeeded", "vId": "TRBV29-1*01"}	0
6575	TRB	CASAGDGDTQYF	TRBV12-5*01	TRBJ2-3*01	HomoSapiens	HLA-E*01:03	B2M	MHCI	VMTTVLATL	Rv1734c	M.tuberculosis	PMID:38439958	{"identification": "tetramer-sort", "frequency": "", "singlecell": "", "sequencing": "sanger", "verification": ""}	{"study.id": "", "cell.subset": "CD8+", "subject.cohort": "LTBI", "subject.id": "", "replica.id": "", "clone.id": "", "epitope.id": "", "tissue": "PBMC", "donor.MHC": "", "donor.MHC.method": "", "structure.id": "", "samples.found": 1, "studies.found": 1}	{"cdr3": "CASAGDGDTQYF", "cdr3_old": "CASAGDGDTQYF", "fixNeeded": false, "good": true, "jCanonical": true, "jFixType": "NoFixNeeded", "jId": "TRBJ2-3*01", "jStart": 7, "vCanonical": true, "vEnd": 3, "vFixType": "NoFixNeeded", "vId": "TRBV12-5*01"}	0
6576	TRB	CASCLGPGQRKGNSEAFF	TRBV12-3*01	TRBJ1-1*01	HomoSapiens	HLA-E*01:03	B2M	MHCI	VMTTVLATL	Rv1734c	M.tuberculosis	PMID:38439958	{"identification": "tetramer-sort", "frequency": "", "singlecell": "", "sequencing": "sanger", "verification": ""}	{"study.id": "", "cell.subset": "CD8+", "subject.cohort": "LTBI", "subject.id": "", "replica.id": "", "clone.id": "", "epitope.id": "", "tissue": "PBMC", "donor.MHC": "", "donor.MHC.method": "", "structure.id": "", "samples.found": 1, "studies.found": 1}	{"cdr3": "CASCLGPGQRKGNSEAFF", "cdr3_old": "CASCLGPGQRKGNSEAFF", "fixNeeded": false, "good": true, "jCanonical": true, "jFixType": "NoFixNeeded", "jId": "TRBJ1-1*01", "jStart": 14, "vCanonical": true, "vEnd": 3, "vFixType": "NoFixNeeded", "vId": "TRBV12-3*01"}	0
6577	TRB	CASRRLTSADSYEQYF	TRBV27*01	TRBJ2-7*01	HomoSapiens	HLA-E*01:03	B2M	MHCI	VMTTVLATL	Rv1734c	M.tuberculosis	PMID:38439958	{"identification": "tetramer-sort", "frequency": "", "singlecell": "", "sequencing": "sanger", "verification": ""}	{"study.id": "", "cell.subset": "CD8+", "subject.cohort": "LTBI", "subject.id": "", "replica.id": "", "clone.id": "", "epitope.id": "", "tissue": "PBMC", "donor.MHC": "", "donor.MHC.method": "", "structure.id": "", "samples.found": 1, "studies.found": 1}	{"cdr3": "CASRRLTSADSYEQYF", "cdr3_old": "CASRRLTSADSYEQYF", "fixNeeded": false, "good": true, "jCanonical": true, "jFixType": "NoFixNeeded", "jId": "TRBJ2-7*01", "jStart": 10, "vCanonical": true, "vEnd": 3, "vFixType": "NoFixNeeded", "vId": "TRBV27*01"}	0
6578	TRB	CASSEATGGNSPLHF	TRBV2*01	TRBJ1-6*01	HomoSapiens	HLA-E*01:03	B2M	MHCI	VMTTVLATL	Rv1734c	M.tuberculosis	PMID:38439958	{"identification": "tetramer-sort", "frequency": "", "singlecell": "", "sequencing": "sanger", "verification": ""}	{"study.id": "", "cell.subset": "CD8+", "subject.cohort": "LTBI", "subject.id": "", "replica.id": "", "clone.id": "", "epitope.id": "", "tissue": "PBMC", "donor.MHC": "", "donor.MHC.method": "", "structure.id": "", "samples.found": 1, "studies.found": 1}	{"cdr3": "CASSEATGGNSPLHF", "cdr3_old": "CASSEATGGNSPLHF", "fixNeeded": false, "good": true, "jCanonical": true, "jFixType": "NoFixNeeded", "jId": "TRBJ1-6*01", "jStart": 9, "vCanonical": true, "vEnd": 5, "vFixType": "NoFixNeeded", "vId": "TRBV2*01"}	0
6579	TRB	CASSFGQEPTGELFF	TRBV6-2*01	TRBJ2-2*01	HomoSapiens	HLA-E*01:03	B2M	MHCI	VMTTVLATL	Rv1734c	M.tuberculosis	PMID:38439958	{"identification": "tetramer-sort", "frequency": "", "singlecell": "", "sequencing": "sanger", "verification": ""}	{"study.id": "", "cell.subset": "CD8+", "subject.cohort": "LTBI", "subject.id": "", "replica.id": "", "clone.id": "", "epitope.id": "", "tissue": "PBMC", "donor.MHC": "", "donor.MHC.method": "", "structure.id": "", "samples.found": 1, "studies.found": 1}	{"cdr3": "CASSFGQEPTGELFF", "cdr3_old": "CASSFGQEPTGELFF", "fixNeeded": false, "good": true, "jCanonical": true, "jFixType": "NoFixNeeded", "jId": "TRBJ2-2*01", "jStart": 9, "vCanonical": true, "vEnd": 4, "vFixType": "NoFixNeeded", "vId": "TRBV6-2*01"}	0
6580	TRB	CASSFSGSMRADTEAFF	TRBV5-1*01	TRBJ1-1*01	HomoSapiens	HLA-E*01:03	B2M	MHCI	VMTTVLATL	Rv1734c	M.tuberculosis	PMID:38439958	{"identification": "tetramer-sort", "frequency": "", "singlecell": "", "sequencing": "sanger", "verification": ""}	{"study.id": "", "cell.subset": "CD8+", "subject.cohort": "LTBI", "subject.id": "", "replica.id": "", "clone.id": "", "epitope.id": "", "tissue": "PBMC", "donor.MHC": "", "donor.MHC.method": "", "structure.id": "", "samples.found": 1, "studies.found": 1}	{"cdr3": "CASSFSGSMRADTEAFF", "cdr3_old": "CASSFSGSMRADTEAFF", "fixNeeded": false, "good": true, "jCanonical": true, "jFixType": "NoFixNeeded", "jId": "TRBJ1-1*01", "jStart": 12, "vCanonical": true, "vEnd": 4, "vFixType": "NoFixNeeded", "vId": "TRBV5-1*01"}	0
6581	TRB	CASSLEEGLSGNTIYF	TRBV5-1*01	TRBJ1-3*01	HomoSapiens	HLA-E*01:03	B2M	MHCI	VMTTVLATL	Rv1734c	M.tuberculosis	PMID:38439958	{"identification": "tetramer-sort", "frequency": "", "singlecell": "", "sequencing": "sanger", "verification": ""}	{"study.id": "", "cell.subset": "CD8+", "subject.cohort": "LTBI", "subject.id": "", "replica.id": "", "clone.id": "", "epitope.id": "", "tissue": "PBMC", "donor.MHC": "", "donor.MHC.method": "", "structure.id": "", "samples.found": 1, "studies.found": 1}	{"cdr3": "CASSLEEGLSGNTIYF", "cdr3_old": "CASSLEEGLSGNTIYF", "fixNeeded": false, "good": true, "jCanonical": true, "jFixType": "NoFixNeeded", "jId": "TRBJ1-3*01", "jStart": 9, "vCanonical": true, "vEnd": 5, "vFixType": "NoFixNeeded", "vId": "TRBV5-1*01"}	0
6582	TRB	CASSLGHPSWYEQYF	TRBV12-3*01	TRBJ2-7*01	HomoSapiens	HLA-E*01:03	B2M	MHCI	VMTTVLATL	Rv1734c	M.tuberculosis	PMID:38439958	{"identification": "tetramer-sort", "frequency": "", "singlecell": "", "sequencing": "sanger", "verification": ""}	{"study.id": "", "cell.subset": "CD8+", "subject.cohort": "LTBI", "subject.id": "", "replica.id": "", "clone.id": "", "epitope.id": "", "tissue": "PBMC", "donor.MHC": "", "donor.MHC.method": "", "structure.id": "", "samples.found": 1, "studies.found": 1}	{"cdr3": "CASSLGHPSWYEQYF", "cdr3_old": "CASSLGHPSWYEQYF", "fixNeeded": false, "good": true, "jCanonical": true, "jFixType": "NoFixNeeded", "jId": "TRBJ2-7*01", "jStart": 10, "vCanonical": true, "vEnd": 5, "vFixType": "NoFixNeeded", "vId": "TRBV12-3*01"}	0
6583	TRB	CASSLVFVGTSRTDTQYF	TRBV7-2*01	TRBJ2-3*01	HomoSapiens	HLA-E*01:03	B2M	MHCI	VMTTVLATL	Rv1734c	M.tuberculosis	PMID:38439958	{"identification": "tetramer-sort", "frequency": "", "singlecell": "", "sequencing": "sanger", "verification": ""}	{"study.id": "", "cell.subset": "CD8+", "subject.cohort": "LTBI", "subject.id": "", "replica.id": "", "clone.id": "", "epitope.id": "", "tissue": "PBMC", "donor.MHC": "", "donor.MHC.method": "", "structure.id": "", "samples.found": 1, "studies.found": 1}	{"cdr3": "CASSLVFVGTSRTDTQYF", "cdr3_old": "CASSLVFVGTSRTDTQYF", "fixNeeded": false, "good": true, "jCanonical": true, "jFixType": "NoFixNeeded", "jId": "TRBJ2-3*01", "jStart": 12, "vCanonical": true, "vEnd": 5, "vFixType": "NoFixNeeded", "vId": "TRBV7-2*01"}	0
6584	TRB	CASSLVPINELFF	TRBV14*01	TRBJ2-1*01	HomoSapiens	HLA-E*01:03	B2M	MHCI	VMTTVLATL	Rv1734c	M.tuberculosis	PMID:38439958	{"identification": "tetramer-sort", "frequency": "", "singlecell": "", "sequencing": "sanger", "verification": ""}	{"study.id": "", "cell.subset": "CD8+", "subject.cohort": "LTBI", "subject.id": "", "replica.id": "", "clone.id": "", "epitope.id": "", "tissue": "PBMC", "donor.MHC": "", "donor.MHC.method": "", "structure.id": "", "samples.found": 1, "studies.found": 1}	{"cdr3": "CASSLVPINELFF", "cdr3_old": "CASSLVPINELFF", "fixNeeded": false, "good": true, "jCanonical": true, "jFixType": "NoFixNeeded", "jId": "TRBJ2-1*01", "jStart": 11, "vCanonical": true, "vEnd": 4, "vFixType": "NoFixNeeded", "vId": "TRBV14*01"}	0
6585	TRB	CASSPTSGGLNSGELFF	TRBV5-4*01	TRBJ2-2*01	HomoSapiens	HLA-E*01:03	B2M	MHCI	VMTTVLATL	Rv1734c	M.tuberculosis	PMID:38439958	{"identification": "tetramer-sort", "frequency": "", "singlecell": "", "sequencing": "sanger", "verification": ""}	{"study.id": "", "cell.subset": "CD8+", "subject.cohort": "LTBI", "subject.id": "", "replica.id": "", "clone.id": "", "epitope.id": "", "tissue": "PBMC", "donor.MHC": "", "donor.MHC.method": "", "structure.id": "", "samples.found": 1, "studies.found": 1}	{"cdr3": "CASSPTSGGLNSGELFF", "cdr3_old": "CASSPTSGGLNSGELFF", "fixNeeded": false, "good": true, "jCanonical": true, "jFixType": "NoFixNeeded", "jId": "TRBJ2-2*01", "jStart": 12, "vCanonical": true, "vEnd": 4, "vFixType": "NoFixNeeded", "vId": "TRBV5-4*01"}	0
6586	TRB	CASSVSDRVYGYTF	TRBV9*01	TRBJ1-2*01	HomoSapiens	HLA-E*01:03	B2M	MHCI	VMTTVLATL	Rv1734c	M.tuberculosis	PMID:38439958	{"identification": "tetramer-sort", "frequency": "", "singlecell": "", "sequencing": "sanger", "verification": ""}	{"study.id": "", "cell.subset": "CD8+", "subject.cohort": "LTBI", "subject.id": "", "replica.id": "", "clone.id": "", "epitope.id": "", "tissue": "PBMC", "donor.MHC": "", "donor.MHC.method": "", "structure.id": "", "samples.found": 1, "studies.found": 1}	{"cdr3": "CASSVSDRVYGYTF", "cdr3_old": "CASSVSDRVYGYTF", "fixNeeded": false, "good": true, "jCanonical": true, "jFixType": "NoFixNeeded", "jId": "TRBJ1-2*01", "jStart": 9, "vCanonical": true, "vEnd": 5, "vFixType": "NoFixNeeded", "vId": "TRBV9*01"}	0
6587	TRB	CACSVIAGPTDTQYF	TRBV28*01	TRBJ2-3*01	HomoSapiens	HLA-E*01:03	B2M	MHCI	VMTTVLATL	Rv1734c	M.tuberculosis	PMID:38439958	{"identification": "tetramer-sort", "frequency": "", "singlecell": "", "sequencing": "sanger", "verification": ""}	{"study.id": "", "cell.subset": "CD8+", "subject.cohort": "LTBI", "subject.id": "", "replica.id": "", "clone.id": "", "epitope.id": "", "tissue": "PBMC", "donor.MHC": "", "donor.MHC.method": "", "structure.id": "", "samples.found": 1, "studies.found": 1}	{"cdr3": "CACSVIAGPTDTQYF", "cdr3_old": "CACSVIAGPTDTQYF", "fixNeeded": false, "good": true, "jCanonical": true, "jFixType": "NoFixNeeded", "jId": "TRBJ2-3*01", "jStart": 9, "vCanonical": true, "vEnd": 2, "vFixType": "NoFixNeeded", "vId": "TRBV28*01"}	0
6588	TRB	CAITAVNTGELFF	TRBV10-3*01	TRBJ2-2*01	HomoSapiens	HLA-E*01:03	B2M	MHCI	VMTTVLATL	Rv1734c	M.tuberculosis	PMID:38439958	{"identification": "tetramer-sort", "frequency": "", "singlecell": "", "sequencing": "sanger", "verification": ""}	{"study.id": "", "cell.subset": "CD8+", "subject.cohort": "LTBI", "subject.id": "", "replica.id": "", "clone.id": "", "epitope.id": "", "tissue": "PBMC", "donor.MHC": "", "donor.MHC.method": "", "structure.id": "", "samples.found": 1, "studies.found": 1}	{"cdr3": "CAITAVNTGELFF", "cdr3_old": "CAITAVNTGELFF", "fixNeeded": false, "good": true, "jCanonical": true, "jFixType": "NoFixNeeded", "jId": "TRBJ2-2*01", "jStart": 6, "vCanonical": true, "vEnd": 3, "vFixType": "NoFixNeeded", "vId": "TRBV10-3*01"}	0
6589	TRB	CALGLAGGTGELFF	TRBV2*01	TRBJ2-2*01	HomoSapiens	HLA-E*01:03	B2M	MHCI	VMTTVLATL	Rv1734c	M.tuberculosis	PMID:38439958	{"identification": "tetramer-sort", "frequency": "", "singlecell": "", "sequencing": "sanger", "verification": ""}	{"study.id": "", "cell.subset": "CD8+", "subject.cohort": "LTBI", "subject.id": "", "replica.id": "", "clone.id": "", "epitope.id": "", "tissue": "PBMC", "donor.MHC": "", "donor.MHC.method": "", "structure.id": "", "samples.found": 1, "studies.found": 1}	{"cdr3": "CALGLAGGTGELFF", "cdr3_old": "CALGLAGGTGELFF", "fixNeeded": false, "good": true, "jCanonical": true, "jFixType": "NoFixNeeded", "jId": "TRBJ2-2*01", "jStart": 8, "vCanonical": true, "vEnd": 2, "vFixType": "NoFixNeeded", "vId": "TRBV2*01"}	0
6590	TRB	CASAGTKNTEAFF	TRBV7-2*01	TRBJ1-1*01	HomoSapiens	HLA-E*01:03	B2M	MHCI	VMTTVLATL	Rv1734c	M.tuberculosis	PMID:38439958	{"identification": "tetramer-sort", "frequency": "", "singlecell": "", "sequencing": "sanger", "verification": ""}	{"study.id": "", "cell.subset": "CD8+", "subject.cohort": "LTBI", "subject.id": "", "replica.id": "", "clone.id": "", "epitope.id": "", "tissue": "PBMC", "donor.MHC": "", "donor.MHC.method": "", "structure.id": "", "samples.found": 1, "studies.found": 1}	{"cdr3": "CASAGTKNTEAFF", "cdr3_old": "CASAGTKNTEAFF", "fixNeeded": false, "good": true, "jCanonical": true, "jFixType": "NoFixNeeded", "jId": "TRBJ1-1*01", "jStart": 7, "vCanonical": true, "vEnd": 3, "vFixType": "NoFixNeeded", "vId": "TRBV7-2*01"}	0
6591	TRB	CASCLDSSGLDTQYF	TRBV14*01	TRBJ2-3*01	HomoSapiens	HLA-E*01:03	B2M	MHCI	VMTTVLATL	Rv1734c	M.tuberculosis	PMID:38439958	{"identification": "tetramer-sort", "frequency": "", "singlecell": "", "sequencing": "sanger", "verification": ""}	{"study.id": "", "cell.subset": "CD8+", "subject.cohort": "LTBI", "subject.id": "", "replica.id": "", "clone.id": "", "epitope.id": "", "tissue": "PBMC", "donor.MHC": "", "donor.MHC.method": "", "structure.id": "", "samples.found": 1, "studies.found": 1}	{"cdr3": "CASCLDSSGLDTQYF", "cdr3_old": "CASCLDSSGLDTQYF", "fixNeeded": false, "good": true, "jCanonical": true, "jFixType": "NoFixNeeded", "jId": "TRBJ2-3*01", "jStart": 10, "vCanonical": true, "vEnd": 3, "vFixType": "NoFixNeeded", "vId": "TRBV14*01"}	0
6592	TRB	CASCTLPGRWQETQYF	TRBV27*01	TRBJ2-5*01	HomoSapiens	HLA-E*01:03	B2M	MHCI	VMTTVLATL	Rv1734c	M.tuberculosis	PMID:38439958	{"identification": "tetramer-sort", "frequency": "", "singlecell": "", "sequencing": "sanger", "verification": ""}	{"study.id": "", "cell.subset": "CD8+", "subject.cohort": "LTBI", "subject.id": "", "replica.id": "", "clone.id": "", "epitope.id": "", "tissue": "PBMC", "donor.MHC": "", "donor.MHC.method": "", "structure.id": "", "samples.found": 1, "studies.found": 1}	{"cdr3": "CASCTLPGRWQETQYF", "cdr3_old": "CASCTLPGRWQETQYF", "fixNeeded": false, "good": true, "jCanonical": true, "jFixType": "NoFixNeeded", "jId": "TRBJ2-5*01", "jStart": 10, "vCanonical": true, "vEnd": 3, "vFixType": "NoFixNeeded", "vId": "TRBV27*01"}	0
6593	TRB	CASKRTNTGNEQFF	TRBV6-4*01	TRBJ2-1*01	HomoSapiens	HLA-E*01:03	B2M	MHCI	VMTTVLATL	Rv1734c	M.tuberculosis	PMID:38439958	{"identification": "tetramer-sort", "frequency": "", "singlecell": "", "sequencing": "sanger", "verification": ""}	{"study.id": "", "cell.subset": "CD8+", "subject.cohort": "LTBI", "subject.id": "", "replica.id": "", "clone.id": "", "epitope.id": "", "tissue": "PBMC", "donor.MHC": "", "donor.MHC.method": "", "structure.id": "", "samples.found": 1, "studies.found": 1}	{"cdr3": "CASKRTNTGNEQFF", "cdr3_old": "CASKRTNTGNEQFF", "fixNeeded": false, "good": true, "jCanonical": true, "jFixType": "NoFixNeeded", "jId": "TRBJ2-1*01", "jStart": 9, "vCanonical": true, "vEnd": 3, "vFixType": "NoFixNeeded", "vId": "TRBV6-4*01"}	0
6594	TRB	CASRGLGLPDTQYF	TRBV5-6*01	TRBJ2-3*01	HomoSapiens	HLA-E*01:03	B2M	MHCI	VMTTVLATL	Rv1734c	M.tuberculosis	PMID:38439958	{"identification": "tetramer-sort", "frequency": "", "singlecell": "", "sequencing": "sanger", "verification": ""}	{"study.id": "", "cell.subset": "CD8+", "subject.cohort": "LTBI", "subject.id": "", "replica.id": "", "clone.id": "", "epitope.id": "", "tissue": "PBMC", "donor.MHC": "", "donor.MHC.method": "", "structure.id": "", "samples.found": 1, "studies.found": 1}	{"cdr3": "CASRGLGLPDTQYF", "cdr3_old": "CASRGLGLPDTQYF", "fixNeeded": false, "good": true, "jCanonical": true, "jFixType": "NoFixNeeded", "jId": "TRBJ2-3*01", "jStart": 9, "vCanonical": true, "vEnd": 3, "vFixType": "NoFixNeeded", "vId": "TRBV5-6*01"}	0
6595	TRB	CASRQGSSEQYF	TRBV10-3*01	TRBJ2-7*01	HomoSapiens	HLA-E*01:03	B2M	MHCI	VMTTVLATL	Rv1734c	M.tuberculosis	PMID:38439958	{"identification": "tetramer-sort", "frequency": "", "singlecell": "", "sequencing": "sanger", "verification": ""}	{"study.id": "", "cell.subset": "CD8+", "subject.cohort": "LTBI", "subject.id": "", "replica.id": "", "clone.id": "", "epitope.id": "", "tissue": "PBMC", "donor.MHC": "", "donor.MHC.method": "", "structure.id": "", "samples.found": 1, "studies.found": 1}	{"cdr3": "CASRQGSSEQYF", "cdr3_old": "CASRQGSSEQYF", "fixNeeded": false, "good": true, "jCanonical": true, "jFixType": "NoFixNeeded", "jId": "TRBJ2-7*01", "jStart": 8, "vCanonical": true, "vEnd": 2, "vFixType": "NoFixNeeded", "vId": "TRBV10-3*01"}	0
6596	TRB	CASRYERTGKIDEQYF	TRBV7-9*01	TRBJ2-7*01	HomoSapiens	HLA-E*01:03	B2M	MHCI	VMTTVLATL	Rv1734c	M.tuberculosis	PMID:38439958	{"identification": "tetramer-sort", "frequency": "", "singlecell": "", "sequencing": "sanger", "verification": ""}	{"study.id": "", "cell.subset": "CD8+", "subject.cohort": "LTBI", "subject.id": "", "replica.id": "", "clone.id": "", "epitope.id": "", "tissue": "PBMC", "donor.MHC": "", "donor.MHC.method": "", "structure.id": "", "samples.found": 1, "studies.found": 1}	{"cdr3": "CASRYERTGKIDEQYF", "cdr3_old": "CASRYERTGKIDEQYF", "fixNeeded": false, "good": true, "jCanonical": true, "jFixType": "NoFixNeeded", "jId": "TRBJ2-7*01", "jStart": 12, "vCanonical": true, "vEnd": 3, "vFixType": "NoFixNeeded", "vId": "TRBV7-9*01"}	0
6597	TRB	CASSEGTISYEQYF	TRBV9*01	TRBJ2-7*01	HomoSapiens	HLA-E*01:03	B2M	MHCI	VMTTVLATL	Rv1734c	M.tuberculosis	PMID:38439958	{"identification": "tetramer-sort", "frequency": "", "singlecell": "", "sequencing": "sanger", "verification": ""}	{"study.id": "", "cell.subset": "CD8+", "subject.cohort": "LTBI", "subject.id": "", "replica.id": "", "clone.id": "", "epitope.id": "", "tissue": "PBMC", "donor.MHC": "", "donor.MHC.method": "", "structure.id": "", "samples.found": 1, "studies.found": 1}	{"cdr3": "CASSEGTISYEQYF", "cdr3_old": "CASSEGTISYEQYF", "fixNeeded": false, "good": true, "jCanonical": true, "jFixType": "NoFixNeeded", "jId": "TRBJ2-7*01", "jStart": 8, "vCanonical": true, "vEnd": 4, "vFixType": "NoFixNeeded", "vId": "TRBV9*01"}	0
6598	TRB	CASSETPHEQYF	TRBV5-1*01	TRBJ2-7*01	HomoSapiens	HLA-E*01:03	B2M	MHCI	VMTTVLATL	Rv1734c	M.tuberculosis	PMID:38439958	{"identification": "tetramer-sort", "frequency": "", "singlecell": "", "sequencing": "sanger", "verification": ""}	{"study.id": "", "cell.subset": "CD8+", "subject.cohort": "LTBI", "subject.id": "", "replica.id": "", "clone.id": "", "epitope.id": "", "tissue": "PBMC", "donor.MHC": "", "donor.MHC.method": "", "structure.id": "", "samples.found": 1, "studies.found": 1}	{"cdr3": "CASSETPHEQYF", "cdr3_old": "CASSETPHEQYF", "fixNeeded": false, "good": true, "jCanonical": true, "jFixType": "NoFixNeeded", "jId": "TRBJ2-7*01", "jStart": 8, "vCanonical": true, "vEnd": 4, "vFixType": "NoFixNeeded", "vId": "TRBV5-1*01"}	0
6599	TRB	CASSEVGGGREDTQYF	TRBV6-1*01	TRBJ2-3*01	HomoSapiens	HLA-E*01:03	B2M	MHCI	VMTTVLATL	Rv1734c	M.tuberculosis	PMID:38439958	{"identification": "tetramer-sort", "frequency": "", "singlecell": "", "sequencing": "sanger", "verification": ""}	{"study.id": "", "cell.subset": "CD8+", "subject.cohort": "LTBI", "subject.id": "", "replica.id": "", "clone.id": "", "epitope.id": "", "tissue": "PBMC", "donor.MHC": "", "donor.MHC.method": "", "structure.id": "", "samples.found": 1, "studies.found": 1}	{"cdr3": "CASSEVGGGREDTQYF", "cdr3_old": "CASSEVGGGREDTQYF", "fixNeeded": false, "good": true, "jCanonical": true, "jFixType": "NoFixNeeded", "jId": "TRBJ2-3*01", "jStart": 11, "vCanonical": true, "vEnd": 5, "vFixType": "NoFixNeeded", "vId": "TRBV6-1*01"}	0
6600	TRB	CASSEVGTGELNTEAFF	TRBV10-2*01	TRBJ1-1*01	HomoSapiens	HLA-E*01:03	B2M	MHCI	VMTTVLATL	Rv1734c	M.tuberculosis	PMID:38439958	{"identification": "tetramer-sort", "frequency": "", "singlecell": "", "sequencing": "sanger", "verification": ""}	{"study.id": "", "cell.subset": "CD8+", "subject.cohort": "LTBI", "subject.id": "", "replica.id": "", "clone.id": "", "epitope.id": "", "tissue": "PBMC", "donor.MHC": "", "donor.MHC.method": "", "structure.id": "", "samples.found": 1, "studies.found": 1}	{"cdr3": "CASSEVGTGELNTEAFF", "cdr3_old": "CASSEVGTGELNTEAFF", "fixNeeded": false, "good": true, "jCanonical": true, "jFixType": "NoFixNeeded", "jId": "TRBJ1-1*01", "jStart": 11, "vCanonical": true, "vEnd": 5, "vFixType": "NoFixNeeded", "vId": "TRBV10-2*01"}	0
6602	TRB	CASSGDSLEQYF	TRBV10-1*01	TRBJ2-7*01	HomoSapiens	HLA-E*01:03	B2M	MHCI	VMTTVLATL	Rv1734c	M.tuberculosis	PMID:38439958	{"identification": "tetramer-sort", "frequency": "", "singlecell": "", "sequencing": "sanger", "verification": ""}	{"study.id": "", "cell.subset": "CD8+", "subject.cohort": "LTBI", "subject.id": "", "replica.id": "", "clone.id": "", "epitope.id": "", "tissue": "PBMC", "donor.MHC": "", "donor.MHC.method": "", "structure.id": "", "samples.found": 1, "studies.found": 1}	{"cdr3": "CASSGDSLEQYF", "cdr3_old": "CASSGDSLEQYF", "fixNeeded": false, "good": true, "jCanonical": true, "jFixType": "NoFixNeeded", "jId": "TRBJ2-7*01", "jStart": 8, "vCanonical": true, "vEnd": 4, "vFixType": "NoFixNeeded", "vId": "TRBV10-1*01"}	0
6603	TRB	CASSGKAGGPIEQYF	TRBV5-8*01	TRBJ2-7*01	HomoSapiens	HLA-E*01:03	B2M	MHCI	VMTTVLATL	Rv1734c	M.tuberculosis	PMID:38439958	{"identification": "tetramer-sort", "frequency": "", "singlecell": "", "sequencing": "sanger", "verification": ""}	{"study.id": "", "cell.subset": "CD8+", "subject.cohort": "LTBI", "subject.id": "", "replica.id": "", "clone.id": "", "epitope.id": "", "tissue": "PBMC", "donor.MHC": "", "donor.MHC.method": "", "structure.id": "", "samples.found": 1, "studies.found": 1}	{"cdr3": "CASSGKAGGPIEQYF", "cdr3_old": "CASSGKAGGPIEQYF", "fixNeeded": false, "good": true, "jCanonical": true, "jFixType": "NoFixNeeded", "jId": "TRBJ2-7*01", "jStart": 11, "vCanonical": true, "vEnd": 4, "vFixType": "NoFixNeeded", "vId": "TRBV5-8*01"}	0
6604	TRB	CASSGSGLADYNEQFF	TRBV6-4*01	TRBJ2-1*01	HomoSapiens	HLA-E*01:03	B2M	MHCI	VMTTVLATL	Rv1734c	M.tuberculosis	PMID:38439958	{"identification": "tetramer-sort", "frequency": "", "singlecell": "", "sequencing": "sanger", "verification": ""}	{"study.id": "", "cell.subset": "CD8+", "subject.cohort": "LTBI", "subject.id": "", "replica.id": "", "clone.id": "", "epitope.id": "", "tissue": "PBMC", "donor.MHC": "", "donor.MHC.method": "", "structure.id": "", "samples.found": 1, "studies.found": 1}	{"cdr3": "CASSGSGLADYNEQFF", "cdr3_old": "CASSGSGLADYNEQFF", "fixNeeded": false, "good": true, "jCanonical": true, "jFixType": "NoFixNeeded", "jId": "TRBJ2-1*01", "jStart": 10, "vCanonical": true, "vEnd": 4, "vFixType": "NoFixNeeded", "vId": "TRBV6-4*01"}	0
6605	TRB	CASSHQDRVTDEQFF	TRBV12-4*01	TRBJ2-1*01	HomoSapiens	HLA-E*01:03	B2M	MHCI	VMTTVLATL	Rv1734c	M.tuberculosis	PMID:38439958	{"identification": "tetramer-sort", "frequency": "", "singlecell": "", "sequencing": "sanger", "verification": ""}	{"study.id": "", "cell.subset": "CD8+", "subject.cohort": "LTBI", "subject.id": "", "replica.id": "", "clone.id": "", "epitope.id": "", "tissue": "PBMC", "donor.MHC": "", "donor.MHC.method": "", "structure.id": "", "samples.found": 1, "studies.found": 1}	{"cdr3": "CASSHQDRVTDEQFF", "cdr3_old": "CASSHQDRVTDEQFF", "fixNeeded": false, "good": true, "jCanonical": true, "jFixType": "NoFixNeeded", "jId": "TRBJ2-1*01", "jStart": 11, "vCanonical": true, "vEnd": 4, "vFixType": "NoFixNeeded", "vId": "TRBV12-4*01"}	0
6606	TRB	CASSIGTWGWGLNSPLHF	TRBV19*01	TRBJ1-6*01	HomoSapiens	HLA-E*01:03	B2M	MHCI	VMTTVLATL	Rv1734c	M.tuberculosis	PMID:38439958	{"identification": "tetramer-sort", "frequency": "", "singlecell": "", "sequencing": "sanger", "verification": ""}	{"study.id": "", "cell.subset": "CD8+", "subject.cohort": "LTBI", "subject.id": "", "replica.id": "", "clone.id": "", "epitope.id": "", "tissue": "PBMC", "donor.MHC": "", "donor.MHC.method": "", "structure.id": "", "samples.found": 1, "studies.found": 1}	{"cdr3": "CASSIGTWGWGLNSPLHF", "cdr3_old": "CASSIGTWGWGLNSPLHF", "fixNeeded": false, "good": true, "jCanonical": true, "jFixType": "NoFixNeeded", "jId": "TRBJ1-6*01", "jStart": 12, "vCanonical": true, "vEnd": 5, "vFixType": "NoFixNeeded", "vId": "TRBV19*01"}	0
6607	TRB	CASSILISMSTEAFF	TRBV19*01	TRBJ1-1*01	HomoSapiens	HLA-E*01:03	B2M	MHCI	VMTTVLATL	Rv1734c	M.tuberculosis	PMID:38439958	{"identification": "tetramer-sort", "frequency": "", "singlecell": "", "sequencing": "sanger", "verification": ""}	{"study.id": "", "cell.subset": "CD8+", "subject.cohort": "LTBI", "subject.id": "", "replica.id": "", "clone.id": "", "epitope.id": "", "tissue": "PBMC", "donor.MHC": "", "donor.MHC.method": "", "structure.id": "", "samples.found": 1, "studies.found": 1}	{"cdr3": "CASSILISMSTEAFF", "cdr3_old": "CASSILISMSTEAFF", "fixNeeded": false, "good": true, "jCanonical": true, "jFixType": "NoFixNeeded", "jId": "TRBJ1-1*01", "jStart": 10, "vCanonical": true, "vEnd": 5, "vFixType": "NoFixNeeded", "vId": "TRBV19*01"}	0
6608	TRB	CASSIRDSYEQYF	TRBV27*01	TRBJ2-7*01	HomoSapiens	HLA-E*01:03	B2M	MHCI	VMTTVLATL	Rv1734c	M.tuberculosis	PMID:38439958	{"identification": "tetramer-sort", "frequency": "", "singlecell": "", "sequencing": "sanger", "verification": ""}	{"study.id": "", "cell.subset": "CD8+", "subject.cohort": "LTBI", "subject.id": "", "replica.id": "", "clone.id": "", "epitope.id": "", "tissue": "PBMC", "donor.MHC": "", "donor.MHC.method": "", "structure.id": "", "samples.found": 1, "studies.found": 1}	{"cdr3": "CASSIRDSYEQYF", "cdr3_old": "CASSIRDSYEQYF", "fixNeeded": false, "good": true, "jCanonical": true, "jFixType": "NoFixNeeded", "jId": "TRBJ2-7*01", "jStart": 7, "vCanonical": true, "vEnd": 4, "vFixType": "NoFixNeeded", "vId": "TRBV27*01"}	0
6609	TRB	CASSKAPGGTDTQYF	TRBV6-4*01	TRBJ2-3*01	HomoSapiens	HLA-E*01:03	B2M	MHCI	VMTTVLATL	Rv1734c	M.tuberculosis	PMID:38439958	{"identification": "tetramer-sort", "frequency": "", "singlecell": "", "sequencing": "sanger", "verification": ""}	{"study.id": "", "cell.subset": "CD8+", "subject.cohort": "LTBI", "subject.id": "", "replica.id": "", "clone.id": "", "epitope.id": "", "tissue": "PBMC", "donor.MHC": "", "donor.MHC.method": "", "structure.id": "", "samples.found": 1, "studies.found": 1}	{"cdr3": "CASSKAPGGTDTQYF", "cdr3_old": "CASSKAPGGTDTQYF", "fixNeeded": false, "good": true, "jCanonical": true, "jFixType": "NoFixNeeded", "jId": "TRBJ2-3*01", "jStart": 9, "vCanonical": true, "vEnd": 4, "vFixType": "NoFixNeeded", "vId": "TRBV6-4*01"}	0
6610	TRB	CASSLFATGGYNEQFF	TRBV5-6*01	TRBJ2-1*01	HomoSapiens	HLA-E*01:03	B2M	MHCI	VMTTVLATL	Rv1734c	M.tuberculosis	PMID:38439958	{"identification": "tetramer-sort", "frequency": "", "singlecell": "", "sequencing": "sanger", "verification": ""}	{"study.id": "", "cell.subset": "CD8+", "subject.cohort": "LTBI", "subject.id": "", "replica.id": "", "clone.id": "", "epitope.id": "", "tissue": "PBMC", "donor.MHC": "", "donor.MHC.method": "", "structure.id": "", "samples.found": 1, "studies.found": 1}	{"cdr3": "CASSLFATGGYNEQFF", "cdr3_old": "CASSLFATGGYNEQFF", "fixNeeded": false, "good": true, "jCanonical": true, "jFixType": "NoFixNeeded", "jId": "TRBJ2-1*01", "jStart": 10, "vCanonical": true, "vEnd": 5, "vFixType": "NoFixNeeded", "vId": "TRBV5-6*01"}	0
6611	TRB	CASSLGLAVVNEQFF	TRBV27*01	TRBJ2-1*01	HomoSapiens	HLA-E*01:03	B2M	MHCI	VMTTVLATL	Rv1734c	M.tuberculosis	PMID:38439958	{"identification": "tetramer-sort", "frequency": "", "singlecell": "", "sequencing": "sanger", "verification": ""}	{"study.id": "", "cell.subset": "CD8+", "subject.cohort": "LTBI", "subject.id": "", "replica.id": "", "clone.id": "", "epitope.id": "", "tissue": "PBMC", "donor.MHC": "", "donor.MHC.method": "", "structure.id": "", "samples.found": 1, "studies.found": 1}	{"cdr3": "CASSLGLAVVNEQFF", "cdr3_old": "CASSLGLAVVNEQFF", "fixNeeded": false, "good": true, "jCanonical": true, "jFixType": "NoFixNeeded", "jId": "TRBJ2-1*01", "jStart": 10, "vCanonical": true, "vEnd": 5, "vFixType": "NoFixNeeded", "vId": "TRBV27*01"}	0
6612	TRB	CASSLGLRGTSEAFF	TRBV7-8*01	TRBJ1-1*01	HomoSapiens	HLA-E*01:03	B2M	MHCI	VMTTVLATL	Rv1734c	M.tuberculosis	PMID:38439958	{"identification": "tetramer-sort", "frequency": "", "singlecell": "", "sequencing": "sanger", "verification": ""}	{"study.id": "", "cell.subset": "CD8+", "subject.cohort": "LTBI", "subject.id": "", "replica.id": "", "clone.id": "", "epitope.id": "", "tissue": "PBMC", "donor.MHC": "", "donor.MHC.method": "", "structure.id": "", "samples.found": 1, "studies.found": 1}	{"cdr3": "CASSLGLRGTSEAFF", "cdr3_old": "CASSLGLRGTSEAFF", "fixNeeded": false, "good": true, "jCanonical": true, "jFixType": "NoFixNeeded", "jId": "TRBJ1-1*01", "jStart": 11, "vCanonical": true, "vEnd": 5, "vFixType": "NoFixNeeded", "vId": "TRBV7-8*01"}	0
6613	TRB	CASSLMGVKGGLFF	TRBV5-1*01	TRBJ1-4*01	HomoSapiens	HLA-E*01:03	B2M	MHCI	VMTTVLATL	Rv1734c	M.tuberculosis	PMID:38439958	{"identification": "tetramer-sort", "frequency": "", "singlecell": "", "sequencing": "sanger", "verification": ""}	{"study.id": "", "cell.subset": "CD8+", "subject.cohort": "LTBI", "subject.id": "", "replica.id": "", "clone.id": "", "epitope.id": "", "tissue": "PBMC", "donor.MHC": "", "donor.MHC.method": "", "structure.id": "", "samples.found": 1, "studies.found": 1}	{"cdr3": "CASSLMGVKGGLFF", "cdr3_old": "CASSLMGVKGGLFF", "fixNeeded": false, "good": true, "jCanonical": true, "jFixType": "NoFixNeeded", "jId": "TRBJ1-4*01", "jStart": 11, "vCanonical": true, "vEnd": 5, "vFixType": "NoFixNeeded", "vId": "TRBV5-1*01"}	0
6614	TRB	CASSLNRDIETQYF	TRBV7-8*01	TRBJ2-5*01	HomoSapiens	HLA-E*01:03	B2M	MHCI	VMTTVLATL	Rv1734c	M.tuberculosis	PMID:38439958	{"identification": "tetramer-sort", "frequency": "", "singlecell": "", "sequencing": "sanger", "verification": ""}	{"study.id": "", "cell.subset": "CD8+", "subject.cohort": "LTBI", "subject.id": "", "replica.id": "", "clone.id": "", "epitope.id": "", "tissue": "PBMC", "donor.MHC": "", "donor.MHC.method": "", "structure.id": "", "samples.found": 1, "studies.found": 1}	{"cdr3": "CASSLNRDIETQYF", "cdr3_old": "CASSLNRDIETQYF", "fixNeeded": false, "good": true, "jCanonical": true, "jFixType": "NoFixNeeded", "jId": "TRBJ2-5*01", "jStart": 9, "vCanonical": true, "vEnd": 5, "vFixType": "NoFixNeeded", "vId": "TRBV7-8*01"}	0
6615	TRB	CASSLNRDIETQYF	TRBV7-8*01	TRBJ2-5*01	HomoSapiens	HLA-E*01:03	B2M	MHCI	VMTTVLATL	Rv1734c	M.tuberculosis	PMID:38439958	{"identification": "tetramer-sort", "frequency": "", "singlecell": "", "sequencing": "sanger", "verification": ""}	{"study.id": "", "cell.subset": "CD8+", "subject.cohort": "LTBI", "subject.id": "", "replica.id": "", "clone.id": "", "epitope.id": "", "tissue": "PBMC", "donor.MHC": "", "donor.MHC.method": "", "structure.id": "", "samples.found": 1, "studies.found": 1}	{"cdr3": "CASSLNRDIETQYF", "cdr3_old": "CASSLNRDIETQYF", "fixNeeded": false, "good": true, "jCanonical": true, "jFixType": "NoFixNeeded", "jId": "TRBJ2-5*01", "jStart": 9, "vCanonical": true, "vEnd": 5, "vFixType": "NoFixNeeded", "vId": "TRBV7-8*01"}	0
6616	TRB	CASSLSLQGNTEAFF	TRBV27*01	TRBJ1-1*01	HomoSapiens	HLA-E*01:03	B2M	MHCI	VMTTVLATL	Rv1734c	M.tuberculosis	PMID:38439958	{"identification": "tetramer-sort", "frequency": "", "singlecell": "", "sequencing": "sanger", "verification": ""}	{"study.id": "", "cell.subset": "CD8+", "subject.cohort": "LTBI", "subject.id": "", "replica.id": "", "clone.id": "", "epitope.id": "", "tissue": "PBMC", "donor.MHC": "", "donor.MHC.method": "", "structure.id": "", "samples.found": 1, "studies.found": 1}	{"cdr3": "CASSLSLQGNTEAFF", "cdr3_old": "CASSLSLQGNTEAFF", "fixNeeded": false, "good": true, "jCanonical": true, "jFixType": "NoFixNeeded", "jId": "TRBJ1-1*01", "jStart": 9, "vCanonical": true, "vEnd": 5, "vFixType": "NoFixNeeded", "vId": "TRBV27*01"}	0
6617	TRB	CASSLTRSGSKDTQYF	TRBV7-9*01	TRBJ2-3*01	HomoSapiens	HLA-E*01:03	B2M	MHCI	VMTTVLATL	Rv1734c	M.tuberculosis	PMID:38439958	{"identification": "tetramer-sort", "frequency": "", "singlecell": "", "sequencing": "sanger", "verification": ""}	{"study.id": "", "cell.subset": "CD8+", "subject.cohort": "LTBI", "subject.id": "", "replica.id": "", "clone.id": "", "epitope.id": "", "tissue": "PBMC", "donor.MHC": "", "donor.MHC.method": "", "structure.id": "", "samples.found": 1, "studies.found": 1}	{"cdr3": "CASSLTRSGSKDTQYF", "cdr3_old": "CASSLTRSGSKDTQYF", "fixNeeded": false, "good": true, "jCanonical": true, "jFixType": "NoFixNeeded", "jId": "TRBJ2-3*01", "jStart": 11, "vCanonical": true, "vEnd": 5, "vFixType": "NoFixNeeded", "vId": "TRBV7-9*01"}	0
6618	TRB	CASSPGGNTEAFF	TRBV4-1*01	TRBJ1-1*01	HomoSapiens	HLA-E*01:03	B2M	MHCI	VMTTVLATL	Rv1734c	M.tuberculosis	PMID:38439958	{"identification": "tetramer-sort", "frequency": "", "singlecell": "", "sequencing": "sanger", "verification": ""}	{"study.id": "", "cell.subset": "CD8+", "subject.cohort": "LTBI", "subject.id": "", "replica.id": "", "clone.id": "", "epitope.id": "", "tissue": "PBMC", "donor.MHC": "", "donor.MHC.method": "", "structure.id": "", "samples.found": 1, "studies.found": 1}	{"cdr3": "CASSPGGNTEAFF", "cdr3_old": "CASSPGGNTEAFF", "fixNeeded": false, "good": true, "jCanonical": true, "jFixType": "NoFixNeeded", "jId": "TRBJ1-1*01", "jStart": 7, "vCanonical": true, "vEnd": 4, "vFixType": "NoFixNeeded", "vId": "TRBV4-1*01"}	0
6619	TRB	CASSPQGLRGGPYEQYF	TRBV4-1*01	TRBJ2-7*01	HomoSapiens	HLA-E*01:03	B2M	MHCI	VMTTVLATL	Rv1734c	M.tuberculosis	PMID:38439958	{"identification": "tetramer-sort", "frequency": "", "singlecell": "", "sequencing": "sanger", "verification": ""}	{"study.id": "", "cell.subset": "CD8+", "subject.cohort": "LTBI", "subject.id": "", "replica.id": "", "clone.id": "", "epitope.id": "", "tissue": "PBMC", "donor.MHC": "", "donor.MHC.method": "", "structure.id": "", "samples.found": 1, "studies.found": 1}	{"cdr3": "CASSPQGLRGGPYEQYF", "cdr3_old": "CASSPQGLRGGPYEQYF", "fixNeeded": false, "good": true, "jCanonical": true, "jFixType": "NoFixNeeded", "jId": "TRBJ2-7*01", "jStart": 12, "vCanonical": true, "vEnd": 4, "vFixType": "NoFixNeeded", "vId": "TRBV4-1*01"}	0
6620	TRB	CASSQGFAYGYTF	TRBV14*01	TRBJ1-2*01	HomoSapiens	HLA-E*01:03	B2M	MHCI	VMTTVLATL	Rv1734c	M.tuberculosis	PMID:38439958	{"identification": "tetramer-sort", "frequency": "", "singlecell": "", "sequencing": "sanger", "verification": ""}	{"study.id": "", "cell.subset": "CD8+", "subject.cohort": "LTBI", "subject.id": "", "replica.id": "", "clone.id": "", "epitope.id": "", "tissue": "PBMC", "donor.MHC": "", "donor.MHC.method": "", "structure.id": "", "samples.found": 1, "studies.found": 1}	{"cdr3": "CASSQGFAYGYTF", "cdr3_old": "CASSQGFAYGYTF", "fixNeeded": false, "good": true, "jCanonical": true, "jFixType": "NoFixNeeded", "jId": "TRBJ1-2*01", "jStart": 8, "vCanonical": true, "vEnd": 5, "vFixType": "NoFixNeeded", "vId": "TRBV14*01"}	0
6621	TRB	CASSQVSGRTDTQYF	TRBV4-1*01	TRBJ2-3*01	HomoSapiens	HLA-E*01:03	B2M	MHCI	VMTTVLATL	Rv1734c	M.tuberculosis	PMID:38439958	{"identification": "tetramer-sort", "frequency": "", "singlecell": "", "sequencing": "sanger", "verification": ""}	{"study.id": "", "cell.subset": "CD8+", "subject.cohort": "LTBI", "subject.id": "", "replica.id": "", "clone.id": "", "epitope.id": "", "tissue": "PBMC", "donor.MHC": "", "donor.MHC.method": "", "structure.id": "", "samples.found": 1, "studies.found": 1}	{"cdr3": "CASSQVSGRTDTQYF", "cdr3_old": "CASSQVSGRTDTQYF", "fixNeeded": false, "good": true, "jCanonical": true, "jFixType": "NoFixNeeded", "jId": "TRBJ2-3*01", "jStart": 9, "vCanonical": true, "vEnd": 5, "vFixType": "NoFixNeeded", "vId": "TRBV4-1*01"}	0
6622	TRB	CASSSGGNEKLFF	TRBV12-3*01	TRBJ1-4*01	HomoSapiens	HLA-E*01:03	B2M	MHCI	VMTTVLATL	Rv1734c	M.tuberculosis	PMID:38439958	{"identification": "tetramer-sort", "frequency": "", "singlecell": "", "sequencing": "sanger", "verification": ""}	{"study.id": "", "cell.subset": "CD8+", "subject.cohort": "LTBI", "subject.id": "", "replica.id": "", "clone.id": "", "epitope.id": "", "tissue": "PBMC", "donor.MHC": "", "donor.MHC.method": "", "structure.id": "", "samples.found": 1, "studies.found": 1}	{"cdr3": "CASSSGGNEKLFF", "cdr3_old": "CASSSGGNEKLFF", "fixNeeded": false, "good": true, "jCanonical": true, "jFixType": "NoFixNeeded", "jId": "TRBJ1-4*01", "jStart": 7, "vCanonical": true, "vEnd": 4, "vFixType": "NoFixNeeded", "vId": "TRBV12-3*01"}	0
6623	TRB	CASSSRGLAGVRGGLYEQYF	TRBV12-3*01	TRBJ2-7*01	HomoSapiens	HLA-E*01:03	B2M	MHCI	VMTTVLATL	Rv1734c	M.tuberculosis	PMID:38439958	{"identification": "tetramer-sort", "frequency": "", "singlecell": "", "sequencing": "sanger", "verification": ""}	{"study.id": "", "cell.subset": "CD8+", "subject.cohort": "LTBI", "subject.id": "", "replica.id": "", "clone.id": "", "epitope.id": "", "tissue": "PBMC", "donor.MHC": "", "donor.MHC.method": "", "structure.id": "", "samples.found": 1, "studies.found": 1}	{"cdr3": "CASSSRGLAGVRGGLYEQYF", "cdr3_old": "CASSSRGLAGVRGGLYEQYF", "fixNeeded": false, "good": true, "jCanonical": true, "jFixType": "NoFixNeeded", "jId": "TRBJ2-7*01", "jStart": 15, "vCanonical": true, "vEnd": 4, "vFixType": "NoFixNeeded", "vId": "TRBV12-3*01"}	0
6624	TRB	CASSSYEAGGYEQYF	TRBV11-1*01	TRBJ2-7*01	HomoSapiens	HLA-E*01:03	B2M	MHCI	VMTTVLATL	Rv1734c	M.tuberculosis	PMID:38439958	{"identification": "tetramer-sort", "frequency": "", "singlecell": "", "sequencing": "sanger", "verification": ""}	{"study.id": "", "cell.subset": "CD8+", "subject.cohort": "LTBI", "subject.id": "", "replica.id": "", "clone.id": "", "epitope.id": "", "tissue": "PBMC", "donor.MHC": "", "donor.MHC.method": "", "structure.id": "", "samples.found": 1, "studies.found": 1}	{"cdr3": "CASSSYEAGGYEQYF", "cdr3_old": "CASSSYEAGGYEQYF", "fixNeeded": false, "good": true, "jCanonical": true, "jFixType": "NoFixNeeded", "jId": "TRBJ2-7*01", "jStart": 10, "vCanonical": true, "vEnd": 4, "vFixType": "NoFixNeeded", "vId": "TRBV11-1*01"}	0
6625	TRB	CASSTELAGPTMSQFF	TRBV9*01	TRBJ2-1*01	HomoSapiens	HLA-E*01:03	B2M	MHCI	VMTTVLATL	Rv1734c	M.tuberculosis	PMID:38439958	{"identification": "tetramer-sort", "frequency": "", "singlecell": "", "sequencing": "sanger", "verification": ""}	{"study.id": "", "cell.subset": "CD8+", "subject.cohort": "LTBI", "subject.id": "", "replica.id": "", "clone.id": "", "epitope.id": "", "tissue": "PBMC", "donor.MHC": "", "donor.MHC.method": "", "structure.id": "", "samples.found": 1, "studies.found": 1}	{"cdr3": "CASSTELAGPTMSQFF", "cdr3_old": "CASSTELAGPTMSQFF", "fixNeeded": false, "good": true, "jCanonical": true, "jFixType": "NoFixNeeded", "jId": "TRBJ2-1*01", "jStart": 13, "vCanonical": true, "vEnd": 4, "vFixType": "NoFixNeeded", "vId": "TRBV9*01"}	0
6626	TRB	CASSTYRGDTYEQYF	TRBV6-5*01	TRBJ2-7*01	HomoSapiens	HLA-E*01:03	B2M	MHCI	VMTTVLATL	Rv1734c	M.tuberculosis	PMID:38439958	{"identification": "tetramer-sort", "frequency": "", "singlecell": "", "sequencing": "sanger", "verification": ""}	{"study.id": "", "cell.subset": "CD8+", "subject.cohort": "LTBI", "subject.id": "", "replica.id": "", "clone.id": "", "epitope.id": "", "tissue": "PBMC", "donor.MHC": "", "donor.MHC.method": "", "structure.id": "", "samples.found": 1, "studies.found": 1}	{"cdr3": "CASSTYRGDTYEQYF", "cdr3_old": "CASSTYRGDTYEQYF", "fixNeeded": false, "good": true, "jCanonical": true, "jFixType": "NoFixNeeded", "jId": "TRBJ2-7*01", "jStart": 10, "vCanonical": true, "vEnd": 4, "vFixType": "NoFixNeeded", "vId": "TRBV6-5*01"}	0
6627	TRB	CASSVQSSGNTIYF	TRBV9*01	TRBJ1-3*01	HomoSapiens	HLA-E*01:03	B2M	MHCI	VMTTVLATL	Rv1734c	M.tuberculosis	PMID:38439958	{"identification": "tetramer-sort", "frequency": "", "singlecell": "", "sequencing": "sanger", "verification": ""}	{"study.id": "", "cell.subset": "CD8+", "subject.cohort": "LTBI", "subject.id": "", "replica.id": "", "clone.id": "", "epitope.id": "", "tissue": "PBMC", "donor.MHC": "", "donor.MHC.method": "", "structure.id": "", "samples.found": 1, "studies.found": 1}	{"cdr3": "CASSVQSSGNTIYF", "cdr3_old": "CASSVQSSGNTIYF", "fixNeeded": false, "good": true, "jCanonical": true, "jFixType": "NoFixNeeded", "jId": "TRBJ1-3*01", "jStart": 7, "vCanonical": true, "vEnd": 5, "vFixType": "NoFixNeeded", "vId": "TRBV9*01"}	0
6628	TRB	CASSWPGINTEAFF	TRBV7-9*01	TRBJ1-1*01	HomoSapiens	HLA-E*01:03	B2M	MHCI	VMTTVLATL	Rv1734c	M.tuberculosis	PMID:38439958	{"identification": "tetramer-sort", "frequency": "", "singlecell": "", "sequencing": "sanger", "verification": ""}	{"study.id": "", "cell.subset": "CD8+", "subject.cohort": "LTBI", "subject.id": "", "replica.id": "", "clone.id": "", "epitope.id": "", "tissue": "PBMC", "donor.MHC": "", "donor.MHC.method": "", "structure.id": "", "samples.found": 1, "studies.found": 1}	{"cdr3": "CASSWPGINTEAFF", "cdr3_old": "CASSWPGINTEAFF", "fixNeeded": false, "good": true, "jCanonical": true, "jFixType": "NoFixNeeded", "jId": "TRBJ1-1*01", "jStart": 8, "vCanonical": true, "vEnd": 4, "vFixType": "NoFixNeeded", "vId": "TRBV7-9*01"}	0
6629	TRB	CASSYGGVNAEAFF	TRBV6-5*01	TRBJ1-1*01	HomoSapiens	HLA-E*01:03	B2M	MHCI	VMTTVLATL	Rv1734c	M.tuberculosis	PMID:38439958	{"identification": "tetramer-sort", "frequency": "", "singlecell": "", "sequencing": "sanger", "verification": ""}	{"study.id": "", "cell.subset": "CD8+", "subject.cohort": "LTBI", "subject.id": "", "replica.id": "", "clone.id": "", "epitope.id": "", "tissue": "PBMC", "donor.MHC": "", "donor.MHC.method": "", "structure.id": "", "samples.found": 1, "studies.found": 1}	{"cdr3": "CASSYGGVNAEAFF", "cdr3_old": "CASSYGGVNAEAFF", "fixNeeded": false, "good": true, "jCanonical": true, "jFixType": "NoFixNeeded", "jId": "TRBJ1-1*01", "jStart": 10, "vCanonical": true, "vEnd": 5, "vFixType": "NoFixNeeded", "vId": "TRBV6-5*01"}	0
6630	TRB	CASSYLPGLAASEQFF	TRBV6-5*01	TRBJ2-1*01	HomoSapiens	HLA-E*01:03	B2M	MHCI	VMTTVLATL	Rv1734c	M.tuberculosis	PMID:38439958	{"identification": "tetramer-sort", "frequency": "", "singlecell": "", "sequencing": "sanger", "verification": ""}	{"study.id": "", "cell.subset": "CD8+", "subject.cohort": "LTBI", "subject.id": "", "replica.id": "", "clone.id": "", "epitope.id": "", "tissue": "PBMC", "donor.MHC": "", "donor.MHC.method": "", "structure.id": "", "samples.found": 1, "studies.found": 1}	{"cdr3": "CASSYLPGLAASEQFF", "cdr3_old": "CASSYLPGLAASEQFF", "fixNeeded": false, "good": true, "jCanonical": true, "jFixType": "NoFixNeeded", "jId": "TRBJ2-1*01", "jStart": 12, "vCanonical": true, "vEnd": 5, "vFixType": "NoFixNeeded", "vId": "TRBV6-5*01"}	0
6631	TRB	CASTYQDTSYEQYF	TRBV6-1*01	TRBJ2-7*01	HomoSapiens	HLA-E*01:03	B2M	MHCI	VMTTVLATL	Rv1734c	M.tuberculosis	PMID:38439958	{"identification": "tetramer-sort", "frequency": "", "singlecell": "", "sequencing": "sanger", "verification": ""}	{"study.id": "", "cell.subset": "CD8+", "subject.cohort": "LTBI", "subject.id": "", "replica.id": "", "clone.id": "", "epitope.id": "", "tissue": "PBMC", "donor.MHC": "", "donor.MHC.method": "", "structure.id": "", "samples.found": 1, "studies.found": 1}	{"cdr3": "CASTYQDTSYEQYF", "cdr3_old": "CASTYQDTSYEQYF", "fixNeeded": false, "good": true, "jCanonical": true, "jFixType": "NoFixNeeded", "jId": "TRBJ2-7*01", "jStart": 8, "vCanonical": true, "vEnd": 3, "vFixType": "NoFixNeeded", "vId": "TRBV6-1*01"}	0
6632	TRB	CATGDTGGGNQPQHF	TRBV10-3*01	TRBJ1-5*01	HomoSapiens	HLA-E*01:03	B2M	MHCI	VMTTVLATL	Rv1734c	M.tuberculosis	PMID:38439958	{"identification": "tetramer-sort", "frequency": "", "singlecell": "", "sequencing": "sanger", "verification": ""}	{"study.id": "", "cell.subset": "CD8+", "subject.cohort": "LTBI", "subject.id": "", "replica.id": "", "clone.id": "", "epitope.id": "", "tissue": "PBMC", "donor.MHC": "", "donor.MHC.method": "", "structure.id": "", "samples.found": 1, "studies.found": 1}	{"cdr3": "CATGDTGGGNQPQHF", "cdr3_old": "CATGDTGGGNQPQHF", "fixNeeded": false, "good": true, "jCanonical": true, "jFixType": "NoFixNeeded", "jId": "TRBJ1-5*01", "jStart": 9, "vCanonical": true, "vEnd": 2, "vFixType": "NoFixNeeded", "vId": "TRBV10-3*01"}	0
6633	TRB	CATRKGFMYQETQYF	TRBV10-3*01	TRBJ2-5*01	HomoSapiens	HLA-E*01:03	B2M	MHCI	VMTTVLATL	Rv1734c	M.tuberculosis	PMID:38439958	{"identification": "tetramer-sort", "frequency": "", "singlecell": "", "sequencing": "sanger", "verification": ""}	{"study.id": "", "cell.subset": "CD8+", "subject.cohort": "LTBI", "subject.id": "", "replica.id": "", "clone.id": "", "epitope.id": "", "tissue": "PBMC", "donor.MHC": "", "donor.MHC.method": "", "structure.id": "", "samples.found": 1, "studies.found": 1}	{"cdr3": "CATRKGFMYQETQYF", "cdr3_old": "CATRKGFMYQETQYF", "fixNeeded": false, "good": true, "jCanonical": true, "jFixType": "NoFixNeeded", "jId": "TRBJ2-5*01", "jStart": 9, "vCanonical": true, "vEnd": 2, "vFixType": "NoFixNeeded", "vId": "TRBV10-3*01"}	0
6634	TRB	CATSDGGSTEAFF	TRBV24-1*01	TRBJ1-1*01	HomoSapiens	HLA-E*01:03	B2M	MHCI	VMTTVLATL	Rv1734c	M.tuberculosis	PMID:38439958	{"identification": "tetramer-sort", "frequency": "", "singlecell": "", "sequencing": "sanger", "verification": ""}	{"study.id": "", "cell.subset": "CD8+", "subject.cohort": "LTBI", "subject.id": "", "replica.id": "", "clone.id": "", "epitope.id": "", "tissue": "PBMC", "donor.MHC": "", "donor.MHC.method": "", "structure.id": "", "samples.found": 1, "studies.found": 1}	{"cdr3": "CATSDGGSTEAFF", "cdr3_old": "CATSDGGSTEAFF", "fixNeeded": false, "good": true, "jCanonical": true, "jFixType": "NoFixNeeded", "jId": "TRBJ1-1*01", "jStart": 8, "vCanonical": true, "vEnd": 5, "vFixType": "NoFixNeeded", "vId": "TRBV24-1*01"}	0
6635	TRB	CATSDLRGGYTF	TRBV24-1*01	TRBJ1-2*01	HomoSapiens	HLA-E*01:03	B2M	MHCI	VMTTVLATL	Rv1734c	M.tuberculosis	PMID:38439958	{"identification": "tetramer-sort", "frequency": "", "singlecell": "", "sequencing": "sanger", "verification": ""}	{"study.id": "", "cell.subset": "CD8+", "subject.cohort": "LTBI", "subject.id": "", "replica.id": "", "clone.id": "", "epitope.id": "", "tissue": "PBMC", "donor.MHC": "", "donor.MHC.method": "", "structure.id": "", "samples.found": 1, "studies.found": 1}	{"cdr3": "CATSDLRGGYTF", "cdr3_old": "CATSDLRGGYTF", "fixNeeded": false, "good": true, "jCanonical": true, "jFixType": "NoFixNeeded", "jId": "TRBJ1-2*01", "jStart": 8, "vCanonical": true, "vEnd": 6, "vFixType": "NoFixNeeded", "vId": "TRBV24-1*01"}	0
6636	TRB	CATSGRSSDYEQYF	TRBV15*01	TRBJ2-7*01	HomoSapiens	HLA-E*01:03	B2M	MHCI	VMTTVLATL	Rv1734c	M.tuberculosis	PMID:38439958	{"identification": "tetramer-sort", "frequency": "", "singlecell": "", "sequencing": "sanger", "verification": ""}	{"study.id": "", "cell.subset": "CD8+", "subject.cohort": "LTBI", "subject.id": "", "replica.id": "", "clone.id": "", "epitope.id": "", "tissue": "PBMC", "donor.MHC": "", "donor.MHC.method": "", "structure.id": "", "samples.found": 1, "studies.found": 1}	{"cdr3": "CATSGRSSDYEQYF", "cdr3_old": "CATSGRSSDYEQYF", "fixNeeded": false, "good": true, "jCanonical": true, "jFixType": "NoFixNeeded", "jId": "TRBJ2-7*01", "jStart": 9, "vCanonical": true, "vEnd": 4, "vFixType": "NoFixNeeded", "vId": "TRBV15*01"}	0
6638	TRB	CATSRERGGYNEQFF	TRBV15*01	TRBJ2-1*01	HomoSapiens	HLA-E*01:03	B2M	MHCI	VMTTVLATL	Rv1734c	M.tuberculosis	PMID:38439958	{"identification": "tetramer-sort", "frequency": "", "singlecell": "", "sequencing": "sanger", "verification": ""}	{"study.id": "", "cell.subset": "CD8+", "subject.cohort": "LTBI", "subject.id": "", "replica.id": "", "clone.id": "", "epitope.id": "", "tissue": "PBMC", "donor.MHC": "", "donor.MHC.method": "", "structure.id": "", "samples.found": 1, "studies.found": 1}	{"cdr3": "CATSRERGGYNEQFF", "cdr3_old": "CATSRERGGYNEQFF", "fixNeeded": false, "good": true, "jCanonical": true, "jFixType": "NoFixNeeded", "jId": "TRBJ2-1*01", "jStart": 9, "vCanonical": true, "vEnd": 5, "vFixType": "NoFixNeeded", "vId": "TRBV15*01"}	0
6639	TRB	CAWAPGYTF	TRBV30*01	TRBJ1-2*01	HomoSapiens	HLA-E*01:03	B2M	MHCI	VMTTVLATL	Rv1734c	M.tuberculosis	PMID:38439958	{"identification": "tetramer-sort", "frequency": "", "singlecell": "", "sequencing": "sanger", "verification": ""}	{"study.id": "", "cell.subset": "CD8+", "subject.cohort": "LTBI", "subject.id": "", "replica.id": "", "clone.id": "", "epitope.id": "", "tissue": "PBMC", "donor.MHC": "", "donor.MHC.method": "", "structure.id": "", "samples.found": 1, "studies.found": 1}	{"cdr3": "CAWAPGYTF", "cdr3_old": "CAWAPGYTF", "fixNeeded": false, "good": true, "jCanonical": true, "jFixType": "NoFixNeeded", "jId": "TRBJ1-2*01", "jStart": 5, "vCanonical": true, "vEnd": 3, "vFixType": "NoFixNeeded", "vId": "TRBV30*01"}	0
6640	TRB	CAWSDKDRVLRGANVLTF	TRBV30*01	TRBJ2-6*01	HomoSapiens	HLA-E*01:03	B2M	MHCI	VMTTVLATL	Rv1734c	M.tuberculosis	PMID:38439958	{"identification": "tetramer-sort", "frequency": "", "singlecell": "", "sequencing": "sanger", "verification": ""}	{"study.id": "", "cell.subset": "CD8+", "subject.cohort": "LTBI", "subject.id": "", "replica.id": "", "clone.id": "", "epitope.id": "", "tissue": "PBMC", "donor.MHC": "", "donor.MHC.method": "", "structure.id": "", "samples.found": 1, "studies.found": 1}	{"cdr3": "CAWSDKDRVLRGANVLTF", "cdr3_old": "CAWSDKDRVLRGANVLTF", "fixNeeded": false, "good": true, "jCanonical": true, "jFixType": "NoFixNeeded", "jId": "TRBJ2-6*01", "jStart": 11, "vCanonical": true, "vEnd": 4, "vFixType": "NoFixNeeded", "vId": "TRBV30*01"}	0
6641	TRB	CAWSITPGTEAFF	TRBV30*01	TRBJ1-1*01	HomoSapiens	HLA-E*01:03	B2M	MHCI	VMTTVLATL	Rv1734c	M.tuberculosis	PMID:38439958	{"identification": "tetramer-sort", "frequency": "", "singlecell": "", "sequencing": "sanger", "verification": ""}	{"study.id": "", "cell.subset": "CD8+", "subject.cohort": "LTBI", "subject.id": "", "replica.id": "", "clone.id": "", "epitope.id": "", "tissue": "PBMC", "donor.MHC": "", "donor.MHC.method": "", "structure.id": "", "samples.found": 1, "studies.found": 1}	{"cdr3": "CAWSITPGTEAFF", "cdr3_old": "CAWSITPGTEAFF", "fixNeeded": false, "good": true, "jCanonical": true, "jFixType": "NoFixNeeded", "jId": "TRBJ1-1*01", "jStart": 8, "vCanonical": true, "vEnd": 4, "vFixType": "NoFixNeeded", "vId": "TRBV30*01"}	0
6643	TRB	CSANMEQEYGYTF	TRBV20-1*01	TRBJ1-2*01	HomoSapiens	HLA-E*01:03	B2M	MHCI	VMTTVLATL	Rv1734c	M.tuberculosis	PMID:38439958	{"identification": "tetramer-sort", "frequency": "", "singlecell": "", "sequencing": "sanger", "verification": ""}	{"study.id": "", "cell.subset": "CD8+", "subject.cohort": "LTBI", "subject.id": "", "replica.id": "", "clone.id": "", "epitope.id": "", "tissue": "PBMC", "donor.MHC": "", "donor.MHC.method": "", "structure.id": "", "samples.found": 1, "studies.found": 1}	{"cdr3": "CSANMEQEYGYTF", "cdr3_old": "CSANMEQEYGYTF", "fixNeeded": false, "good": true, "jCanonical": true, "jFixType": "NoFixNeeded", "jId": "TRBJ1-2*01", "jStart": 8, "vCanonical": true, "vEnd": 3, "vFixType": "NoFixNeeded", "vId": "TRBV20-1*01"}	0
6644	TRB	CSAPVVPKQGLYGYTF	TRBV20-1*01	TRBJ1-2*01	HomoSapiens	HLA-E*01:03	B2M	MHCI	VMTTVLATL	Rv1734c	M.tuberculosis	PMID:38439958	{"identification": "tetramer-sort", "frequency": "", "singlecell": "", "sequencing": "sanger", "verification": ""}	{"study.id": "", "cell.subset": "CD8+", "subject.cohort": "LTBI", "subject.id": "", "replica.id": "", "clone.id": "", "epitope.id": "", "tissue": "PBMC", "donor.MHC": "", "donor.MHC.method": "", "structure.id": "", "samples.found": 1, "studies.found": 1}	{"cdr3": "CSAPVVPKQGLYGYTF", "cdr3_old": "CSAPVVPKQGLYGYTF", "fixNeeded": false, "good": true, "jCanonical": true, "jFixType": "NoFixNeeded", "jId": "TRBJ1-2*01", "jStart": 11, "vCanonical": true, "vEnd": 3, "vFixType": "NoFixNeeded", "vId": "TRBV20-1*01"}	0
6645	TRB	CSARDILAGVGWDEQFF	TRBV20-1*01	TRBJ2-1*01	HomoSapiens	HLA-E*01:03	B2M	MHCI	VMTTVLATL	Rv1734c	M.tuberculosis	PMID:38439958	{"identification": "tetramer-sort", "frequency": "", "singlecell": "", "sequencing": "sanger", "verification": ""}	{"study.id": "", "cell.subset": "CD8+", "subject.cohort": "LTBI", "subject.id": "", "replica.id": "", "clone.id": "", "epitope.id": "", "tissue": "PBMC", "donor.MHC": "", "donor.MHC.method": "", "structure.id": "", "samples.found": 1, "studies.found": 1}	{"cdr3": "CSARDILAGVGWDEQFF", "cdr3_old": "CSARDILAGVGWDEQFF", "fixNeeded": false, "good": true, "jCanonical": true, "jFixType": "NoFixNeeded", "jId": "TRBJ2-1*01", "jStart": 13, "vCanonical": true, "vEnd": 4, "vFixType": "NoFixNeeded", "vId": "TRBV20-1*01"}	0
6646	TRB	CSARDLFRTSGLYEQYF	TRBV20-1*01	TRBJ2-7*01	HomoSapiens	HLA-E*01:03	B2M	MHCI	VMTTVLATL	Rv1734c	M.tuberculosis	PMID:38439958	{"identification": "tetramer-sort", "frequency": "", "singlecell": "", "sequencing": "sanger", "verification": ""}	{"study.id": "", "cell.subset": "CD8+", "subject.cohort": "LTBI", "subject.id": "", "replica.id": "", "clone.id": "", "epitope.id": "", "tissue": "PBMC", "donor.MHC": "", "donor.MHC.method": "", "structure.id": "", "samples.found": 1, "studies.found": 1}	{"cdr3": "CSARDLFRTSGLYEQYF", "cdr3_old": "CSARDLFRTSGLYEQYF", "fixNeeded": false, "good": true, "jCanonical": true, "jFixType": "NoFixNeeded", "jId": "TRBJ2-7*01", "jStart": 12, "vCanonical": true, "vEnd": 4, "vFixType": "NoFixNeeded", "vId": "TRBV20-1*01"}	0
6647	TRB	CSAREPRGADTIYF	TRBV20-1*01	TRBJ1-3*01	HomoSapiens	HLA-E*01:03	B2M	MHCI	VMTTVLATL	Rv1734c	M.tuberculosis	PMID:38439958	{"identification": "tetramer-sort", "frequency": "", "singlecell": "", "sequencing": "sanger", "verification": ""}	{"study.id": "", "cell.subset": "CD8+", "subject.cohort": "LTBI", "subject.id": "", "replica.id": "", "clone.id": "", "epitope.id": "", "tissue": "PBMC", "donor.MHC": "", "donor.MHC.method": "", "structure.id": "", "samples.found": 1, "studies.found": 1}	{"cdr3": "CSAREPRGADTIYF", "cdr3_old": "CSAREPRGADTIYF", "fixNeeded": false, "good": true, "jCanonical": true, "jFixType": "NoFixNeeded", "jId": "TRBJ1-3*01", "jStart": 10, "vCanonical": true, "vEnd": 4, "vFixType": "NoFixNeeded", "vId": "TRBV20-1*01"}	0
6648	TRB	CSVSHGNTIYF	TRBV29-1*01	TRBJ1-3*01	HomoSapiens	HLA-E*01:03	B2M	MHCI	VMTTVLATL	Rv1734c	M.tuberculosis	PMID:38439958	{"identification": "tetramer-sort", "frequency": "", "singlecell": "", "sequencing": "sanger", "verification": ""}	{"study.id": "", "cell.subset": "CD8+", "subject.cohort": "LTBI", "subject.id": "", "replica.id": "", "clone.id": "", "epitope.id": "", "tissue": "PBMC", "donor.MHC": "", "donor.MHC.method": "", "structure.id": "", "samples.found": 1, "studies.found": 1}	{"cdr3": "CSVSHGNTIYF", "cdr3_old": "CSVSHGNTIYF", "fixNeeded": false, "good": true, "jCanonical": true, "jFixType": "NoFixNeeded", "jId": "TRBJ1-3*01", "jStart": 5, "vCanonical": true, "vEnd": 3, "vFixType": "NoFixNeeded", "vId": "TRBV29-1*01"}	0
6650	TRB	CACSLLQGWAYYEQFF	TRBV5-8*01	TRBJ2-1*01	HomoSapiens	HLA-E*01:03	B2M	MHCI	VMTTVLATL	Rv1734c	M.tuberculosis	PMID:38439958	{"identification": "tetramer-sort", "frequency": "", "singlecell": "", "sequencing": "sanger", "verification": ""}	{"study.id": "", "cell.subset": "CD8+", "subject.cohort": "LTBI", "subject.id": "", "replica.id": "", "clone.id": "", "epitope.id": "", "tissue": "PBMC", "donor.MHC": "", "donor.MHC.method": "", "structure.id": "", "samples.found": 1, "studies.found": 1}	{"cdr3": "CACSLLQGWAYYEQFF", "cdr3_old": "CACSLLQGWAYYEQFF", "fixNeeded": false, "good": true, "jCanonical": true, "jFixType": "NoFixNeeded", "jId": "TRBJ2-1*01", "jStart": 12, "vCanonical": true, "vEnd": 2, "vFixType": "NoFixNeeded", "vId": "TRBV5-8*01"}	0
6651	TRB	CASSAGQKNTEAFF	TRBV6-5*01	TRBJ1-1*01	HomoSapiens	HLA-E*01:03	B2M	MHCI	VMTTVLATL	Rv1734c	M.tuberculosis	PMID:38439958	{"identification": "tetramer-sort", "frequency": "", "singlecell": "", "sequencing": "sanger", "verification": ""}	{"study.id": "", "cell.subset": "CD8+", "subject.cohort": "LTBI", "subject.id": "", "replica.id": "", "clone.id": "", "epitope.id": "", "tissue": "PBMC", "donor.MHC": "", "donor.MHC.method": "", "structure.id": "", "samples.found": 1, "studies.found": 1}	{"cdr3": "CASSAGQKNTEAFF", "cdr3_old": "CASSAGQKNTEAFF", "fixNeeded": false, "good": true, "jCanonical": true, "jFixType": "NoFixNeeded", "jId": "TRBJ1-1*01", "jStart": 8, "vCanonical": true, "vEnd": 4, "vFixType": "NoFixNeeded", "vId": "TRBV6-5*01"}	0
6652	TRB	CASSLAAWDRSYNEQFF	TRBV5-5*01	TRBJ2-1*01	HomoSapiens	HLA-E*01:03	B2M	MHCI	VMTTVLATL	Rv1734c	M.tuberculosis	PMID:38439958	{"identification": "tetramer-sort", "frequency": "", "singlecell": "", "sequencing": "sanger", "verification": ""}	{"study.id": "", "cell.subset": "CD8+", "subject.cohort": "LTBI", "subject.id": "", "replica.id": "", "clone.id": "", "epitope.id": "", "tissue": "PBMC", "donor.MHC": "", "donor.MHC.method": "", "structure.id": "", "samples.found": 1, "studies.found": 1}	{"cdr3": "CASSLAAWDRSYNEQFF", "cdr3_old": "CASSLAAWDRSYNEQFF", "fixNeeded": false, "good": true, "jCanonical": true, "jFixType": "NoFixNeeded", "jId": "TRBJ2-1*01", "jStart": 10, "vCanonical": true, "vEnd": 5, "vFixType": "NoFixNeeded", "vId": "TRBV5-5*01"}	0
6653	TRB	CASSLLQGWAYNEQFF	TRBV5-8*01	TRBJ2-1*01	HomoSapiens	HLA-E*01:03	B2M	MHCI	VMTTVLATL	Rv1734c	M.tuberculosis	PMID:38439958	{"identification": "tetramer-sort", "frequency": "", "singlecell": "", "sequencing": "sanger", "verification": ""}	{"study.id": "", "cell.subset": "CD8+", "subject.cohort": "LTBI", "subject.id": "", "replica.id": "", "clone.id": "", "epitope.id": "", "tissue": "PBMC", "donor.MHC": "", "donor.MHC.method": "", "structure.id": "", "samples.found": 1, "studies.found": 1}	{"cdr3": "CASSLLQGWAYNEQFF", "cdr3_old": "CASSLLQGWAYNEQFF", "fixNeeded": false, "good": true, "jCanonical": true, "jFixType": "NoFixNeeded", "jId": "TRBJ2-1*01", "jStart": 10, "vCanonical": true, "vEnd": 5, "vFixType": "NoFixNeeded", "vId": "TRBV5-8*01"}	0
6654	TRB	CASSLYRQVQYF	TRBV13*01	TRBJ2-3*01	HomoSapiens	HLA-E*01:03	B2M	MHCI	VMTTVLATL	Rv1734c	M.tuberculosis	PMID:38439958	{"identification": "tetramer-sort", "frequency": "", "singlecell": "", "sequencing": "sanger", "verification": ""}	{"study.id": "", "cell.subset": "CD8+", "subject.cohort": "LTBI", "subject.id": "", "replica.id": "", "clone.id": "", "epitope.id": "", "tissue": "PBMC", "donor.MHC": "", "donor.MHC.method": "", "structure.id": "", "samples.found": 1, "studies.found": 1}	{"cdr3": "CASSLYRQVQYF", "cdr3_old": "CASSLYRQVQYF", "fixNeeded": false, "good": true, "jCanonical": true, "jFixType": "NoFixNeeded", "jId": "TRBJ2-3*01", "jStart": 9, "vCanonical": true, "vEnd": 5, "vFixType": "NoFixNeeded", "vId": "TRBV13*01"}	0
6655	TRB	CASSLYRQVQYF	TRBV13*01	TRBJ2-3*01	HomoSapiens	HLA-E*01:03	B2M	MHCI	VMTTVLATL	Rv1734c	M.tuberculosis	PMID:38439958	{"identification": "tetramer-sort", "frequency": "", "singlecell": "", "sequencing": "sanger", "verification": ""}	{"study.id": "", "cell.subset": "CD8+", "subject.cohort": "LTBI", "subject.id": "", "replica.id": "", "clone.id": "", "epitope.id": "", "tissue": "PBMC", "donor.MHC": "", "donor.MHC.method": "", "structure.id": "", "samples.found": 1, "studies.found": 1}	{"cdr3": "CASSLYRQVQYF", "cdr3_old": "CASSLYRQVQYF", "fixNeeded": false, "good": true, "jCanonical": true, "jFixType": "NoFixNeeded", "jId": "TRBJ2-3*01", "jStart": 9, "vCanonical": true, "vEnd": 5, "vFixType": "NoFixNeeded", "vId": "TRBV13*01"}	0
6656	TRB	CASSQVQGVYEQYF	TRBV3-1*01	TRBJ2-7*01	HomoSapiens	HLA-E*01:03	B2M	MHCI	VMTTVLATL	Rv1734c	M.tuberculosis	PMID:38439958	{"identification": "tetramer-sort", "frequency": "", "singlecell": "", "sequencing": "sanger", "verification": ""}	{"study.id": "", "cell.subset": "CD8+", "subject.cohort": "LTBI", "subject.id": "", "replica.id": "", "clone.id": "", "epitope.id": "", "tissue": "PBMC", "donor.MHC": "", "donor.MHC.method": "", "structure.id": "", "samples.found": 1, "studies.found": 1}	{"cdr3": "CASSQVQGVYEQYF", "cdr3_old": "CASSQVQGVYEQYF", "fixNeeded": false, "good": true, "jCanonical": true, "jFixType": "NoFixNeeded", "jId": "TRBJ2-7*01", "jStart": 9, "vCanonical": true, "vEnd": 5, "vFixType": "NoFixNeeded", "vId": "TRBV3-1*01"}	0
6657	TRB	CASSRLFSREYGYTF	TRBV2*01	TRBJ1-2*01	HomoSapiens	HLA-E*01:03	B2M	MHCI	VMTTVLATL	Rv1734c	M.tuberculosis	PMID:38439958	{"identification": "tetramer-sort", "frequency": "", "singlecell": "", "sequencing": "sanger", "verification": ""}	{"study.id": "", "cell.subset": "CD8+", "subject.cohort": "LTBI", "subject.id": "", "replica.id": "", "clone.id": "", "epitope.id": "", "tissue": "PBMC", "donor.MHC": "", "donor.MHC.method": "", "structure.id": "", "samples.found": 1, "studies.found": 1}	{"cdr3": "CASSRLFSREYGYTF", "cdr3_old": "CASSRLFSREYGYTF", "fixNeeded": false, "good": true, "jCanonical": true, "jFixType": "NoFixNeeded", "jId": "TRBJ1-2*01", "jStart": 10, "vCanonical": true, "vEnd": 4, "vFixType": "NoFixNeeded", "vId": "TRBV2*01"}	0
6658	TRB	CASSRQFSREYGYTF	TRBV2*01	TRBJ1-2*01	HomoSapiens	HLA-E*01:03	B2M	MHCI	VMTTVLATL	Rv1734c	M.tuberculosis	PMID:38439958	{"identification": "tetramer-sort", "frequency": "", "singlecell": "", "sequencing": "sanger", "verification": ""}	{"study.id": "", "cell.subset": "CD8+", "subject.cohort": "LTBI", "subject.id": "", "replica.id": "", "clone.id": "", "epitope.id": "", "tissue": "PBMC", "donor.MHC": "", "donor.MHC.method": "", "structure.id": "", "samples.found": 1, "studies.found": 1}	{"cdr3": "CASSRQFSREYGYTF", "cdr3_old": "CASSRQFSREYGYTF", "fixNeeded": false, "good": true, "jCanonical": true, "jFixType": "NoFixNeeded", "jId": "TRBJ1-2*01", "jStart": 10, "vCanonical": true, "vEnd": 4, "vFixType": "NoFixNeeded", "vId": "TRBV2*01"}	0
6660	TRB	CATSRENLEGTEAFF	TRBV15*01	TRBJ1-1*01	HomoSapiens	HLA-E*01:03	B2M	MHCI	VMTTVLATL	Rv1734c	M.tuberculosis	PMID:38439958	{"identification": "tetramer-sort", "frequency": "", "singlecell": "", "sequencing": "sanger", "verification": ""}	{"study.id": "", "cell.subset": "CD8+", "subject.cohort": "LTBI", "subject.id": "", "replica.id": "", "clone.id": "", "epitope.id": "", "tissue": "PBMC", "donor.MHC": "", "donor.MHC.method": "", "structure.id": "", "samples.found": 1, "studies.found": 1}	{"cdr3": "CATSRENLEGTEAFF", "cdr3_old": "CATSRENLEGTEAFF", "fixNeeded": false, "good": true, "jCanonical": true, "jFixType": "NoFixNeeded", "jId": "TRBJ1-1*01", "jStart": 10, "vCanonical": true, "vEnd": 5, "vFixType": "NoFixNeeded", "vId": "TRBV15*01"}	0
6661	TRB	CAWSGIAGGQDTQYF	TRBV30*01	TRBJ2-3*01	HomoSapiens	HLA-E*01:03	B2M	MHCI	VMTTVLATL	Rv1734c	M.tuberculosis	PMID:38439958	{"identification": "tetramer-sort", "frequency": "", "singlecell": "", "sequencing": "sanger", "verification": ""}	{"study.id": "", "cell.subset": "CD8+", "subject.cohort": "LTBI", "subject.id": "", "replica.id": "", "clone.id": "", "epitope.id": "", "tissue": "PBMC", "donor.MHC": "", "donor.MHC.method": "", "structure.id": "", "samples.found": 1, "studies.found": 1}	{"cdr3": "CAWSGIAGGQDTQYF", "cdr3_old": "CAWSGIAGGQDTQYF", "fixNeeded": false, "good": true, "jCanonical": true, "jFixType": "NoFixNeeded", "jId": "TRBJ2-3*01", "jStart": 10, "vCanonical": true, "vEnd": 4, "vFixType": "NoFixNeeded", "vId": "TRBV30*01"}	0
6662	TRB	CAWSVDTRNTEAFF	TRBV30*01	TRBJ1-1*01	HomoSapiens	HLA-E*01:03	B2M	MHCI	VMTTVLATL	Rv1734c	M.tuberculosis	PMID:38439958	{"identification": "tetramer-sort", "frequency": "", "singlecell": "", "sequencing": "sanger", "verification": ""}	{"study.id": "", "cell.subset": "CD8+", "subject.cohort": "LTBI", "subject.id": "", "replica.id": "", "clone.id": "", "epitope.id": "", "tissue": "PBMC", "donor.MHC": "", "donor.MHC.method": "", "structure.id": "", "samples.found": 1, "studies.found": 1}	{"cdr3": "CAWSVDTRNTEAFF", "cdr3_old": "CAWSVDTRNTEAFF", "fixNeeded": false, "good": true, "jCanonical": true, "jFixType": "NoFixNeeded", "jId": "TRBJ1-1*01", "jStart": 8, "vCanonical": true, "vEnd": 4, "vFixType": "NoFixNeeded", "vId": "TRBV30*01"}	0
6663	TRB	CSAPNWGNEQFF	TRBV20-1*01	TRBJ2-1*01	HomoSapiens	HLA-E*01:03	B2M	MHCI	VMTTVLATL	Rv1734c	M.tuberculosis	PMID:38439958	{"identification": "tetramer-sort", "frequency": "", "singlecell": "", "sequencing": "sanger", "verification": ""}	{"study.id": "", "cell.subset": "CD8+", "subject.cohort": "LTBI", "subject.id": "", "replica.id": "", "clone.id": "", "epitope.id": "", "tissue": "PBMC", "donor.MHC": "", "donor.MHC.method": "", "structure.id": "", "samples.found": 1, "studies.found": 1}	{"cdr3": "CSAPNWGNEQFF", "cdr3_old": "CSAPNWGNEQFF", "fixNeeded": false, "good": true, "jCanonical": true, "jFixType": "NoFixNeeded", "jId": "TRBJ2-1*01", "jStart": 7, "vCanonical": true, "vEnd": 3, "vFixType": "NoFixNeeded", "vId": "TRBV20-1*01"}	0
6664	TRB	CSAPNWGYELFF	TRBV20-1*01	TRBJ2-1*01	HomoSapiens	HLA-E*01:03	B2M	MHCI	VMTTVLATL	Rv1734c	M.tuberculosis	PMID:38439958	{"identification": "tetramer-sort", "frequency": "", "singlecell": "", "sequencing": "sanger", "verification": ""}	{"study.id": "", "cell.subset": "CD8+", "subject.cohort": "LTBI", "subject.id": "", "replica.id": "", "clone.id": "", "epitope.id": "", "tissue": "PBMC", "donor.MHC": "", "donor.MHC.method": "", "structure.id": "", "samples.found": 1, "studies.found": 1}	{"cdr3": "CSAPNWGYELFF", "cdr3_old": "CSAPNWGYELFF", "fixNeeded": false, "good": true, "jCanonical": true, "jFixType": "NoFixNeeded", "jId": "TRBJ2-1*01", "jStart": 10, "vCanonical": true, "vEnd": 3, "vFixType": "NoFixNeeded", "vId": "TRBV20-1*01"}	0
6665	TRB	CSARGNRVLDGYTF	TRBV20-1*01	TRBJ1-2*01	HomoSapiens	HLA-E*01:03	B2M	MHCI	VMTTVLATL	Rv1734c	M.tuberculosis	PMID:38439958	{"identification": "tetramer-sort", "frequency": "", "singlecell": "", "sequencing": "sanger", "verification": ""}	{"study.id": "", "cell.subset": "CD8+", "subject.cohort": "LTBI", "subject.id": "", "replica.id": "", "clone.id": "", "epitope.id": "", "tissue": "PBMC", "donor.MHC": "", "donor.MHC.method": "", "structure.id": "", "samples.found": 1, "studies.found": 1}	{"cdr3": "CSARGNRVLDGYTF", "cdr3_old": "CSARGNRVLDGYTF", "fixNeeded": false, "good": true, "jCanonical": true, "jFixType": "NoFixNeeded", "jId": "TRBJ1-2*01", "jStart": 10, "vCanonical": true, "vEnd": 4, "vFixType": "NoFixNeeded", "vId": "TRBV20-1*01"}	0
6666	TRB	CSVDGEAIGEQFF	TRBV29-1*01	TRBJ2-1*01	HomoSapiens	HLA-E*01:03	B2M	MHCI	VMTTVLATL	Rv1734c	M.tuberculosis	PMID:38439958	{"identification": "tetramer-sort", "frequency": "", "singlecell": "", "sequencing": "sanger", "verification": ""}	{"study.id": "", "cell.subset": "CD8+", "subject.cohort": "LTBI", "subject.id": "", "replica.id": "", "clone.id": "", "epitope.id": "", "tissue": "PBMC", "donor.MHC": "", "donor.MHC.method": "", "structure.id": "", "samples.found": 1, "studies.found": 1}	{"cdr3": "CSVDGEAIGEQFF", "cdr3_old": "CSVDGEAIGEQFF", "fixNeeded": false, "good": true, "jCanonical": true, "jFixType": "NoFixNeeded", "jId": "TRBJ2-1*01", "jStart": 9, "vCanonical": true, "vEnd": 3, "vFixType": "NoFixNeeded", "vId": "TRBV29-1*01"}	0
6667	TRB	CACSIDPRGQPQHF	TRBV19*01	TRBJ1-5*01	HomoSapiens	HLA-E*01:03	B2M	MHCI	VMATRRNVL	Rv1518	M.tuberculosis	PMID:38439958	{"identification": "tetramer-sort", "frequency": "", "singlecell": "", "sequencing": "sanger", "verification": ""}	{"study.id": "", "cell.subset": "CD8+", "subject.cohort": "LTBI", "subject.id": "", "replica.id": "", "clone.id": "", "epitope.id": "", "tissue": "PBMC", "donor.MHC": "", "donor.MHC.method": "", "structure.id": "", "samples.found": 1, "studies.found": 1}	{"cdr3": "CACSIDPRGQPQHF", "cdr3_old": "CACSIDPRGQPQHF", "fixNeeded": false, "good": true, "jCanonical": true, "jFixType": "NoFixNeeded", "jId": "TRBJ1-5*01", "jStart": 9, "vCanonical": true, "vEnd": 2, "vFixType": "NoFixNeeded", "vId": "TRBV19*01"}	0
6668	TRB	CASGLGSLGGRTTGELFF	TRBV12-5*01	TRBJ2-2*01	HomoSapiens	HLA-E*01:03	B2M	MHCI	VMATRRNVL	Rv1518	M.tuberculosis	PMID:38439958	{"identification": "tetramer-sort", "frequency": "", "singlecell": "", "sequencing": "sanger", "verification": ""}	{"study.id": "", "cell.subset": "CD8+", "subject.cohort": "LTBI", "subject.id": "", "replica.id": "", "clone.id": "", "epitope.id": "", "tissue": "PBMC", "donor.MHC": "", "donor.MHC.method": "", "structure.id": "", "samples.found": 1, "studies.found": 1}	{"cdr3": "CASGLGSLGGRTTGELFF", "cdr3_old": "CASGLGSLGGRTTGELFF", "fixNeeded": false, "good": true, "jCanonical": true, "jFixType": "NoFixNeeded", "jId": "TRBJ2-2*01", "jStart": 12, "vCanonical": true, "vEnd": 5, "vFixType": "NoFixNeeded", "vId": "TRBV12-5*01"}	0
6669	TRB	CASSAGQGAYEQYF	TRBV9*01	TRBJ2-7*01	HomoSapiens	HLA-E*01:03	B2M	MHCI	VMATRRNVL	Rv1518	M.tuberculosis	PMID:38439958	{"identification": "tetramer-sort", "frequency": "", "singlecell": "", "sequencing": "sanger", "verification": ""}	{"study.id": "", "cell.subset": "CD8+", "subject.cohort": "LTBI", "subject.id": "", "replica.id": "", "clone.id": "", "epitope.id": "", "tissue": "PBMC", "donor.MHC": "", "donor.MHC.method": "", "structure.id": "", "samples.found": 1, "studies.found": 1}	{"cdr3": "CASSAGQGAYEQYF", "cdr3_old": "CASSAGQGAYEQYF", "fixNeeded": false, "good": true, "jCanonical": true, "jFixType": "NoFixNeeded", "jId": "TRBJ2-7*01", "jStart": 9, "vCanonical": true, "vEnd": 4, "vFixType": "NoFixNeeded", "vId": "TRBV9*01"}	0
6670	TRB	CASSFAGSTNYGYTF	TRBV28*01	TRBJ1-2*01	HomoSapiens	HLA-E*01:03	B2M	MHCI	VMATRRNVL	Rv1518	M.tuberculosis	PMID:38439958	{"identification": "tetramer-sort", "frequency": "", "singlecell": "", "sequencing": "sanger", "verification": ""}	{"study.id": "", "cell.subset": "CD8+", "subject.cohort": "LTBI", "subject.id": "", "replica.id": "", "clone.id": "", "epitope.id": "", "tissue": "PBMC", "donor.MHC": "", "donor.MHC.method": "", "structure.id": "", "samples.found": 1, "studies.found": 1}	{"cdr3": "CASSFAGSTNYGYTF", "cdr3_old": "CASSFAGSTNYGYTF", "fixNeeded": false, "good": true, "jCanonical": true, "jFixType": "NoFixNeeded", "jId": "TRBJ1-2*01", "jStart": 9, "vCanonical": true, "vEnd": 4, "vFixType": "NoFixNeeded", "vId": "TRBV28*01"}	0
6671	TRB	CASSLSTGVPYEQYF	TRBV27*01	TRBJ2-7*01	HomoSapiens	HLA-E*01:03	B2M	MHCI	VMATRRNVL	Rv1518	M.tuberculosis	PMID:38439958	{"identification": "tetramer-sort", "frequency": "", "singlecell": "", "sequencing": "sanger", "verification": ""}	{"study.id": "", "cell.subset": "CD8+", "subject.cohort": "LTBI", "subject.id": "", "replica.id": "", "clone.id": "", "epitope.id": "", "tissue": "PBMC", "donor.MHC": "", "donor.MHC.method": "", "structure.id": "", "samples.found": 1, "studies.found": 1}	{"cdr3": "CASSLSTGVPYEQYF", "cdr3_old": "CASSLSTGVPYEQYF", "fixNeeded": false, "good": true, "jCanonical": true, "jFixType": "NoFixNeeded", "jId": "TRBJ2-7*01", "jStart": 10, "vCanonical": true, "vEnd": 5, "vFixType": "NoFixNeeded", "vId": "TRBV27*01"}	0
6672	TRB	CASSPILGDTQYF	TRBV10-1*01	TRBJ2-3*01	HomoSapiens	HLA-E*01:03	B2M	MHCI	VMATRRNVL	Rv1518	M.tuberculosis	PMID:38439958	{"identification": "tetramer-sort", "frequency": "", "singlecell": "", "sequencing": "sanger", "verification": ""}	{"study.id": "", "cell.subset": "CD8+", "subject.cohort": "LTBI", "subject.id": "", "replica.id": "", "clone.id": "", "epitope.id": "", "tissue": "PBMC", "donor.MHC": "", "donor.MHC.method": "", "structure.id": "", "samples.found": 1, "studies.found": 1}	{"cdr3": "CASSPILGDTQYF", "cdr3_old": "CASSPILGDTQYF", "fixNeeded": false, "good": true, "jCanonical": true, "jFixType": "NoFixNeeded", "jId": "TRBJ2-3*01", "jStart": 8, "vCanonical": true, "vEnd": 4, "vFixType": "NoFixNeeded", "vId": "TRBV10-1*01"}	0
6673	TRB	CASSPNENEQYF	TRBV4-1*01	TRBJ2-7*01	HomoSapiens	HLA-E*01:03	B2M	MHCI	VMATRRNVL	Rv1518	M.tuberculosis	PMID:38439958	{"identification": "tetramer-sort", "frequency": "", "singlecell": "", "sequencing": "sanger", "verification": ""}	{"study.id": "", "cell.subset": "CD8+", "subject.cohort": "LTBI", "subject.id": "", "replica.id": "", "clone.id": "", "epitope.id": "", "tissue": "PBMC", "donor.MHC": "", "donor.MHC.method": "", "structure.id": "", "samples.found": 1, "studies.found": 1}	{"cdr3": "CASSPNENEQYF", "cdr3_old": "CASSPNENEQYF", "fixNeeded": false, "good": true, "jCanonical": true, "jFixType": "NoFixNeeded", "jId": "TRBJ2-7*01", "jStart": 8, "vCanonical": true, "vEnd": 4, "vFixType": "NoFixNeeded", "vId": "TRBV4-1*01"}	0
6674	TRB	CASSSRLDEQFF	TRBV27*01	TRBJ2-1*01	HomoSapiens	HLA-E*01:03	B2M	MHCI	VMATRRNVL	Rv1518	M.tuberculosis	PMID:38439958	{"identification": "tetramer-sort", "frequency": "", "singlecell": "", "sequencing": "sanger", "verification": ""}	{"study.id": "", "cell.subset": "CD8+", "subject.cohort": "LTBI", "subject.id": "", "replica.id": "", "clone.id": "", "epitope.id": "", "tissue": "PBMC", "donor.MHC": "", "donor.MHC.method": "", "structure.id": "", "samples.found": 1, "studies.found": 1}	{"cdr3": "CASSSRLDEQFF", "cdr3_old": "CASSSRLDEQFF", "fixNeeded": false, "good": true, "jCanonical": true, "jFixType": "NoFixNeeded", "jId": "TRBJ2-1*01", "jStart": 8, "vCanonical": true, "vEnd": 4, "vFixType": "NoFixNeeded", "vId": "TRBV27*01"}	0
6675	TRB	CATSDSLGEQYF	TRBV24-1*01	TRBJ2-7*01	HomoSapiens	HLA-E*01:03	B2M	MHCI	VMATRRNVL	Rv1518	M.tuberculosis	PMID:38439958	{"identification": "tetramer-sort", "frequency": "", "singlecell": "", "sequencing": "sanger", "verification": ""}	{"study.id": "", "cell.subset": "CD8+", "subject.cohort": "LTBI", "subject.id": "", "replica.id": "", "clone.id": "", "epitope.id": "", "tissue": "PBMC", "donor.MHC": "", "donor.MHC.method": "", "structure.id": "", "samples.found": 1, "studies.found": 1}	{"cdr3": "CATSDSLGEQYF", "cdr3_old": "CATSDSLGEQYF", "fixNeeded": false, "good": true, "jCanonical": true, "jFixType": "NoFixNeeded", "jId": "TRBJ2-7*01", "jStart": 8, "vCanonical": true, "vEnd": 5, "vFixType": "NoFixNeeded", "vId": "TRBV24-1*01"}	0
6677	TRB	CAGTDRRYQETQYF	TRBV30*01	TRBJ2-5*01	HomoSapiens	HLA-E*01:03	B2M	MHCI	VMATRRNVL	Rv1518	M.tuberculosis	PMID:38439958	{"identification": "tetramer-sort", "frequency": "", "singlecell": "", "sequencing": "sanger", "verification": ""}	{"study.id": "", "cell.subset": "CD8+", "subject.cohort": "LTBI", "subject.id": "", "replica.id": "", "clone.id": "", "epitope.id": "", "tissue": "PBMC", "donor.MHC": "", "donor.MHC.method": "", "structure.id": "", "samples.found": 1, "studies.found": 1}	{"cdr3": "CAGTDRRYQETQYF", "cdr3_old": "CAGTDRRYQETQYF", "fixNeeded": false, "good": true, "jCanonical": true, "jFixType": "NoFixNeeded", "jId": "TRBJ2-5*01", "jStart": 8, "vCanonical": true, "vEnd": 2, "vFixType": "NoFixNeeded", "vId": "TRBV30*01"}	0
6678	TRB	CAISEPCGRSYGYTF	TRBV10-3*01	TRBJ1-2*01	HomoSapiens	HLA-E*01:03	B2M	MHCI	VMATRRNVL	Rv1518	M.tuberculosis	PMID:38439958	{"identification": "tetramer-sort", "frequency": "", "singlecell": "", "sequencing": "sanger", "verification": ""}	{"study.id": "", "cell.subset": "CD8+", "subject.cohort": "LTBI", "subject.id": "", "replica.id": "", "clone.id": "", "epitope.id": "", "tissue": "PBMC", "donor.MHC": "", "donor.MHC.method": "", "structure.id": "", "samples.found": 1, "studies.found": 1}	{"cdr3": "CAISEPCGRSYGYTF", "cdr3_old": "CAISEPCGRSYGYTF", "fixNeeded": false, "good": true, "jCanonical": true, "jFixType": "NoFixNeeded", "jId": "TRBJ1-2*01", "jStart": 10, "vCanonical": true, "vEnd": 5, "vFixType": "NoFixNeeded", "vId": "TRBV10-3*01"}	0
6679	TRB	CAISEPWGGSYGYTF	TRBV10-3*01	TRBJ1-2*01	HomoSapiens	HLA-E*01:03	B2M	MHCI	VMATRRNVL	Rv1518	M.tuberculosis	PMID:38439958	{"identification": "tetramer-sort", "frequency": "", "singlecell": "", "sequencing": "sanger", "verification": ""}	{"study.id": "", "cell.subset": "CD8+", "subject.cohort": "LTBI", "subject.id": "", "replica.id": "", "clone.id": "", "epitope.id": "", "tissue": "PBMC", "donor.MHC": "", "donor.MHC.method": "", "structure.id": "", "samples.found": 1, "studies.found": 1}	{"cdr3": "CAISEPWGGSYGYTF", "cdr3_old": "CAISEPWGGSYGYTF", "fixNeeded": false, "good": true, "jCanonical": true, "jFixType": "NoFixNeeded", "jId": "TRBJ1-2*01", "jStart": 10, "vCanonical": true, "vEnd": 5, "vFixType": "NoFixNeeded", "vId": "TRBV10-3*01"}	0
6680	TRB	CAITIDRTYGYTF	TRBV10-3*01	TRBJ1-2*01	HomoSapiens	HLA-E*01:03	B2M	MHCI	VMATRRNVL	Rv1518	M.tuberculosis	PMID:38439958	{"identification": "tetramer-sort", "frequency": "", "singlecell": "", "sequencing": "sanger", "verification": ""}	{"study.id": "", "cell.subset": "CD8+", "subject.cohort": "LTBI", "subject.id": "", "replica.id": "", "clone.id": "", "epitope.id": "", "tissue": "PBMC", "donor.MHC": "", "donor.MHC.method": "", "structure.id": "", "samples.found": 1, "studies.found": 1}	{"cdr3": "CAITIDRTYGYTF", "cdr3_old": "CAITIDRTYGYTF", "fixNeeded": false, "good": true, "jCanonical": true, "jFixType": "NoFixNeeded", "jId": "TRBJ1-2*01", "jStart": 8, "vCanonical": true, "vEnd": 3, "vFixType": "NoFixNeeded", "vId": "TRBV10-3*01"}	0
6681	TRB	CASGTGTSGEYQETQYF	TRBV2*01	TRBJ2-5*01	HomoSapiens	HLA-E*01:03	B2M	MHCI	VMATRRNVL	Rv1518	M.tuberculosis	PMID:38439958	{"identification": "tetramer-sort", "frequency": "", "singlecell": "", "sequencing": "sanger", "verification": ""}	{"study.id": "", "cell.subset": "CD8+", "subject.cohort": "LTBI", "subject.id": "", "replica.id": "", "clone.id": "", "epitope.id": "", "tissue": "PBMC", "donor.MHC": "", "donor.MHC.method": "", "structure.id": "", "samples.found": 1, "studies.found": 1}	{"cdr3": "CASGTGTSGEYQETQYF", "cdr3_old": "CASGTGTSGEYQETQYF", "fixNeeded": false, "good": true, "jCanonical": true, "jFixType": "NoFixNeeded", "jId": "TRBJ2-5*01", "jStart": 11, "vCanonical": true, "vEnd": 3, "vFixType": "NoFixNeeded", "vId": "TRBV2*01"}	0
6682	TRB	CASNHGTSTDTQYF	TRBV9*01	TRBJ2-3*01	HomoSapiens	HLA-E*01:03	B2M	MHCI	VMATRRNVL	Rv1518	M.tuberculosis	PMID:38439958	{"identification": "tetramer-sort", "frequency": "", "singlecell": "", "sequencing": "sanger", "verification": ""}	{"study.id": "", "cell.subset": "CD8+", "subject.cohort": "LTBI", "subject.id": "", "replica.id": "", "clone.id": "", "epitope.id": "", "tissue": "PBMC", "donor.MHC": "", "donor.MHC.method": "", "structure.id": "", "samples.found": 1, "studies.found": 1}	{"cdr3": "CASNHGTSTDTQYF", "cdr3_old": "CASNHGTSTDTQYF", "fixNeeded": false, "good": true, "jCanonical": true, "jFixType": "NoFixNeeded", "jId": "TRBJ2-3*01", "jStart": 7, "vCanonical": true, "vEnd": 3, "vFixType": "NoFixNeeded", "vId": "TRBV9*01"}	0
6683	TRB	CASQDRTSYEQYF	TRBV27*01	TRBJ2-7*01	HomoSapiens	HLA-E*01:03	B2M	MHCI	VMATRRNVL	Rv1518	M.tuberculosis	PMID:38439958	{"identification": "tetramer-sort", "frequency": "", "singlecell": "", "sequencing": "sanger", "verification": ""}	{"study.id": "", "cell.subset": "CD8+", "subject.cohort": "LTBI", "subject.id": "", "replica.id": "", "clone.id": "", "epitope.id": "", "tissue": "PBMC", "donor.MHC": "", "donor.MHC.method": "", "structure.id": "", "samples.found": 1, "studies.found": 1}	{"cdr3": "CASQDRTSYEQYF", "cdr3_old": "CASQDRTSYEQYF", "fixNeeded": false, "good": true, "jCanonical": true, "jFixType": "NoFixNeeded", "jId": "TRBJ2-7*01", "jStart": 7, "vCanonical": true, "vEnd": 3, "vFixType": "NoFixNeeded", "vId": "TRBV27*01"}	0
6684	TRB	CASSAFTKYGYTF	TRBV25-1*01	TRBJ1-2*01	HomoSapiens	HLA-E*01:03	B2M	MHCI	VMATRRNVL	Rv1518	M.tuberculosis	PMID:38439958	{"identification": "tetramer-sort", "frequency": "", "singlecell": "", "sequencing": "sanger", "verification": ""}	{"study.id": "", "cell.subset": "CD8+", "subject.cohort": "LTBI", "subject.id": "", "replica.id": "", "clone.id": "", "epitope.id": "", "tissue": "PBMC", "donor.MHC": "", "donor.MHC.method": "", "structure.id": "", "samples.found": 1, "studies.found": 1}	{"cdr3": "CASSAFTKYGYTF", "cdr3_old": "CASSAFTKYGYTF", "fixNeeded": false, "good": true, "jCanonical": true, "jFixType": "NoFixNeeded", "jId": "TRBJ1-2*01", "jStart": 8, "vCanonical": true, "vEnd": 4, "vFixType": "NoFixNeeded", "vId": "TRBV25-1*01"}	0
6685	TRB	CASSCGQAYGYTF	TRBV12-4*01	TRBJ1-2*01	HomoSapiens	HLA-E*01:03	B2M	MHCI	VMATRRNVL	Rv1518	M.tuberculosis	PMID:38439958	{"identification": "tetramer-sort", "frequency": "", "singlecell": "", "sequencing": "sanger", "verification": ""}	{"study.id": "", "cell.subset": "CD8+", "subject.cohort": "LTBI", "subject.id": "", "replica.id": "", "clone.id": "", "epitope.id": "", "tissue": "PBMC", "donor.MHC": "", "donor.MHC.method": "", "structure.id": "", "samples.found": 1, "studies.found": 1}	{"cdr3": "CASSCGQAYGYTF", "cdr3_old": "CASSCGQAYGYTF", "fixNeeded": false, "good": true, "jCanonical": true, "jFixType": "NoFixNeeded", "jId": "TRBJ1-2*01", "jStart": 8, "vCanonical": true, "vEnd": 4, "vFixType": "NoFixNeeded", "vId": "TRBV12-4*01"}	0
6686	TRB	CASSDSHQVGDHNEQFF	TRBV6-4*01	TRBJ2-1*01	HomoSapiens	HLA-E*01:03	B2M	MHCI	VMATRRNVL	Rv1518	M.tuberculosis	PMID:38439958	{"identification": "tetramer-sort", "frequency": "", "singlecell": "", "sequencing": "sanger", "verification": ""}	{"study.id": "", "cell.subset": "CD8+", "subject.cohort": "LTBI", "subject.id": "", "replica.id": "", "clone.id": "", "epitope.id": "", "tissue": "PBMC", "donor.MHC": "", "donor.MHC.method": "", "structure.id": "", "samples.found": 1, "studies.found": 1}	{"cdr3": "CASSDSHQVGDHNEQFF", "cdr3_old": "CASSDSHQVGDHNEQFF", "fixNeeded": false, "good": true, "jCanonical": true, "jFixType": "NoFixNeeded", "jId": "TRBJ2-1*01", "jStart": 12, "vCanonical": true, "vEnd": 5, "vFixType": "NoFixNeeded", "vId": "TRBV6-4*01"}	0
6687	TRB	CASSFGGGSGYTF	TRBV28*01	TRBJ1-2*01	HomoSapiens	HLA-E*01:03	B2M	MHCI	VMATRRNVL	Rv1518	M.tuberculosis	PMID:38439958	{"identification": "tetramer-sort", "frequency": "", "singlecell": "", "sequencing": "sanger", "verification": ""}	{"study.id": "", "cell.subset": "CD8+", "subject.cohort": "LTBI", "subject.id": "", "replica.id": "", "clone.id": "", "epitope.id": "", "tissue": "PBMC", "donor.MHC": "", "donor.MHC.method": "", "structure.id": "", "samples.found": 1, "studies.found": 1}	{"cdr3": "CASSFGGGSGYTF", "cdr3_old": "CASSFGGGSGYTF", "fixNeeded": false, "good": true, "jCanonical": true, "jFixType": "NoFixNeeded", "jId": "TRBJ1-2*01", "jStart": 9, "vCanonical": true, "vEnd": 4, "vFixType": "NoFixNeeded", "vId": "TRBV28*01"}	0
6688	TRB	CASSFLDRSDIQYF	TRBV19*01	TRBJ2-4*01	HomoSapiens	HLA-E*01:03	B2M	MHCI	VMATRRNVL	Rv1518	M.tuberculosis	PMID:38439958	{"identification": "tetramer-sort", "frequency": "", "singlecell": "", "sequencing": "sanger", "verification": ""}	{"study.id": "", "cell.subset": "CD8+", "subject.cohort": "LTBI", "subject.id": "", "replica.id": "", "clone.id": "", "epitope.id": "", "tissue": "PBMC", "donor.MHC": "", "donor.MHC.method": "", "structure.id": "", "samples.found": 1, "studies.found": 1}	{"cdr3": "CASSFLDRSDIQYF", "cdr3_old": "CASSFLDRSDIQYF", "fixNeeded": false, "good": true, "jCanonical": true, "jFixType": "NoFixNeeded", "jId": "TRBJ2-4*01", "jStart": 10, "vCanonical": true, "vEnd": 4, "vFixType": "NoFixNeeded", "vId": "TRBV19*01"}	0
6689	TRB	CASSGDSPYEQYF	TRBV9*01	TRBJ2-7*01	HomoSapiens	HLA-E*01:03	B2M	MHCI	VMATRRNVL	Rv1518	M.tuberculosis	PMID:38439958	{"identification": "tetramer-sort", "frequency": "", "singlecell": "", "sequencing": "sanger", "verification": ""}	{"study.id": "", "cell.subset": "CD8+", "subject.cohort": "LTBI", "subject.id": "", "replica.id": "", "clone.id": "", "epitope.id": "", "tissue": "PBMC", "donor.MHC": "", "donor.MHC.method": "", "structure.id": "", "samples.found": 1, "studies.found": 1}	{"cdr3": "CASSGDSPYEQYF", "cdr3_old": "CASSGDSPYEQYF", "fixNeeded": false, "good": true, "jCanonical": true, "jFixType": "NoFixNeeded", "jId": "TRBJ2-7*01", "jStart": 8, "vCanonical": true, "vEnd": 4, "vFixType": "NoFixNeeded", "vId": "TRBV9*01"}	0
6690	TRB	CASSGSGTIYF	TRBV9*01	TRBJ1-3*01	HomoSapiens	HLA-E*01:03	B2M	MHCI	VMATRRNVL	Rv1518	M.tuberculosis	PMID:38439958	{"identification": "tetramer-sort", "frequency": "", "singlecell": "", "sequencing": "sanger", "verification": ""}	{"study.id": "", "cell.subset": "CD8+", "subject.cohort": "LTBI", "subject.id": "", "replica.id": "", "clone.id": "", "epitope.id": "", "tissue": "PBMC", "donor.MHC": "", "donor.MHC.method": "", "structure.id": "", "samples.found": 1, "studies.found": 1}	{"cdr3": "CASSGSGTIYF", "cdr3_old": "CASSGSGTIYF", "fixNeeded": false, "good": true, "jCanonical": true, "jFixType": "NoFixNeeded", "jId": "TRBJ1-3*01", "jStart": 7, "vCanonical": true, "vEnd": 4, "vFixType": "NoFixNeeded", "vId": "TRBV9*01"}	0
6691	TRB	CASSINGISSYEQYF	TRBV19*01	TRBJ2-7*01	HomoSapiens	HLA-E*01:03	B2M	MHCI	VMATRRNVL	Rv1518	M.tuberculosis	PMID:38439958	{"identification": "tetramer-sort", "frequency": "", "singlecell": "", "sequencing": "sanger", "verification": ""}	{"study.id": "", "cell.subset": "CD8+", "subject.cohort": "LTBI", "subject.id": "", "replica.id": "", "clone.id": "", "epitope.id": "", "tissue": "PBMC", "donor.MHC": "", "donor.MHC.method": "", "structure.id": "", "samples.found": 1, "studies.found": 1}	{"cdr3": "CASSINGISSYEQYF", "cdr3_old": "CASSINGISSYEQYF", "fixNeeded": false, "good": true, "jCanonical": true, "jFixType": "NoFixNeeded", "jId": "TRBJ2-7*01", "jStart": 9, "vCanonical": true, "vEnd": 5, "vFixType": "NoFixNeeded", "vId": "TRBV19*01"}	0
6692	TRB	CASSLAPGGGRMLNEKLFF	TRBV7-9*01	TRBJ1-4*01	HomoSapiens	HLA-E*01:03	B2M	MHCI	VMATRRNVL	Rv1518	M.tuberculosis	PMID:38439958	{"identification": "tetramer-sort", "frequency": "", "singlecell": "", "sequencing": "sanger", "verification": ""}	{"study.id": "", "cell.subset": "CD8+", "subject.cohort": "LTBI", "subject.id": "", "replica.id": "", "clone.id": "", "epitope.id": "", "tissue": "PBMC", "donor.MHC": "", "donor.MHC.method": "", "structure.id": "", "samples.found": 1, "studies.found": 1}	{"cdr3": "CASSLAPGGGRMLNEKLFF", "cdr3_old": "CASSLAPGGGRMLNEKLFF", "fixNeeded": false, "good": true, "jCanonical": true, "jFixType": "NoFixNeeded", "jId": "TRBJ1-4*01", "jStart": 13, "vCanonical": true, "vEnd": 5, "vFixType": "NoFixNeeded", "vId": "TRBV7-9*01"}	0
6693	TRB	CASSLAVSSYNEQFF	TRBV11-1*01	TRBJ2-1*01	HomoSapiens	HLA-E*01:03	B2M	MHCI	VMATRRNVL	Rv1518	M.tuberculosis	PMID:38439958	{"identification": "tetramer-sort", "frequency": "", "singlecell": "", "sequencing": "sanger", "verification": ""}	{"study.id": "", "cell.subset": "CD8+", "subject.cohort": "LTBI", "subject.id": "", "replica.id": "", "clone.id": "", "epitope.id": "", "tissue": "PBMC", "donor.MHC": "", "donor.MHC.method": "", "structure.id": "", "samples.found": 1, "studies.found": 1}	{"cdr3": "CASSLAVSSYNEQFF", "cdr3_old": "CASSLAVSSYNEQFF", "fixNeeded": false, "good": true, "jCanonical": true, "jFixType": "NoFixNeeded", "jId": "TRBJ2-1*01", "jStart": 8, "vCanonical": true, "vEnd": 5, "vFixType": "NoFixNeeded", "vId": "TRBV11-1*01"}	0
6694	TRB	CASSLGEGTGEAFF	TRBV13*01	TRBJ1-1*01	HomoSapiens	HLA-E*01:03	B2M	MHCI	VMATRRNVL	Rv1518	M.tuberculosis	PMID:38439958	{"identification": "tetramer-sort", "frequency": "", "singlecell": "", "sequencing": "sanger", "verification": ""}	{"study.id": "", "cell.subset": "CD8+", "subject.cohort": "LTBI", "subject.id": "", "replica.id": "", "clone.id": "", "epitope.id": "", "tissue": "PBMC", "donor.MHC": "", "donor.MHC.method": "", "structure.id": "", "samples.found": 1, "studies.found": 1}	{"cdr3": "CASSLGEGTGEAFF", "cdr3_old": "CASSLGEGTGEAFF", "fixNeeded": false, "good": true, "jCanonical": true, "jFixType": "NoFixNeeded", "jId": "TRBJ1-1*01", "jStart": 10, "vCanonical": true, "vEnd": 5, "vFixType": "NoFixNeeded", "vId": "TRBV13*01"}	0
6695	TRB	CASSLGVSGANVLTF	TRBV28*01	TRBJ2-6*01	HomoSapiens	HLA-E*01:03	B2M	MHCI	VMATRRNVL	Rv1518	M.tuberculosis	PMID:38439958	{"identification": "tetramer-sort", "frequency": "", "singlecell": "", "sequencing": "sanger", "verification": ""}	{"study.id": "", "cell.subset": "CD8+", "subject.cohort": "LTBI", "subject.id": "", "replica.id": "", "clone.id": "", "epitope.id": "", "tissue": "PBMC", "donor.MHC": "", "donor.MHC.method": "", "structure.id": "", "samples.found": 1, "studies.found": 1}	{"cdr3": "CASSLGVSGANVLTF", "cdr3_old": "CASSLGVSGANVLTF", "fixNeeded": false, "good": true, "jCanonical": true, "jFixType": "NoFixNeeded", "jId": "TRBJ2-6*01", "jStart": 7, "vCanonical": true, "vEnd": 5, "vFixType": "NoFixNeeded", "vId": "TRBV28*01"}	0
6696	TRB	CASSLGVSGANVLTF	TRBV28*01	TRBJ2-6*01	HomoSapiens	HLA-E*01:03	B2M	MHCI	VMATRRNVL	Rv1518	M.tuberculosis	PMID:38439958	{"identification": "tetramer-sort", "frequency": "", "singlecell": "", "sequencing": "sanger", "verification": ""}	{"study.id": "", "cell.subset": "CD8+", "subject.cohort": "LTBI", "subject.id": "", "replica.id": "", "clone.id": "", "epitope.id": "", "tissue": "PBMC", "donor.MHC": "", "donor.MHC.method": "", "structure.id": "", "samples.found": 1, "studies.found": 1}	{"cdr3": "CASSLGVSGANVLTF", "cdr3_old": "CASSLGVSGANVLTF", "fixNeeded": false, "good": true, "jCanonical": true, "jFixType": "NoFixNeeded", "jId": "TRBJ2-6*01", "jStart": 7, "vCanonical": true, "vEnd": 5, "vFixType": "NoFixNeeded", "vId": "TRBV28*01"}	0
6697	TRB	CASSLRVSSYNEQFF	TRBV28*01	TRBJ2-1*01	HomoSapiens	HLA-E*01:03	B2M	MHCI	VMATRRNVL	Rv1518	M.tuberculosis	PMID:38439958	{"identification": "tetramer-sort", "frequency": "", "singlecell": "", "sequencing": "sanger", "verification": ""}	{"study.id": "", "cell.subset": "CD8+", "subject.cohort": "LTBI", "subject.id": "", "replica.id": "", "clone.id": "", "epitope.id": "", "tissue": "PBMC", "donor.MHC": "", "donor.MHC.method": "", "structure.id": "", "samples.found": 1, "studies.found": 1}	{"cdr3": "CASSLRVSSYNEQFF", "cdr3_old": "CASSLRVSSYNEQFF", "fixNeeded": false, "good": true, "jCanonical": true, "jFixType": "NoFixNeeded", "jId": "TRBJ2-1*01", "jStart": 8, "vCanonical": true, "vEnd": 5, "vFixType": "NoFixNeeded", "vId": "TRBV28*01"}	0
6698	TRB	CASSLSLAGGYEQYF	TRBV27*01	TRBJ2-7*01	HomoSapiens	HLA-E*01:03	B2M	MHCI	VMATRRNVL	Rv1518	M.tuberculosis	PMID:38439958	{"identification": "tetramer-sort", "frequency": "", "singlecell": "", "sequencing": "sanger", "verification": ""}	{"study.id": "", "cell.subset": "CD8+", "subject.cohort": "LTBI", "subject.id": "", "replica.id": "", "clone.id": "", "epitope.id": "", "tissue": "PBMC", "donor.MHC": "", "donor.MHC.method": "", "structure.id": "", "samples.found": 1, "studies.found": 1}	{"cdr3": "CASSLSLAGGYEQYF", "cdr3_old": "CASSLSLAGGYEQYF", "fixNeeded": false, "good": true, "jCanonical": true, "jFixType": "NoFixNeeded", "jId": "TRBJ2-7*01", "jStart": 10, "vCanonical": true, "vEnd": 5, "vFixType": "NoFixNeeded", "vId": "TRBV27*01"}	0
6699	TRB	CASSMRTSGRVYEQYF	TRBV19*01	TRBJ2-7*01	HomoSapiens	HLA-E*01:03	B2M	MHCI	VMATRRNVL	Rv1518	M.tuberculosis	PMID:38439958	{"identification": "tetramer-sort", "frequency": "", "singlecell": "", "sequencing": "sanger", "verification": ""}	{"study.id": "", "cell.subset": "CD8+", "subject.cohort": "LTBI", "subject.id": "", "replica.id": "", "clone.id": "", "epitope.id": "", "tissue": "PBMC", "donor.MHC": "", "donor.MHC.method": "", "structure.id": "", "samples.found": 1, "studies.found": 1}	{"cdr3": "CASSMRTSGRVYEQYF", "cdr3_old": "CASSMRTSGRVYEQYF", "fixNeeded": false, "good": true, "jCanonical": true, "jFixType": "NoFixNeeded", "jId": "TRBJ2-7*01", "jStart": 11, "vCanonical": true, "vEnd": 4, "vFixType": "NoFixNeeded", "vId": "TRBV19*01"}	0
6700	TRB	CASSNNPVYQPQHF	TRBV28*01	TRBJ1-5*01	HomoSapiens	HLA-E*01:03	B2M	MHCI	VMATRRNVL	Rv1518	M.tuberculosis	PMID:38439958	{"identification": "tetramer-sort", "frequency": "", "singlecell": "", "sequencing": "sanger", "verification": ""}	{"study.id": "", "cell.subset": "CD8+", "subject.cohort": "LTBI", "subject.id": "", "replica.id": "", "clone.id": "", "epitope.id": "", "tissue": "PBMC", "donor.MHC": "", "donor.MHC.method": "", "structure.id": "", "samples.found": 1, "studies.found": 1}	{"cdr3": "CASSNNPVYQPQHF", "cdr3_old": "CASSNNPVYQPQHF", "fixNeeded": false, "good": true, "jCanonical": true, "jFixType": "NoFixNeeded", "jId": "TRBJ1-5*01", "jStart": 9, "vCanonical": true, "vEnd": 4, "vFixType": "NoFixNeeded", "vId": "TRBV28*01"}	0
6701	TRB	CASSNQRDRISPGANVLTF	TRBV7-9*01	TRBJ2-6*01	HomoSapiens	HLA-E*01:03	B2M	MHCI	VMATRRNVL	Rv1518	M.tuberculosis	PMID:38439958	{"identification": "tetramer-sort", "frequency": "", "singlecell": "", "sequencing": "sanger", "verification": ""}	{"study.id": "", "cell.subset": "CD8+", "subject.cohort": "LTBI", "subject.id": "", "replica.id": "", "clone.id": "", "epitope.id": "", "tissue": "PBMC", "donor.MHC": "", "donor.MHC.method": "", "structure.id": "", "samples.found": 1, "studies.found": 1}	{"cdr3": "CASSNQRDRISPGANVLTF", "cdr3_old": "CASSNQRDRISPGANVLTF", "fixNeeded": false, "good": true, "jCanonical": true, "jFixType": "NoFixNeeded", "jId": "TRBJ2-6*01", "jStart": 12, "vCanonical": true, "vEnd": 4, "vFixType": "NoFixNeeded", "vId": "TRBV7-9*01"}	0
6702	TRB	CASSPGTYNEQFF	TRBV7-6*01	TRBJ2-1*01	HomoSapiens	HLA-E*01:03	B2M	MHCI	VMATRRNVL	Rv1518	M.tuberculosis	PMID:38439958	{"identification": "tetramer-sort", "frequency": "", "singlecell": "", "sequencing": "sanger", "verification": ""}	{"study.id": "", "cell.subset": "CD8+", "subject.cohort": "LTBI", "subject.id": "", "replica.id": "", "clone.id": "", "epitope.id": "", "tissue": "PBMC", "donor.MHC": "", "donor.MHC.method": "", "structure.id": "", "samples.found": 1, "studies.found": 1}	{"cdr3": "CASSPGTYNEQFF", "cdr3_old": "CASSPGTYNEQFF", "fixNeeded": false, "good": true, "jCanonical": true, "jFixType": "NoFixNeeded", "jId": "TRBJ2-1*01", "jStart": 7, "vCanonical": true, "vEnd": 4, "vFixType": "NoFixNeeded", "vId": "TRBV7-6*01"}	0
6703	TRB	CASSPIGGPTNYGYTF	TRBV28*01	TRBJ1-2*01	HomoSapiens	HLA-E*01:03	B2M	MHCI	VMATRRNVL	Rv1518	M.tuberculosis	PMID:38439958	{"identification": "tetramer-sort", "frequency": "", "singlecell": "", "sequencing": "sanger", "verification": ""}	{"study.id": "", "cell.subset": "CD8+", "subject.cohort": "LTBI", "subject.id": "", "replica.id": "", "clone.id": "", "epitope.id": "", "tissue": "PBMC", "donor.MHC": "", "donor.MHC.method": "", "structure.id": "", "samples.found": 1, "studies.found": 1}	{"cdr3": "CASSPIGGPTNYGYTF", "cdr3_old": "CASSPIGGPTNYGYTF", "fixNeeded": false, "good": true, "jCanonical": true, "jFixType": "NoFixNeeded", "jId": "TRBJ1-2*01", "jStart": 10, "vCanonical": true, "vEnd": 4, "vFixType": "NoFixNeeded", "vId": "TRBV28*01"}	0
6704	TRB	CASSPRWQGDEAFF	TRBV27*01	TRBJ1-1*01	HomoSapiens	HLA-E*01:03	B2M	MHCI	VMATRRNVL	Rv1518	M.tuberculosis	PMID:38439958	{"identification": "tetramer-sort", "frequency": "", "singlecell": "", "sequencing": "sanger", "verification": ""}	{"study.id": "", "cell.subset": "CD8+", "subject.cohort": "LTBI", "subject.id": "", "replica.id": "", "clone.id": "", "epitope.id": "", "tissue": "PBMC", "donor.MHC": "", "donor.MHC.method": "", "structure.id": "", "samples.found": 1, "studies.found": 1}	{"cdr3": "CASSPRWQGDEAFF", "cdr3_old": "CASSPRWQGDEAFF", "fixNeeded": false, "good": true, "jCanonical": true, "jFixType": "NoFixNeeded", "jId": "TRBJ1-1*01", "jStart": 10, "vCanonical": true, "vEnd": 4, "vFixType": "NoFixNeeded", "vId": "TRBV27*01"}	0
6706	TRB	CASSQDPTDTQYF	TRBV3-1*01	TRBJ2-3*01	HomoSapiens	HLA-E*01:03	B2M	MHCI	VMATRRNVL	Rv1518	M.tuberculosis	PMID:38439958	{"identification": "tetramer-sort", "frequency": "", "singlecell": "", "sequencing": "sanger", "verification": ""}	{"study.id": "", "cell.subset": "CD8+", "subject.cohort": "LTBI", "subject.id": "", "replica.id": "", "clone.id": "", "epitope.id": "", "tissue": "PBMC", "donor.MHC": "", "donor.MHC.method": "", "structure.id": "", "samples.found": 1, "studies.found": 1}	{"cdr3": "CASSQDPTDTQYF", "cdr3_old": "CASSQDPTDTQYF", "fixNeeded": false, "good": true, "jCanonical": true, "jFixType": "NoFixNeeded", "jId": "TRBJ2-3*01", "jStart": 7, "vCanonical": true, "vEnd": 5, "vFixType": "NoFixNeeded", "vId": "TRBV3-1*01"}	0
6707	TRB	CASSQEDWTEQETQYF	TRBV3-1*01	TRBJ2-5*01	HomoSapiens	HLA-E*01:03	B2M	MHCI	VMATRRNVL	Rv1518	M.tuberculosis	PMID:38439958	{"identification": "tetramer-sort", "frequency": "", "singlecell": "", "sequencing": "sanger", "verification": ""}	{"study.id": "", "cell.subset": "CD8+", "subject.cohort": "LTBI", "subject.id": "", "replica.id": "", "clone.id": "", "epitope.id": "", "tissue": "PBMC", "donor.MHC": "", "donor.MHC.method": "", "structure.id": "", "samples.found": 1, "studies.found": 1}	{"cdr3": "CASSQEDWTEQETQYF", "cdr3_old": "CASSQEDWTEQETQYF", "fixNeeded": false, "good": true, "jCanonical": true, "jFixType": "NoFixNeeded", "jId": "TRBJ2-5*01", "jStart": 10, "vCanonical": true, "vEnd": 5, "vFixType": "NoFixNeeded", "vId": "TRBV3-1*01"}	0
6708	TRB	CASSRGGHCEQYF	TRBV27*01	TRBJ2-7*01	HomoSapiens	HLA-E*01:03	B2M	MHCI	VMATRRNVL	Rv1518	M.tuberculosis	PMID:38439958	{"identification": "tetramer-sort", "frequency": "", "singlecell": "", "sequencing": "sanger", "verification": ""}	{"study.id": "", "cell.subset": "CD8+", "subject.cohort": "LTBI", "subject.id": "", "replica.id": "", "clone.id": "", "epitope.id": "", "tissue": "PBMC", "donor.MHC": "", "donor.MHC.method": "", "structure.id": "", "samples.found": 1, "studies.found": 1}	{"cdr3": "CASSRGGHCEQYF", "cdr3_old": "CASSRGGHCEQYF", "fixNeeded": false, "good": true, "jCanonical": true, "jFixType": "NoFixNeeded", "jId": "TRBJ2-7*01", "jStart": 9, "vCanonical": true, "vEnd": 4, "vFixType": "NoFixNeeded", "vId": "TRBV27*01"}	0
6709	TRB	CASSTGTTYEQYF	TRBV12-4*01	TRBJ2-7*01	HomoSapiens	HLA-E*01:03	B2M	MHCI	VMATRRNVL	Rv1518	M.tuberculosis	PMID:38439958	{"identification": "tetramer-sort", "frequency": "", "singlecell": "", "sequencing": "sanger", "verification": ""}	{"study.id": "", "cell.subset": "CD8+", "subject.cohort": "LTBI", "subject.id": "", "replica.id": "", "clone.id": "", "epitope.id": "", "tissue": "PBMC", "donor.MHC": "", "donor.MHC.method": "", "structure.id": "", "samples.found": 1, "studies.found": 1}	{"cdr3": "CASSTGTTYEQYF", "cdr3_old": "CASSTGTTYEQYF", "fixNeeded": false, "good": true, "jCanonical": true, "jFixType": "NoFixNeeded", "jId": "TRBJ2-7*01", "jStart": 8, "vCanonical": true, "vEnd": 4, "vFixType": "NoFixNeeded", "vId": "TRBV12-4*01"}	0
6710	TRB	CASSVGAASTDTQYF	TRBV9*01	TRBJ2-3*01	HomoSapiens	HLA-E*01:03	B2M	MHCI	VMATRRNVL	Rv1518	M.tuberculosis	PMID:38439958	{"identification": "tetramer-sort", "frequency": "", "singlecell": "", "sequencing": "sanger", "verification": ""}	{"study.id": "", "cell.subset": "CD8+", "subject.cohort": "LTBI", "subject.id": "", "replica.id": "", "clone.id": "", "epitope.id": "", "tissue": "PBMC", "donor.MHC": "", "donor.MHC.method": "", "structure.id": "", "samples.found": 1, "studies.found": 1}	{"cdr3": "CASSVGAASTDTQYF", "cdr3_old": "CASSVGAASTDTQYF", "fixNeeded": false, "good": true, "jCanonical": true, "jFixType": "NoFixNeeded", "jId": "TRBJ2-3*01", "jStart": 8, "vCanonical": true, "vEnd": 5, "vFixType": "NoFixNeeded", "vId": "TRBV9*01"}	0
6711	TRB	CAWSALGQDNSPLHF	TRBV30*01	TRBJ1-6*01	HomoSapiens	HLA-E*01:03	B2M	MHCI	VMATRRNVL	Rv1518	M.tuberculosis	PMID:38439958	{"identification": "tetramer-sort", "frequency": "", "singlecell": "", "sequencing": "sanger", "verification": ""}	{"study.id": "", "cell.subset": "CD8+", "subject.cohort": "LTBI", "subject.id": "", "replica.id": "", "clone.id": "", "epitope.id": "", "tissue": "PBMC", "donor.MHC": "", "donor.MHC.method": "", "structure.id": "", "samples.found": 1, "studies.found": 1}	{"cdr3": "CAWSALGQDNSPLHF", "cdr3_old": "CAWSALGQDNSPLHF", "fixNeeded": false, "good": true, "jCanonical": true, "jFixType": "NoFixNeeded", "jId": "TRBJ1-6*01", "jStart": 9, "vCanonical": true, "vEnd": 4, "vFixType": "NoFixNeeded", "vId": "TRBV30*01"}	0
6712	TRB	CSAKTGTRRTGELFF	TRBV20-1*01	TRBJ2-2*01	HomoSapiens	HLA-E*01:03	B2M	MHCI	VMATRRNVL	Rv1518	M.tuberculosis	PMID:38439958	{"identification": "tetramer-sort", "frequency": "", "singlecell": "", "sequencing": "sanger", "verification": ""}	{"study.id": "", "cell.subset": "CD8+", "subject.cohort": "LTBI", "subject.id": "", "replica.id": "", "clone.id": "", "epitope.id": "", "tissue": "PBMC", "donor.MHC": "", "donor.MHC.method": "", "structure.id": "", "samples.found": 1, "studies.found": 1}	{"cdr3": "CSAKTGTRRTGELFF", "cdr3_old": "CSAKTGTRRTGELFF", "fixNeeded": false, "good": true, "jCanonical": true, "jFixType": "NoFixNeeded", "jId": "TRBJ2-2*01", "jStart": 9, "vCanonical": true, "vEnd": 3, "vFixType": "NoFixNeeded", "vId": "TRBV20-1*01"}	0
6713	TRB	CSAREAGWNLYEQYF	TRBV20-1*01	TRBJ2-7*01	HomoSapiens	HLA-E*01:03	B2M	MHCI	VMATRRNVL	Rv1518	M.tuberculosis	PMID:38439958	{"identification": "tetramer-sort", "frequency": "", "singlecell": "", "sequencing": "sanger", "verification": ""}	{"study.id": "", "cell.subset": "CD8+", "subject.cohort": "LTBI", "subject.id": "", "replica.id": "", "clone.id": "", "epitope.id": "", "tissue": "PBMC", "donor.MHC": "", "donor.MHC.method": "", "structure.id": "", "samples.found": 1, "studies.found": 1}	{"cdr3": "CSAREAGWNLYEQYF", "cdr3_old": "CSAREAGWNLYEQYF", "fixNeeded": false, "good": true, "jCanonical": true, "jFixType": "NoFixNeeded", "jId": "TRBJ2-7*01", "jStart": 10, "vCanonical": true, "vEnd": 4, "vFixType": "NoFixNeeded", "vId": "TRBV20-1*01"}	0
6714	TRB	CASSHPGTSAILSTTGELFF	TRBV6-6*01	TRBJ2-2*01	HomoSapiens	HLA-E*01:03	B2M	MHCI	VMATRRNVL	Rv1518	M.tuberculosis	PMID:38439958	{"identification": "tetramer-sort", "frequency": "", "singlecell": "", "sequencing": "sanger", "verification": ""}	{"study.id": "", "cell.subset": "CD8+", "subject.cohort": "LTBI", "subject.id": "", "replica.id": "", "clone.id": "", "epitope.id": "", "tissue": "PBMC", "donor.MHC": "", "donor.MHC.method": "", "structure.id": "", "samples.found": 1, "studies.found": 1}	{"cdr3": "CASSHPGTSAILSTTGELFF", "cdr3_old": "WASSHPGTSAILSTTGELFL", "fixNeeded": true, "good": true, "jCanonical": true, "jFixType": "FixReplace", "jId": "TRBJ2-2*01", "jStart": 15, "vCanonical": true, "vEnd": 3, "vFixType": "FixReplace", "vId": "TRBV6-6*01"}	0
6715	TRB	CAGSIGTGELFF	TRBV19*01	TRBJ2-2*01	HomoSapiens	HLA-E*01:03	B2M	MHCI	VMATRRNVL	Rv1518	M.tuberculosis	PMID:38439958	{"identification": "tetramer-sort", "frequency": "", "singlecell": "", "sequencing": "sanger", "verification": ""}	{"study.id": "", "cell.subset": "CD8+", "subject.cohort": "LTBI", "subject.id": "", "replica.id": "", "clone.id": "", "epitope.id": "", "tissue": "PBMC", "donor.MHC": "", "donor.MHC.method": "", "structure.id": "", "samples.found": 1, "studies.found": 1}	{"cdr3": "CAGSIGTGELFF", "cdr3_old": "CAGSIGTGELFF", "fixNeeded": false, "good": true, "jCanonical": true, "jFixType": "NoFixNeeded", "jId": "TRBJ2-2*01", "jStart": 6, "vCanonical": true, "vEnd": 2, "vFixType": "NoFixNeeded", "vId": "TRBV19*01"}	0
6717	TRB	CALWLGLAATGELFF	TRBV30*01	TRBJ2-2*01	HomoSapiens	HLA-E*01:03	B2M	MHCI	VMATRRNVL	Rv1518	M.tuberculosis	PMID:38439958	{"identification": "tetramer-sort", "frequency": "", "singlecell": "", "sequencing": "sanger", "verification": ""}	{"study.id": "", "cell.subset": "CD8+", "subject.cohort": "LTBI", "subject.id": "", "replica.id": "", "clone.id": "", "epitope.id": "", "tissue": "PBMC", "donor.MHC": "", "donor.MHC.method": "", "structure.id": "", "samples.found": 1, "studies.found": 1}	{"cdr3": "CALWLGLAATGELFF", "cdr3_old": "CALWLGLAATGELFF", "fixNeeded": false, "good": true, "jCanonical": true, "jFixType": "NoFixNeeded", "jId": "TRBJ2-2*01", "jStart": 9, "vCanonical": true, "vEnd": 2, "vFixType": "NoFixNeeded", "vId": "TRBV30*01"}	0
6718	TRB	CASCDLGWRQPQHF	TRBV2*01	TRBJ1-5*01	HomoSapiens	HLA-E*01:03	B2M	MHCI	VMATRRNVL	Rv1518	M.tuberculosis	PMID:38439958	{"identification": "tetramer-sort", "frequency": "", "singlecell": "", "sequencing": "sanger", "verification": ""}	{"study.id": "", "cell.subset": "CD8+", "subject.cohort": "LTBI", "subject.id": "", "replica.id": "", "clone.id": "", "epitope.id": "", "tissue": "PBMC", "donor.MHC": "", "donor.MHC.method": "", "structure.id": "", "samples.found": 1, "studies.found": 1}	{"cdr3": "CASCDLGWRQPQHF", "cdr3_old": "CASCDLGWRQPQHF", "fixNeeded": false, "good": true, "jCanonical": true, "jFixType": "NoFixNeeded", "jId": "TRBJ1-5*01", "jStart": 9, "vCanonical": true, "vEnd": 3, "vFixType": "NoFixNeeded", "vId": "TRBV2*01"}	0
6719	TRB	CASGSTSLSTDTQYF	TRBV7-9*01	TRBJ2-3*01	HomoSapiens	HLA-E*01:03	B2M	MHCI	VMATRRNVL	Rv1518	M.tuberculosis	PMID:38439958	{"identification": "tetramer-sort", "frequency": "", "singlecell": "", "sequencing": "sanger", "verification": ""}	{"study.id": "", "cell.subset": "CD8+", "subject.cohort": "LTBI", "subject.id": "", "replica.id": "", "clone.id": "", "epitope.id": "", "tissue": "PBMC", "donor.MHC": "", "donor.MHC.method": "", "structure.id": "", "samples.found": 1, "studies.found": 1}	{"cdr3": "CASGSTSLSTDTQYF", "cdr3_old": "CASGSTSLSTDTQYF", "fixNeeded": false, "good": true, "jCanonical": true, "jFixType": "NoFixNeeded", "jId": "TRBJ2-3*01", "jStart": 8, "vCanonical": true, "vEnd": 3, "vFixType": "NoFixNeeded", "vId": "TRBV7-9*01"}	0
6720	TRB	CASGTSGSVYNEQFF	TRBV28*01	TRBJ2-1*01	HomoSapiens	HLA-E*01:03	B2M	MHCI	VMATRRNVL	Rv1518	M.tuberculosis	PMID:38439958	{"identification": "tetramer-sort", "frequency": "", "singlecell": "", "sequencing": "sanger", "verification": ""}	{"study.id": "", "cell.subset": "CD8+", "subject.cohort": "LTBI", "subject.id": "", "replica.id": "", "clone.id": "", "epitope.id": "", "tissue": "PBMC", "donor.MHC": "", "donor.MHC.method": "", "structure.id": "", "samples.found": 1, "studies.found": 1}	{"cdr3": "CASGTSGSVYNEQFF", "cdr3_old": "CASGTSGSVYNEQFF", "fixNeeded": false, "good": true, "jCanonical": true, "jFixType": "NoFixNeeded", "jId": "TRBJ2-1*01", "jStart": 9, "vCanonical": true, "vEnd": 3, "vFixType": "NoFixNeeded", "vId": "TRBV28*01"}	0
6721	TRB	CASKLWPNYNEQFF	TRBV28*01	TRBJ2-1*01	HomoSapiens	HLA-E*01:03	B2M	MHCI	VMATRRNVL	Rv1518	M.tuberculosis	PMID:38439958	{"identification": "tetramer-sort", "frequency": "", "singlecell": "", "sequencing": "sanger", "verification": ""}	{"study.id": "", "cell.subset": "CD8+", "subject.cohort": "LTBI", "subject.id": "", "replica.id": "", "clone.id": "", "epitope.id": "", "tissue": "PBMC", "donor.MHC": "", "donor.MHC.method": "", "structure.id": "", "samples.found": 1, "studies.found": 1}	{"cdr3": "CASKLWPNYNEQFF", "cdr3_old": "CASKLWPNYNEQFF", "fixNeeded": false, "good": true, "jCanonical": true, "jFixType": "NoFixNeeded", "jId": "TRBJ2-1*01", "jStart": 8, "vCanonical": true, "vEnd": 3, "vFixType": "NoFixNeeded", "vId": "TRBV28*01"}	0
6722	TRB	CASNFNGEGETQYF	TRBV11-1*01	TRBJ2-5*01	HomoSapiens	HLA-E*01:03	B2M	MHCI	VMATRRNVL	Rv1518	M.tuberculosis	PMID:38439958	{"identification": "tetramer-sort", "frequency": "", "singlecell": "", "sequencing": "sanger", "verification": ""}	{"study.id": "", "cell.subset": "CD8+", "subject.cohort": "LTBI", "subject.id": "", "replica.id": "", "clone.id": "", "epitope.id": "", "tissue": "PBMC", "donor.MHC": "", "donor.MHC.method": "", "structure.id": "", "samples.found": 1, "studies.found": 1}	{"cdr3": "CASNFNGEGETQYF", "cdr3_old": "CASNFNGEGETQYF", "fixNeeded": false, "good": true, "jCanonical": true, "jFixType": "NoFixNeeded", "jId": "TRBJ2-5*01", "jStart": 9, "vCanonical": true, "vEnd": 3, "vFixType": "NoFixNeeded", "vId": "TRBV11-1*01"}	0
6723	TRB	CASRGTGGAWEQYF	TRBV5-6*01	TRBJ2-7*01	HomoSapiens	HLA-E*01:03	B2M	MHCI	VMATRRNVL	Rv1518	M.tuberculosis	PMID:38439958	{"identification": "tetramer-sort", "frequency": "", "singlecell": "", "sequencing": "sanger", "verification": ""}	{"study.id": "", "cell.subset": "CD8+", "subject.cohort": "LTBI", "subject.id": "", "replica.id": "", "clone.id": "", "epitope.id": "", "tissue": "PBMC", "donor.MHC": "", "donor.MHC.method": "", "structure.id": "", "samples.found": 1, "studies.found": 1}	{"cdr3": "CASRGTGGAWEQYF", "cdr3_old": "CASRGTGGAWEQYV", "fixNeeded": true, "good": true, "jCanonical": true, "jFixType": "FixReplace", "jId": "TRBJ2-7*01", "jStart": 11, "vCanonical": true, "vEnd": 3, "vFixType": "NoFixNeeded", "vId": "TRBV5-6*01"}	0
6724	TRB	CASRLAGRETQYF	TRBV11-2*01	TRBJ2-5*01	HomoSapiens	HLA-E*01:03	B2M	MHCI	VMATRRNVL	Rv1518	M.tuberculosis	PMID:38439958	{"identification": "tetramer-sort", "frequency": "", "singlecell": "", "sequencing": "sanger", "verification": ""}	{"study.id": "", "cell.subset": "CD8+", "subject.cohort": "LTBI", "subject.id": "", "replica.id": "", "clone.id": "", "epitope.id": "", "tissue": "PBMC", "donor.MHC": "", "donor.MHC.method": "", "structure.id": "", "samples.found": 1, "studies.found": 1}	{"cdr3": "CASRLAGRETQYF", "cdr3_old": "CASRLAGRETQYF", "fixNeeded": false, "good": true, "jCanonical": true, "jFixType": "NoFixNeeded", "jId": "TRBJ2-5*01", "jStart": 8, "vCanonical": true, "vEnd": 3, "vFixType": "NoFixNeeded", "vId": "TRBV11-2*01"}	0
6725	TRB	CASSADGQGVGEQFF	TRBV12-4*01	TRBJ2-1*01	HomoSapiens	HLA-E*01:03	B2M	MHCI	VMATRRNVL	Rv1518	M.tuberculosis	PMID:38439958	{"identification": "tetramer-sort", "frequency": "", "singlecell": "", "sequencing": "sanger", "verification": ""}	{"study.id": "", "cell.subset": "CD8+", "subject.cohort": "LTBI", "subject.id": "", "replica.id": "", "clone.id": "", "epitope.id": "", "tissue": "PBMC", "donor.MHC": "", "donor.MHC.method": "", "structure.id": "", "samples.found": 1, "studies.found": 1}	{"cdr3": "CASSADGQGVGEQFF", "cdr3_old": "CASSADGQGVGEQFF", "fixNeeded": false, "good": true, "jCanonical": true, "jFixType": "NoFixNeeded", "jId": "TRBJ2-1*01", "jStart": 11, "vCanonical": true, "vEnd": 4, "vFixType": "NoFixNeeded", "vId": "TRBV12-4*01"}	0
6726	TRB	CASSALLALSYNEQFF	TRBV3-1*01	TRBJ2-1*01	HomoSapiens	HLA-E*01:03	B2M	MHCI	VMATRRNVL	Rv1518	M.tuberculosis	PMID:38439958	{"identification": "tetramer-sort", "frequency": "", "singlecell": "", "sequencing": "sanger", "verification": ""}	{"study.id": "", "cell.subset": "CD8+", "subject.cohort": "LTBI", "subject.id": "", "replica.id": "", "clone.id": "", "epitope.id": "", "tissue": "PBMC", "donor.MHC": "", "donor.MHC.method": "", "structure.id": "", "samples.found": 1, "studies.found": 1}	{"cdr3": "CASSALLALSYNEQFF", "cdr3_old": "CASSALLALSYNEQFF", "fixNeeded": false, "good": true, "jCanonical": true, "jFixType": "NoFixNeeded", "jId": "TRBJ2-1*01", "jStart": 9, "vCanonical": true, "vEnd": 4, "vFixType": "NoFixNeeded", "vId": "TRBV3-1*01"}	0
6727	TRB	CASSELAGAPPTDTQYF	TRBV6-1*01	TRBJ2-3*01	HomoSapiens	HLA-E*01:03	B2M	MHCI	VMATRRNVL	Rv1518	M.tuberculosis	PMID:38439958	{"identification": "tetramer-sort", "frequency": "", "singlecell": "", "sequencing": "sanger", "verification": ""}	{"study.id": "", "cell.subset": "CD8+", "subject.cohort": "LTBI", "subject.id": "", "replica.id": "", "clone.id": "", "epitope.id": "", "tissue": "PBMC", "donor.MHC": "", "donor.MHC.method": "", "structure.id": "", "samples.found": 1, "studies.found": 1}	{"cdr3": "CASSELAGAPPTDTQYF", "cdr3_old": "CASSELAGAPPTDTQYF", "fixNeeded": false, "good": true, "jCanonical": true, "jFixType": "NoFixNeeded", "jId": "TRBJ2-3*01", "jStart": 11, "vCanonical": true, "vEnd": 5, "vFixType": "NoFixNeeded", "vId": "TRBV6-1*01"}	0
6728	TRB	CASSFDPPPLPSGTDLRPNSPLHF	TRBV27*01	TRBJ1-6*01	HomoSapiens	HLA-E*01:03	B2M	MHCI	VMATRRNVL	Rv1518	M.tuberculosis	PMID:38439958	{"identification": "tetramer-sort", "frequency": "", "singlecell": "", "sequencing": "sanger", "verification": ""}	{"study.id": "", "cell.subset": "CD8+", "subject.cohort": "LTBI", "subject.id": "", "replica.id": "", "clone.id": "", "epitope.id": "", "tissue": "PBMC", "donor.MHC": "", "donor.MHC.method": "", "structure.id": "", "samples.found": 1, "studies.found": 1}	{"cdr3": "CASSFDPPPLPSGTDLRPNSPLHF", "cdr3_old": "CASSFDPPPLPSGTDLRPNSPLHF", "fixNeeded": false, "good": true, "jCanonical": true, "jFixType": "NoFixNeeded", "jId": "TRBJ1-6*01", "jStart": 18, "vCanonical": true, "vEnd": 4, "vFixType": "NoFixNeeded", "vId": "TRBV27*01"}	0
6729	TRB	CASSFGGNTGELFF	TRBV7-9*01	TRBJ2-2*01	HomoSapiens	HLA-E*01:03	B2M	MHCI	VMATRRNVL	Rv1518	M.tuberculosis	PMID:38439958	{"identification": "tetramer-sort", "frequency": "", "singlecell": "", "sequencing": "sanger", "verification": ""}	{"study.id": "", "cell.subset": "CD8+", "subject.cohort": "LTBI", "subject.id": "", "replica.id": "", "clone.id": "", "epitope.id": "", "tissue": "PBMC", "donor.MHC": "", "donor.MHC.method": "", "structure.id": "", "samples.found": 1, "studies.found": 1}	{"cdr3": "CASSFGGNTGELFF", "cdr3_old": "CASSFGGNTGELFF", "fixNeeded": false, "good": true, "jCanonical": true, "jFixType": "NoFixNeeded", "jId": "TRBJ2-2*01", "jStart": 7, "vCanonical": true, "vEnd": 4, "vFixType": "NoFixNeeded", "vId": "TRBV7-9*01"}	0
6730	TRB	CASSFTLMGQPQHF	TRBV9*01	TRBJ1-5*01	HomoSapiens	HLA-E*01:03	B2M	MHCI	VMATRRNVL	Rv1518	M.tuberculosis	PMID:38439958	{"identification": "tetramer-sort", "frequency": "", "singlecell": "", "sequencing": "sanger", "verification": ""}	{"study.id": "", "cell.subset": "CD8+", "subject.cohort": "LTBI", "subject.id": "", "replica.id": "", "clone.id": "", "epitope.id": "", "tissue": "PBMC", "donor.MHC": "", "donor.MHC.method": "", "structure.id": "", "samples.found": 1, "studies.found": 1}	{"cdr3": "CASSFTLMGQPQHF", "cdr3_old": "CASSFTLMGQPQHF", "fixNeeded": false, "good": true, "jCanonical": true, "jFixType": "NoFixNeeded", "jId": "TRBJ1-5*01", "jStart": 9, "vCanonical": true, "vEnd": 4, "vFixType": "NoFixNeeded", "vId": "TRBV9*01"}	0
6731	TRB	CASSGEVYSTDTQYF	TRBV9*01	TRBJ2-3*01	HomoSapiens	HLA-E*01:03	B2M	MHCI	VMATRRNVL	Rv1518	M.tuberculosis	PMID:38439958	{"identification": "tetramer-sort", "frequency": "", "singlecell": "", "sequencing": "sanger", "verification": ""}	{"study.id": "", "cell.subset": "CD8+", "subject.cohort": "LTBI", "subject.id": "", "replica.id": "", "clone.id": "", "epitope.id": "", "tissue": "PBMC", "donor.MHC": "", "donor.MHC.method": "", "structure.id": "", "samples.found": 1, "studies.found": 1}	{"cdr3": "CASSGEVYSTDTQYF", "cdr3_old": "CASSGEVYSTDTQYF", "fixNeeded": false, "good": true, "jCanonical": true, "jFixType": "NoFixNeeded", "jId": "TRBJ2-3*01", "jStart": 8, "vCanonical": true, "vEnd": 4, "vFixType": "NoFixNeeded", "vId": "TRBV9*01"}	0
6732	TRB	CASSIGLNTEAFF	TRBV19*01	TRBJ1-1*01	HomoSapiens	HLA-E*01:03	B2M	MHCI	VMATRRNVL	Rv1518	M.tuberculosis	PMID:38439958	{"identification": "tetramer-sort", "frequency": "", "singlecell": "", "sequencing": "sanger", "verification": ""}	{"study.id": "", "cell.subset": "CD8+", "subject.cohort": "LTBI", "subject.id": "", "replica.id": "", "clone.id": "", "epitope.id": "", "tissue": "PBMC", "donor.MHC": "", "donor.MHC.method": "", "structure.id": "", "samples.found": 1, "studies.found": 1}	{"cdr3": "CASSIGLNTEAFF", "cdr3_old": "CASSIGLNTEAFF", "fixNeeded": false, "good": true, "jCanonical": true, "jFixType": "NoFixNeeded", "jId": "TRBJ1-1*01", "jStart": 7, "vCanonical": true, "vEnd": 5, "vFixType": "NoFixNeeded", "vId": "TRBV19*01"}	0
6733	TRB	CASSLAASGATYNEQFF	TRBV27*01	TRBJ2-1*01	HomoSapiens	HLA-E*01:03	B2M	MHCI	VMATRRNVL	Rv1518	M.tuberculosis	PMID:38439958	{"identification": "tetramer-sort", "frequency": "", "singlecell": "", "sequencing": "sanger", "verification": ""}	{"study.id": "", "cell.subset": "CD8+", "subject.cohort": "LTBI", "subject.id": "", "replica.id": "", "clone.id": "", "epitope.id": "", "tissue": "PBMC", "donor.MHC": "", "donor.MHC.method": "", "structure.id": "", "samples.found": 1, "studies.found": 1}	{"cdr3": "CASSLAASGATYNEQFF", "cdr3_old": "CASSLAASGATYNEQFF", "fixNeeded": false, "good": true, "jCanonical": true, "jFixType": "NoFixNeeded", "jId": "TRBJ2-1*01", "jStart": 11, "vCanonical": true, "vEnd": 5, "vFixType": "NoFixNeeded", "vId": "TRBV27*01"}	0
6734	TRB	CASSLAATSISSYNEQFF	TRBV7-9*01	TRBJ2-1*01	HomoSapiens	HLA-E*01:03	B2M	MHCI	VMATRRNVL	Rv1518	M.tuberculosis	PMID:38439958	{"identification": "tetramer-sort", "frequency": "", "singlecell": "", "sequencing": "sanger", "verification": ""}	{"study.id": "", "cell.subset": "CD8+", "subject.cohort": "LTBI", "subject.id": "", "replica.id": "", "clone.id": "", "epitope.id": "", "tissue": "PBMC", "donor.MHC": "", "donor.MHC.method": "", "structure.id": "", "samples.found": 1, "studies.found": 1}	{"cdr3": "CASSLAATSISSYNEQFF", "cdr3_old": "CASSLAATSISSYNEQFF", "fixNeeded": false, "good": true, "jCanonical": true, "jFixType": "NoFixNeeded", "jId": "TRBJ2-1*01", "jStart": 11, "vCanonical": true, "vEnd": 5, "vFixType": "NoFixNeeded", "vId": "TRBV7-9*01"}	0
6735	TRB	CASSLAATSISSYNEQFF	TRBV7-9*01	TRBJ2-1*01	HomoSapiens	HLA-E*01:03	B2M	MHCI	VMATRRNVL	Rv1518	M.tuberculosis	PMID:38439958	{"identification": "tetramer-sort", "frequency": "", "singlecell": "", "sequencing": "sanger", "verification": ""}	{"study.id": "", "cell.subset": "CD8+", "subject.cohort": "LTBI", "subject.id": "", "replica.id": "", "clone.id": "", "epitope.id": "", "tissue": "PBMC", "donor.MHC": "", "donor.MHC.method": "", "structure.id": "", "samples.found": 1, "studies.found": 1}	{"cdr3": "CASSLAATSISSYNEQFF", "cdr3_old": "CASSLAATSISSYNEQFF", "fixNeeded": false, "good": true, "jCanonical": true, "jFixType": "NoFixNeeded", "jId": "TRBJ2-1*01", "jStart": 11, "vCanonical": true, "vEnd": 5, "vFixType": "NoFixNeeded", "vId": "TRBV7-9*01"}	0
6737	TRB	CASSLETPSNQPQHF	TRBV27*01	TRBJ1-5*01	HomoSapiens	HLA-E*01:03	B2M	MHCI	VMATRRNVL	Rv1518	M.tuberculosis	PMID:38439958	{"identification": "tetramer-sort", "frequency": "", "singlecell": "", "sequencing": "sanger", "verification": ""}	{"study.id": "", "cell.subset": "CD8+", "subject.cohort": "LTBI", "subject.id": "", "replica.id": "", "clone.id": "", "epitope.id": "", "tissue": "PBMC", "donor.MHC": "", "donor.MHC.method": "", "structure.id": "", "samples.found": 1, "studies.found": 1}	{"cdr3": "CASSLETPSNQPQHF", "cdr3_old": "CASSLETPSNQPQHF", "fixNeeded": false, "good": true, "jCanonical": true, "jFixType": "NoFixNeeded", "jId": "TRBJ1-5*01", "jStart": 8, "vCanonical": true, "vEnd": 5, "vFixType": "NoFixNeeded", "vId": "TRBV27*01"}	0
6738	TRB	CASSLGSGQLVYGYTF	TRBV7-9*01	TRBJ1-2*01	HomoSapiens	HLA-E*01:03	B2M	MHCI	VMATRRNVL	Rv1518	M.tuberculosis	PMID:38439958	{"identification": "tetramer-sort", "frequency": "", "singlecell": "", "sequencing": "sanger", "verification": ""}	{"study.id": "", "cell.subset": "CD8+", "subject.cohort": "LTBI", "subject.id": "", "replica.id": "", "clone.id": "", "epitope.id": "", "tissue": "PBMC", "donor.MHC": "", "donor.MHC.method": "", "structure.id": "", "samples.found": 1, "studies.found": 1}	{"cdr3": "CASSLGSGQLVYGYTF", "cdr3_old": "CASSLGSGQLVYGYTF", "fixNeeded": false, "good": true, "jCanonical": true, "jFixType": "NoFixNeeded", "jId": "TRBJ1-2*01", "jStart": 11, "vCanonical": true, "vEnd": 5, "vFixType": "NoFixNeeded", "vId": "TRBV7-9*01"}	0
6739	TRB	CASSLKGWTSGRTDTQYF	TRBV5-6*01	TRBJ2-3*01	HomoSapiens	HLA-E*01:03	B2M	MHCI	VMATRRNVL	Rv1518	M.tuberculosis	PMID:38439958	{"identification": "tetramer-sort", "frequency": "", "singlecell": "", "sequencing": "sanger", "verification": ""}	{"study.id": "", "cell.subset": "CD8+", "subject.cohort": "LTBI", "subject.id": "", "replica.id": "", "clone.id": "", "epitope.id": "", "tissue": "PBMC", "donor.MHC": "", "donor.MHC.method": "", "structure.id": "", "samples.found": 1, "studies.found": 1}	{"cdr3": "CASSLKGWTSGRTDTQYF", "cdr3_old": "CASSLKGWTSGRTDTQYF", "fixNeeded": false, "good": true, "jCanonical": true, "jFixType": "NoFixNeeded", "jId": "TRBJ2-3*01", "jStart": 12, "vCanonical": true, "vEnd": 5, "vFixType": "NoFixNeeded", "vId": "TRBV5-6*01"}	0
6740	TRB	CASSLNGGSNQPQHF	TRBV7-2*01	TRBJ1-5*01	HomoSapiens	HLA-E*01:03	B2M	MHCI	VMATRRNVL	Rv1518	M.tuberculosis	PMID:38439958	{"identification": "tetramer-sort", "frequency": "", "singlecell": "", "sequencing": "sanger", "verification": ""}	{"study.id": "", "cell.subset": "CD8+", "subject.cohort": "LTBI", "subject.id": "", "replica.id": "", "clone.id": "", "epitope.id": "", "tissue": "PBMC", "donor.MHC": "", "donor.MHC.method": "", "structure.id": "", "samples.found": 1, "studies.found": 1}	{"cdr3": "CASSLNGGSNQPQHF", "cdr3_old": "CASSLNGGSNQPQHF", "fixNeeded": false, "good": true, "jCanonical": true, "jFixType": "NoFixNeeded", "jId": "TRBJ1-5*01", "jStart": 8, "vCanonical": true, "vEnd": 5, "vFixType": "NoFixNeeded", "vId": "TRBV7-2*01"}	0
6741	TRB	CASSPGGMNTEAFF	TRBV18*01	TRBJ1-1*01	HomoSapiens	HLA-E*01:03	B2M	MHCI	VMATRRNVL	Rv1518	M.tuberculosis	PMID:38439958	{"identification": "tetramer-sort", "frequency": "", "singlecell": "", "sequencing": "sanger", "verification": ""}	{"study.id": "", "cell.subset": "CD8+", "subject.cohort": "LTBI", "subject.id": "", "replica.id": "", "clone.id": "", "epitope.id": "", "tissue": "PBMC", "donor.MHC": "", "donor.MHC.method": "", "structure.id": "", "samples.found": 1, "studies.found": 1}	{"cdr3": "CASSPGGMNTEAFF", "cdr3_old": "CASSPGGMNTEAFF", "fixNeeded": false, "good": true, "jCanonical": true, "jFixType": "NoFixNeeded", "jId": "TRBJ1-1*01", "jStart": 8, "vCanonical": true, "vEnd": 5, "vFixType": "NoFixNeeded", "vId": "TRBV18*01"}	0
6742	TRB	CASSSGQARYEQYF	TRBV13*01	TRBJ2-7*01	HomoSapiens	HLA-E*01:03	B2M	MHCI	VMATRRNVL	Rv1518	M.tuberculosis	PMID:38439958	{"identification": "tetramer-sort", "frequency": "", "singlecell": "", "sequencing": "sanger", "verification": ""}	{"study.id": "", "cell.subset": "CD8+", "subject.cohort": "LTBI", "subject.id": "", "replica.id": "", "clone.id": "", "epitope.id": "", "tissue": "PBMC", "donor.MHC": "", "donor.MHC.method": "", "structure.id": "", "samples.found": 1, "studies.found": 1}	{"cdr3": "CASSSGQARYEQYF", "cdr3_old": "CASSSGQARYEQYF", "fixNeeded": false, "good": true, "jCanonical": true, "jFixType": "NoFixNeeded", "jId": "TRBJ2-7*01", "jStart": 9, "vCanonical": true, "vEnd": 4, "vFixType": "NoFixNeeded", "vId": "TRBV13*01"}	0
6743	TRB	CASSYEEGSYEQYF	TRBV6-6*01	TRBJ2-7*01	HomoSapiens	HLA-E*01:03	B2M	MHCI	VMATRRNVL	Rv1518	M.tuberculosis	PMID:38439958	{"identification": "tetramer-sort", "frequency": "", "singlecell": "", "sequencing": "sanger", "verification": ""}	{"study.id": "", "cell.subset": "CD8+", "subject.cohort": "LTBI", "subject.id": "", "replica.id": "", "clone.id": "", "epitope.id": "", "tissue": "PBMC", "donor.MHC": "", "donor.MHC.method": "", "structure.id": "", "samples.found": 1, "studies.found": 1}	{"cdr3": "CASSYEEGSYEQYF", "cdr3_old": "CASSYEEGSYEQYF", "fixNeeded": false, "good": true, "jCanonical": true, "jFixType": "NoFixNeeded", "jId": "TRBJ2-7*01", "jStart": 8, "vCanonical": true, "vEnd": 5, "vFixType": "NoFixNeeded", "vId": "TRBV6-6*01"}	0
6744	TRB	CASSYSSRGNEKLFF	TRBV6-5*01	TRBJ1-4*01	HomoSapiens	HLA-E*01:03	B2M	MHCI	VMATRRNVL	Rv1518	M.tuberculosis	PMID:38439958	{"identification": "tetramer-sort", "frequency": "", "singlecell": "", "sequencing": "sanger", "verification": ""}	{"study.id": "", "cell.subset": "CD8+", "subject.cohort": "LTBI", "subject.id": "", "replica.id": "", "clone.id": "", "epitope.id": "", "tissue": "PBMC", "donor.MHC": "", "donor.MHC.method": "", "structure.id": "", "samples.found": 1, "studies.found": 1}	{"cdr3": "CASSYSSRGNEKLFF", "cdr3_old": "CASSYSSRGNEKLFF", "fixNeeded": false, "good": true, "jCanonical": true, "jFixType": "NoFixNeeded", "jId": "TRBJ1-4*01", "jStart": 9, "vCanonical": true, "vEnd": 5, "vFixType": "NoFixNeeded", "vId": "TRBV6-5*01"}	0
6745	TRB	CASTRRTSSANEQFF	TRBV5-6*01	TRBJ2-1*01	HomoSapiens	HLA-E*01:03	B2M	MHCI	VMATRRNVL	Rv1518	M.tuberculosis	PMID:38439958	{"identification": "tetramer-sort", "frequency": "", "singlecell": "", "sequencing": "sanger", "verification": ""}	{"study.id": "", "cell.subset": "CD8+", "subject.cohort": "LTBI", "subject.id": "", "replica.id": "", "clone.id": "", "epitope.id": "", "tissue": "PBMC", "donor.MHC": "", "donor.MHC.method": "", "structure.id": "", "samples.found": 1, "studies.found": 1}	{"cdr3": "CASTRRTSSANEQFF", "cdr3_old": "CASTRRTSSANEQFF", "fixNeeded": false, "good": true, "jCanonical": true, "jFixType": "NoFixNeeded", "jId": "TRBJ2-1*01", "jStart": 10, "vCanonical": true, "vEnd": 3, "vFixType": "NoFixNeeded", "vId": "TRBV5-6*01"}	0
6746	TRB	CATSDLVGRDRETQYF	TRBV24-1*01	TRBJ2-5*01	HomoSapiens	HLA-E*01:03	B2M	MHCI	VMATRRNVL	Rv1518	M.tuberculosis	PMID:38439958	{"identification": "tetramer-sort", "frequency": "", "singlecell": "", "sequencing": "sanger", "verification": ""}	{"study.id": "", "cell.subset": "CD8+", "subject.cohort": "LTBI", "subject.id": "", "replica.id": "", "clone.id": "", "epitope.id": "", "tissue": "PBMC", "donor.MHC": "", "donor.MHC.method": "", "structure.id": "", "samples.found": 1, "studies.found": 1}	{"cdr3": "CATSDLVGRDRETQYF", "cdr3_old": "CATSDLVGRDRETQYF", "fixNeeded": false, "good": true, "jCanonical": true, "jFixType": "NoFixNeeded", "jId": "TRBJ2-5*01", "jStart": 11, "vCanonical": true, "vEnd": 6, "vFixType": "NoFixNeeded", "vId": "TRBV24-1*01"}	0
6747	TRB	CAWRARDRGFTGELFF	TRBV30*01	TRBJ2-2*01	HomoSapiens	HLA-E*01:03	B2M	MHCI	VMATRRNVL	Rv1518	M.tuberculosis	PMID:38439958	{"identification": "tetramer-sort", "frequency": "", "singlecell": "", "sequencing": "sanger", "verification": ""}	{"study.id": "", "cell.subset": "CD8+", "subject.cohort": "LTBI", "subject.id": "", "replica.id": "", "clone.id": "", "epitope.id": "", "tissue": "PBMC", "donor.MHC": "", "donor.MHC.method": "", "structure.id": "", "samples.found": 1, "studies.found": 1}	{"cdr3": "CAWRARDRGFTGELFF", "cdr3_old": "CAWRARDRGFTGELFF", "fixNeeded": false, "good": true, "jCanonical": true, "jFixType": "NoFixNeeded", "jId": "TRBJ2-2*01", "jStart": 10, "vCanonical": true, "vEnd": 3, "vFixType": "NoFixNeeded", "vId": "TRBV30*01"}	0
6748	TRB	CAWVPPAGVSYEQFF	TRBV30*01	TRBJ2-1*01	HomoSapiens	HLA-E*01:03	B2M	MHCI	VMATRRNVL	Rv1518	M.tuberculosis	PMID:38439958	{"identification": "tetramer-sort", "frequency": "", "singlecell": "", "sequencing": "sanger", "verification": ""}	{"study.id": "", "cell.subset": "CD8+", "subject.cohort": "LTBI", "subject.id": "", "replica.id": "", "clone.id": "", "epitope.id": "", "tissue": "PBMC", "donor.MHC": "", "donor.MHC.method": "", "structure.id": "", "samples.found": 1, "studies.found": 1}	{"cdr3": "CAWVPPAGVSYEQFF", "cdr3_old": "CAWVPPAGVSYEQFF", "fixNeeded": false, "good": true, "jCanonical": true, "jFixType": "NoFixNeeded", "jId": "TRBJ2-1*01", "jStart": 11, "vCanonical": true, "vEnd": 3, "vFixType": "NoFixNeeded", "vId": "TRBV30*01"}	0
6749	TRB	CSAKREHVAGGPQETQYF	TRBV20-1*01	TRBJ2-5*01	HomoSapiens	HLA-E*01:03	B2M	MHCI	VMATRRNVL	Rv1518	M.tuberculosis	PMID:38439958	{"identification": "tetramer-sort", "frequency": "", "singlecell": "", "sequencing": "sanger", "verification": ""}	{"study.id": "", "cell.subset": "CD8+", "subject.cohort": "LTBI", "subject.id": "", "replica.id": "", "clone.id": "", "epitope.id": "", "tissue": "PBMC", "donor.MHC": "", "donor.MHC.method": "", "structure.id": "", "samples.found": 1, "studies.found": 1}	{"cdr3": "CSAKREHVAGGPQETQYF", "cdr3_old": "CSAKREHVAGGPQETQYF", "fixNeeded": false, "good": true, "jCanonical": true, "jFixType": "NoFixNeeded", "jId": "TRBJ2-5*01", "jStart": 12, "vCanonical": true, "vEnd": 3, "vFixType": "NoFixNeeded", "vId": "TRBV20-1*01"}	0
6750	TRB	CSAPGQGTSRVVKNIQYF	TRBV20-1*01	TRBJ2-4*01	HomoSapiens	HLA-E*01:03	B2M	MHCI	VMATRRNVL	Rv1518	M.tuberculosis	PMID:38439958	{"identification": "tetramer-sort", "frequency": "", "singlecell": "", "sequencing": "sanger", "verification": ""}	{"study.id": "", "cell.subset": "CD8+", "subject.cohort": "LTBI", "subject.id": "", "replica.id": "", "clone.id": "", "epitope.id": "", "tissue": "PBMC", "donor.MHC": "", "donor.MHC.method": "", "structure.id": "", "samples.found": 1, "studies.found": 1}	{"cdr3": "CSAPGQGTSRVVKNIQYF", "cdr3_old": "CSAPGQGTSRVVKNIQYF", "fixNeeded": false, "good": true, "jCanonical": true, "jFixType": "NoFixNeeded", "jId": "TRBJ2-4*01", "jStart": 12, "vCanonical": true, "vEnd": 3, "vFixType": "NoFixNeeded", "vId": "TRBV20-1*01"}	0
6751	TRB	CSARDPTSNWDEQYF	TRBV20-1*01	TRBJ2-7*01	HomoSapiens	HLA-E*01:03	B2M	MHCI	VMATRRNVL	Rv1518	M.tuberculosis	PMID:38439958	{"identification": "tetramer-sort", "frequency": "", "singlecell": "", "sequencing": "sanger", "verification": ""}	{"study.id": "", "cell.subset": "CD8+", "subject.cohort": "LTBI", "subject.id": "", "replica.id": "", "clone.id": "", "epitope.id": "", "tissue": "PBMC", "donor.MHC": "", "donor.MHC.method": "", "structure.id": "", "samples.found": 1, "studies.found": 1}	{"cdr3": "CSARDPTSNWDEQYF", "cdr3_old": "CSARDPTSNWDEQYF", "fixNeeded": false, "good": true, "jCanonical": true, "jFixType": "NoFixNeeded", "jId": "TRBJ2-7*01", "jStart": 11, "vCanonical": true, "vEnd": 4, "vFixType": "NoFixNeeded", "vId": "TRBV20-1*01"}	0
6752	TRB	CACSSRDWYQETQYF	TRBV19*01	TRBJ2-5*01	HomoSapiens	HLA-E*01:03	B2M	MHCI	VMATRRNVL	Rv1518	M.tuberculosis	PMID:38439958	{"identification": "tetramer-sort", "frequency": "", "singlecell": "", "sequencing": "sanger", "verification": ""}	{"study.id": "", "cell.subset": "CD8+", "subject.cohort": "LTBI", "subject.id": "", "replica.id": "", "clone.id": "", "epitope.id": "", "tissue": "PBMC", "donor.MHC": "", "donor.MHC.method": "", "structure.id": "", "samples.found": 1, "studies.found": 1}	{"cdr3": "CACSSRDWYQETQYF", "cdr3_old": "CACSSRDWYQETQYF", "fixNeeded": false, "good": true, "jCanonical": true, "jFixType": "NoFixNeeded", "jId": "TRBJ2-5*01", "jStart": 9, "vCanonical": true, "vEnd": 2, "vFixType": "NoFixNeeded", "vId": "TRBV19*01"}	0
6753	TRB	CACSTGMGWGQPQHF	TRBV19*01	TRBJ1-5*01	HomoSapiens	HLA-E*01:03	B2M	MHCI	VMATRRNVL	Rv1518	M.tuberculosis	PMID:38439958	{"identification": "tetramer-sort", "frequency": "", "singlecell": "", "sequencing": "sanger", "verification": ""}	{"study.id": "", "cell.subset": "CD8+", "subject.cohort": "LTBI", "subject.id": "", "replica.id": "", "clone.id": "", "epitope.id": "", "tissue": "PBMC", "donor.MHC": "", "donor.MHC.method": "", "structure.id": "", "samples.found": 1, "studies.found": 1}	{"cdr3": "CACSTGMGWGQPQHF", "cdr3_old": "CACSTGMGWGQPQHF", "fixNeeded": false, "good": true, "jCanonical": true, "jFixType": "NoFixNeeded", "jId": "TRBJ1-5*01", "jStart": 10, "vCanonical": true, "vEnd": 2, "vFixType": "NoFixNeeded", "vId": "TRBV19*01"}	0
6754	TRB	CASHDRGVSNTEAFF	TRBV19*01	TRBJ1-1*01	HomoSapiens	HLA-E*01:03	B2M	MHCI	VMATRRNVL	Rv1518	M.tuberculosis	PMID:38439958	{"identification": "tetramer-sort", "frequency": "", "singlecell": "", "sequencing": "sanger", "verification": ""}	{"study.id": "", "cell.subset": "CD8+", "subject.cohort": "LTBI", "subject.id": "", "replica.id": "", "clone.id": "", "epitope.id": "", "tissue": "PBMC", "donor.MHC": "", "donor.MHC.method": "", "structure.id": "", "samples.found": 1, "studies.found": 1}	{"cdr3": "CASHDRGVSNTEAFF", "cdr3_old": "CASHDRGVSNTEAFF", "fixNeeded": false, "good": true, "jCanonical": true, "jFixType": "NoFixNeeded", "jId": "TRBJ1-1*01", "jStart": 9, "vCanonical": true, "vEnd": 3, "vFixType": "NoFixNeeded", "vId": "TRBV19*01"}	0
6755	TRB	CASKFRGTYEQYF	TRBV28*01	TRBJ2-7*01	HomoSapiens	HLA-E*01:03	B2M	MHCI	VMATRRNVL	Rv1518	M.tuberculosis	PMID:38439958	{"identification": "tetramer-sort", "frequency": "", "singlecell": "", "sequencing": "sanger", "verification": ""}	{"study.id": "", "cell.subset": "CD8+", "subject.cohort": "LTBI", "subject.id": "", "replica.id": "", "clone.id": "", "epitope.id": "", "tissue": "PBMC", "donor.MHC": "", "donor.MHC.method": "", "structure.id": "", "samples.found": 1, "studies.found": 1}	{"cdr3": "CASKFRGTYEQYF", "cdr3_old": "CASKFRGTYEQYF", "fixNeeded": false, "good": true, "jCanonical": true, "jFixType": "NoFixNeeded", "jId": "TRBJ2-7*01", "jStart": 8, "vCanonical": true, "vEnd": 3, "vFixType": "NoFixNeeded", "vId": "TRBV28*01"}	0
6756	TRB	CASSFGKGTGETEAFF	TRBV27*01	TRBJ1-1*01	HomoSapiens	HLA-E*01:03	B2M	MHCI	VMATRRNVL	Rv1518	M.tuberculosis	PMID:38439958	{"identification": "tetramer-sort", "frequency": "", "singlecell": "", "sequencing": "sanger", "verification": ""}	{"study.id": "", "cell.subset": "CD8+", "subject.cohort": "LTBI", "subject.id": "", "replica.id": "", "clone.id": "", "epitope.id": "", "tissue": "PBMC", "donor.MHC": "", "donor.MHC.method": "", "structure.id": "", "samples.found": 1, "studies.found": 1}	{"cdr3": "CASSFGKGTGETEAFF", "cdr3_old": "CASSFGKGTGETEAFF", "fixNeeded": false, "good": true, "jCanonical": true, "jFixType": "NoFixNeeded", "jId": "TRBJ1-1*01", "jStart": 11, "vCanonical": true, "vEnd": 4, "vFixType": "NoFixNeeded", "vId": "TRBV27*01"}	0
6757	TRB	CASSFRLAGAPSLYEQYF	TRBV28*01	TRBJ2-7*01	HomoSapiens	HLA-E*01:03	B2M	MHCI	VMATRRNVL	Rv1518	M.tuberculosis	PMID:38439958	{"identification": "tetramer-sort", "frequency": "", "singlecell": "", "sequencing": "sanger", "verification": ""}	{"study.id": "", "cell.subset": "CD8+", "subject.cohort": "LTBI", "subject.id": "", "replica.id": "", "clone.id": "", "epitope.id": "", "tissue": "PBMC", "donor.MHC": "", "donor.MHC.method": "", "structure.id": "", "samples.found": 1, "studies.found": 1}	{"cdr3": "CASSFRLAGAPSLYEQYF", "cdr3_old": "CASSFRLAGAPSLYEQYF", "fixNeeded": false, "good": true, "jCanonical": true, "jFixType": "NoFixNeeded", "jId": "TRBJ2-7*01", "jStart": 13, "vCanonical": true, "vEnd": 4, "vFixType": "NoFixNeeded", "vId": "TRBV28*01"}	0
6758	TRB	CASSHRQGLQETQYF	TRBV7-2*01	TRBJ2-5*01	HomoSapiens	HLA-E*01:03	B2M	MHCI	VMATRRNVL	Rv1518	M.tuberculosis	PMID:38439958	{"identification": "tetramer-sort", "frequency": "", "singlecell": "", "sequencing": "sanger", "verification": ""}	{"study.id": "", "cell.subset": "CD8+", "subject.cohort": "LTBI", "subject.id": "", "replica.id": "", "clone.id": "", "epitope.id": "", "tissue": "PBMC", "donor.MHC": "", "donor.MHC.method": "", "structure.id": "", "samples.found": 1, "studies.found": 1}	{"cdr3": "CASSHRQGLQETQYF", "cdr3_old": "CASSHRQGLQETQYF", "fixNeeded": false, "good": true, "jCanonical": true, "jFixType": "NoFixNeeded", "jId": "TRBJ2-5*01", "jStart": 9, "vCanonical": true, "vEnd": 4, "vFixType": "NoFixNeeded", "vId": "TRBV7-2*01"}	0
6759	TRB	CASSLAYTGELFF	TRBV13*01	TRBJ2-2*01	HomoSapiens	HLA-E*01:03	B2M	MHCI	VMATRRNVL	Rv1518	M.tuberculosis	PMID:38439958	{"identification": "tetramer-sort", "frequency": "", "singlecell": "", "sequencing": "sanger", "verification": ""}	{"study.id": "", "cell.subset": "CD8+", "subject.cohort": "LTBI", "subject.id": "", "replica.id": "", "clone.id": "", "epitope.id": "", "tissue": "PBMC", "donor.MHC": "", "donor.MHC.method": "", "structure.id": "", "samples.found": 1, "studies.found": 1}	{"cdr3": "CASSLAYTGELFF", "cdr3_old": "CASSLAYTGELFF", "fixNeeded": false, "good": true, "jCanonical": true, "jFixType": "NoFixNeeded", "jId": "TRBJ2-2*01", "jStart": 7, "vCanonical": true, "vEnd": 5, "vFixType": "NoFixNeeded", "vId": "TRBV13*01"}	0
6760	TRB	CASSLFPLRYTEAFF	TRBV28*01	TRBJ1-1*01	HomoSapiens	HLA-E*01:03	B2M	MHCI	VMATRRNVL	Rv1518	M.tuberculosis	PMID:38439958	{"identification": "tetramer-sort", "frequency": "", "singlecell": "", "sequencing": "sanger", "verification": ""}	{"study.id": "", "cell.subset": "CD8+", "subject.cohort": "LTBI", "subject.id": "", "replica.id": "", "clone.id": "", "epitope.id": "", "tissue": "PBMC", "donor.MHC": "", "donor.MHC.method": "", "structure.id": "", "samples.found": 1, "studies.found": 1}	{"cdr3": "CASSLFPLRYTEAFF", "cdr3_old": "CASSLFPLRYTEAFF", "fixNeeded": false, "good": true, "jCanonical": true, "jFixType": "NoFixNeeded", "jId": "TRBJ1-1*01", "jStart": 10, "vCanonical": true, "vEnd": 5, "vFixType": "NoFixNeeded", "vId": "TRBV28*01"}	0
6761	TRB	CASSLHPSSSYGYTF	TRBV28*01	TRBJ1-2*01	HomoSapiens	HLA-E*01:03	B2M	MHCI	VMATRRNVL	Rv1518	M.tuberculosis	PMID:38439958	{"identification": "tetramer-sort", "frequency": "", "singlecell": "", "sequencing": "sanger", "verification": ""}	{"study.id": "", "cell.subset": "CD8+", "subject.cohort": "LTBI", "subject.id": "", "replica.id": "", "clone.id": "", "epitope.id": "", "tissue": "PBMC", "donor.MHC": "", "donor.MHC.method": "", "structure.id": "", "samples.found": 1, "studies.found": 1}	{"cdr3": "CASSLHPSSSYGYTF", "cdr3_old": "CASSLHPSSSYGYTF", "fixNeeded": false, "good": true, "jCanonical": true, "jFixType": "NoFixNeeded", "jId": "TRBJ1-2*01", "jStart": 10, "vCanonical": true, "vEnd": 5, "vFixType": "NoFixNeeded", "vId": "TRBV28*01"}	0
6762	TRB	CASSLNRDTLSYEQYF	TRBV2*01	TRBJ2-7*01	HomoSapiens	HLA-E*01:03	B2M	MHCI	VMATRRNVL	Rv1518	M.tuberculosis	PMID:38439958	{"identification": "tetramer-sort", "frequency": "", "singlecell": "", "sequencing": "sanger", "verification": ""}	{"study.id": "", "cell.subset": "CD8+", "subject.cohort": "LTBI", "subject.id": "", "replica.id": "", "clone.id": "", "epitope.id": "", "tissue": "PBMC", "donor.MHC": "", "donor.MHC.method": "", "structure.id": "", "samples.found": 1, "studies.found": 1}	{"cdr3": "CASSLNRDTLSYEQYF", "cdr3_old": "CASSLNRDTLSYEQYF", "fixNeeded": false, "good": true, "jCanonical": true, "jFixType": "NoFixNeeded", "jId": "TRBJ2-7*01", "jStart": 10, "vCanonical": true, "vEnd": 4, "vFixType": "NoFixNeeded", "vId": "TRBV2*01"}	0
6763	TRB	CASSLRGGFNTGELFF	TRBV4-1*01	TRBJ2-2*01	HomoSapiens	HLA-E*01:03	B2M	MHCI	VMATRRNVL	Rv1518	M.tuberculosis	PMID:38439958	{"identification": "tetramer-sort", "frequency": "", "singlecell": "", "sequencing": "sanger", "verification": ""}	{"study.id": "", "cell.subset": "CD8+", "subject.cohort": "LTBI", "subject.id": "", "replica.id": "", "clone.id": "", "epitope.id": "", "tissue": "PBMC", "donor.MHC": "", "donor.MHC.method": "", "structure.id": "", "samples.found": 1, "studies.found": 1}	{"cdr3": "CASSLRGGFNTGELFF", "cdr3_old": "CASSLRGGFNTGELFF", "fixNeeded": false, "good": true, "jCanonical": true, "jFixType": "NoFixNeeded", "jId": "TRBJ2-2*01", "jStart": 9, "vCanonical": true, "vEnd": 4, "vFixType": "NoFixNeeded", "vId": "TRBV4-1*01"}	0
6764	TRB	CASSLRGSERLTDTQYF	TRBV11-2*01	TRBJ2-3*01	HomoSapiens	HLA-E*01:03	B2M	MHCI	VMATRRNVL	Rv1518	M.tuberculosis	PMID:38439958	{"identification": "tetramer-sort", "frequency": "", "singlecell": "", "sequencing": "sanger", "verification": ""}	{"study.id": "", "cell.subset": "CD8+", "subject.cohort": "LTBI", "subject.id": "", "replica.id": "", "clone.id": "", "epitope.id": "", "tissue": "PBMC", "donor.MHC": "", "donor.MHC.method": "", "structure.id": "", "samples.found": 1, "studies.found": 1}	{"cdr3": "CASSLRGSERLTDTQYF", "cdr3_old": "CASSLRGSERLTDTQYF", "fixNeeded": false, "good": true, "jCanonical": true, "jFixType": "NoFixNeeded", "jId": "TRBJ2-3*01", "jStart": 11, "vCanonical": true, "vEnd": 5, "vFixType": "NoFixNeeded", "vId": "TRBV11-2*01"}	0
6765	TRB	CASSLTTGASNQPQHF	TRBV27*01	TRBJ1-5*01	HomoSapiens	HLA-E*01:03	B2M	MHCI	VMATRRNVL	Rv1518	M.tuberculosis	PMID:38439958	{"identification": "tetramer-sort", "frequency": "", "singlecell": "", "sequencing": "sanger", "verification": ""}	{"study.id": "", "cell.subset": "CD8+", "subject.cohort": "LTBI", "subject.id": "", "replica.id": "", "clone.id": "", "epitope.id": "", "tissue": "PBMC", "donor.MHC": "", "donor.MHC.method": "", "structure.id": "", "samples.found": 1, "studies.found": 1}	{"cdr3": "CASSLTTGASNQPQHF", "cdr3_old": "CASSLTTGASNQPQHF", "fixNeeded": false, "good": true, "jCanonical": true, "jFixType": "NoFixNeeded", "jId": "TRBJ1-5*01", "jStart": 9, "vCanonical": true, "vEnd": 5, "vFixType": "NoFixNeeded", "vId": "TRBV27*01"}	0
6766	TRB	CASSLWTSGRVHNEQFF	TRBV3-1*01	TRBJ2-1*01	HomoSapiens	HLA-E*01:03	B2M	MHCI	VMATRRNVL	Rv1518	M.tuberculosis	PMID:38439958	{"identification": "tetramer-sort", "frequency": "", "singlecell": "", "sequencing": "sanger", "verification": ""}	{"study.id": "", "cell.subset": "CD8+", "subject.cohort": "LTBI", "subject.id": "", "replica.id": "", "clone.id": "", "epitope.id": "", "tissue": "PBMC", "donor.MHC": "", "donor.MHC.method": "", "structure.id": "", "samples.found": 1, "studies.found": 1}	{"cdr3": "CASSLWTSGRVHNEQFF", "cdr3_old": "CASSLWTSGRVHNEQFF", "fixNeeded": false, "good": true, "jCanonical": true, "jFixType": "NoFixNeeded", "jId": "TRBJ2-1*01", "jStart": 12, "vCanonical": true, "vEnd": 4, "vFixType": "NoFixNeeded", "vId": "TRBV3-1*01"}	0
6767	TRB	CASSPGRASYEQYF	TRBV18*01	TRBJ2-7*01	HomoSapiens	HLA-E*01:03	B2M	MHCI	VMATRRNVL	Rv1518	M.tuberculosis	PMID:38439958	{"identification": "tetramer-sort", "frequency": "", "singlecell": "", "sequencing": "sanger", "verification": ""}	{"study.id": "", "cell.subset": "CD8+", "subject.cohort": "LTBI", "subject.id": "", "replica.id": "", "clone.id": "", "epitope.id": "", "tissue": "PBMC", "donor.MHC": "", "donor.MHC.method": "", "structure.id": "", "samples.found": 1, "studies.found": 1}	{"cdr3": "CASSPGRASYEQYF", "cdr3_old": "CASSPGRASYEQYF", "fixNeeded": false, "good": true, "jCanonical": true, "jFixType": "NoFixNeeded", "jId": "TRBJ2-7*01", "jStart": 8, "vCanonical": true, "vEnd": 5, "vFixType": "NoFixNeeded", "vId": "TRBV18*01"}	0
6768	TRB	CASSPPSGSYEQYF	TRBV7-9*01	TRBJ2-7*01	HomoSapiens	HLA-E*01:03	B2M	MHCI	VMATRRNVL	Rv1518	M.tuberculosis	PMID:38439958	{"identification": "tetramer-sort", "frequency": "", "singlecell": "", "sequencing": "sanger", "verification": ""}	{"study.id": "", "cell.subset": "CD8+", "subject.cohort": "LTBI", "subject.id": "", "replica.id": "", "clone.id": "", "epitope.id": "", "tissue": "PBMC", "donor.MHC": "", "donor.MHC.method": "", "structure.id": "", "samples.found": 1, "studies.found": 1}	{"cdr3": "CASSPPSGSYEQYF", "cdr3_old": "CASSPPSGSYEQYF", "fixNeeded": false, "good": true, "jCanonical": true, "jFixType": "NoFixNeeded", "jId": "TRBJ2-7*01", "jStart": 8, "vCanonical": true, "vEnd": 4, "vFixType": "NoFixNeeded", "vId": "TRBV7-9*01"}	0
6769	TRB	CASSPTGTVNQPQHF	TRBV6-6*01	TRBJ1-5*01	HomoSapiens	HLA-E*01:03	B2M	MHCI	VMATRRNVL	Rv1518	M.tuberculosis	PMID:38439958	{"identification": "tetramer-sort", "frequency": "", "singlecell": "", "sequencing": "sanger", "verification": ""}	{"study.id": "", "cell.subset": "CD8+", "subject.cohort": "LTBI", "subject.id": "", "replica.id": "", "clone.id": "", "epitope.id": "", "tissue": "PBMC", "donor.MHC": "", "donor.MHC.method": "", "structure.id": "", "samples.found": 1, "studies.found": 1}	{"cdr3": "CASSPTGTVNQPQHF", "cdr3_old": "CASSPTGTVNQPQHF", "fixNeeded": false, "good": true, "jCanonical": true, "jFixType": "NoFixNeeded", "jId": "TRBJ1-5*01", "jStart": 9, "vCanonical": true, "vEnd": 4, "vFixType": "NoFixNeeded", "vId": "TRBV6-6*01"}	0
6770	TRB	CASSQARGYPTYEQYF	TRBV14*01	TRBJ2-7*01	HomoSapiens	HLA-E*01:03	B2M	MHCI	VMATRRNVL	Rv1518	M.tuberculosis	PMID:38439958	{"identification": "tetramer-sort", "frequency": "", "singlecell": "", "sequencing": "sanger", "verification": ""}	{"study.id": "", "cell.subset": "CD8+", "subject.cohort": "LTBI", "subject.id": "", "replica.id": "", "clone.id": "", "epitope.id": "", "tissue": "PBMC", "donor.MHC": "", "donor.MHC.method": "", "structure.id": "", "samples.found": 1, "studies.found": 1}	{"cdr3": "CASSQARGYPTYEQYF", "cdr3_old": "CASSQARGYPTYEQYF", "fixNeeded": false, "good": true, "jCanonical": true, "jFixType": "NoFixNeeded", "jId": "TRBJ2-7*01", "jStart": 11, "vCanonical": true, "vEnd": 5, "vFixType": "NoFixNeeded", "vId": "TRBV14*01"}	0
6771	TRB	CASSRSGNTDTQYF	TRBV28*01	TRBJ2-3*01	HomoSapiens	HLA-E*01:03	B2M	MHCI	VMATRRNVL	Rv1518	M.tuberculosis	PMID:38439958	{"identification": "tetramer-sort", "frequency": "", "singlecell": "", "sequencing": "sanger", "verification": ""}	{"study.id": "", "cell.subset": "CD8+", "subject.cohort": "LTBI", "subject.id": "", "replica.id": "", "clone.id": "", "epitope.id": "", "tissue": "PBMC", "donor.MHC": "", "donor.MHC.method": "", "structure.id": "", "samples.found": 1, "studies.found": 1}	{"cdr3": "CASSRSGNTDTQYF", "cdr3_old": "CASSRSGNTDTQYF", "fixNeeded": false, "good": true, "jCanonical": true, "jFixType": "NoFixNeeded", "jId": "TRBJ2-3*01", "jStart": 8, "vCanonical": true, "vEnd": 4, "vFixType": "NoFixNeeded", "vId": "TRBV28*01"}	0
6772	TRB	CASSRSSELAGELFF	TRBV10-2*01	TRBJ2-2*01	HomoSapiens	HLA-E*01:03	B2M	MHCI	VMATRRNVL	Rv1518	M.tuberculosis	PMID:38439958	{"identification": "tetramer-sort", "frequency": "", "singlecell": "", "sequencing": "sanger", "verification": ""}	{"study.id": "", "cell.subset": "CD8+", "subject.cohort": "LTBI", "subject.id": "", "replica.id": "", "clone.id": "", "epitope.id": "", "tissue": "PBMC", "donor.MHC": "", "donor.MHC.method": "", "structure.id": "", "samples.found": 1, "studies.found": 1}	{"cdr3": "CASSRSSELAGELFF", "cdr3_old": "CASSRSSELAGELFF", "fixNeeded": false, "good": true, "jCanonical": true, "jFixType": "NoFixNeeded", "jId": "TRBJ2-2*01", "jStart": 10, "vCanonical": true, "vEnd": 4, "vFixType": "NoFixNeeded", "vId": "TRBV10-2*01"}	0
6773	TRB	CASSRTAFNTEAFF	TRBV3-1*01	TRBJ1-1*01	HomoSapiens	HLA-E*01:03	B2M	MHCI	VMATRRNVL	Rv1518	M.tuberculosis	PMID:38439958	{"identification": "tetramer-sort", "frequency": "", "singlecell": "", "sequencing": "sanger", "verification": ""}	{"study.id": "", "cell.subset": "CD8+", "subject.cohort": "LTBI", "subject.id": "", "replica.id": "", "clone.id": "", "epitope.id": "", "tissue": "PBMC", "donor.MHC": "", "donor.MHC.method": "", "structure.id": "", "samples.found": 1, "studies.found": 1}	{"cdr3": "CASSRTAFNTEAFF", "cdr3_old": "CASSRTAFNTEAFF", "fixNeeded": false, "good": true, "jCanonical": true, "jFixType": "NoFixNeeded", "jId": "TRBJ1-1*01", "jStart": 8, "vCanonical": true, "vEnd": 4, "vFixType": "NoFixNeeded", "vId": "TRBV3-1*01"}	0
6774	TRB	CASSSGLGLENIQYF	TRBV13*01	TRBJ2-4*01	HomoSapiens	HLA-E*01:03	B2M	MHCI	VMATRRNVL	Rv1518	M.tuberculosis	PMID:38439958	{"identification": "tetramer-sort", "frequency": "", "singlecell": "", "sequencing": "sanger", "verification": ""}	{"study.id": "", "cell.subset": "CD8+", "subject.cohort": "LTBI", "subject.id": "", "replica.id": "", "clone.id": "", "epitope.id": "", "tissue": "PBMC", "donor.MHC": "", "donor.MHC.method": "", "structure.id": "", "samples.found": 1, "studies.found": 1}	{"cdr3": "CASSSGLGLENIQYF", "cdr3_old": "CASSSGLGLENIQYF", "fixNeeded": false, "good": true, "jCanonical": true, "jFixType": "NoFixNeeded", "jId": "TRBJ2-4*01", "jStart": 10, "vCanonical": true, "vEnd": 4, "vFixType": "NoFixNeeded", "vId": "TRBV13*01"}	0
6775	TRB	CASSSSTTTSDYNEQFF	TRBV7-9*01	TRBJ2-1*01	HomoSapiens	HLA-E*01:03	B2M	MHCI	VMATRRNVL	Rv1518	M.tuberculosis	PMID:38439958	{"identification": "tetramer-sort", "frequency": "", "singlecell": "", "sequencing": "sanger", "verification": ""}	{"study.id": "", "cell.subset": "CD8+", "subject.cohort": "LTBI", "subject.id": "", "replica.id": "", "clone.id": "", "epitope.id": "", "tissue": "PBMC", "donor.MHC": "", "donor.MHC.method": "", "structure.id": "", "samples.found": 1, "studies.found": 1}	{"cdr3": "CASSSSTTTSDYNEQFF", "cdr3_old": "CASSSSTTTSDYNEQFF", "fixNeeded": false, "good": true, "jCanonical": true, "jFixType": "NoFixNeeded", "jId": "TRBJ2-1*01", "jStart": 11, "vCanonical": true, "vEnd": 4, "vFixType": "NoFixNeeded", "vId": "TRBV7-9*01"}	0
6776	TRB	CASSVASSSTDTQYF	TRBV9*01	TRBJ2-3*01	HomoSapiens	HLA-E*01:03	B2M	MHCI	VMATRRNVL	Rv1518	M.tuberculosis	PMID:38439958	{"identification": "tetramer-sort", "frequency": "", "singlecell": "", "sequencing": "sanger", "verification": ""}	{"study.id": "", "cell.subset": "CD8+", "subject.cohort": "LTBI", "subject.id": "", "replica.id": "", "clone.id": "", "epitope.id": "", "tissue": "PBMC", "donor.MHC": "", "donor.MHC.method": "", "structure.id": "", "samples.found": 1, "studies.found": 1}	{"cdr3": "CASSVASSSTDTQYF", "cdr3_old": "CASSVASSSTDTQYF", "fixNeeded": false, "good": true, "jCanonical": true, "jFixType": "NoFixNeeded", "jId": "TRBJ2-3*01", "jStart": 8, "vCanonical": true, "vEnd": 5, "vFixType": "NoFixNeeded", "vId": "TRBV9*01"}	0
6777	TRB	CASTGQGSSPLHF	TRBV11-2*01	TRBJ1-6*01	HomoSapiens	HLA-E*01:03	B2M	MHCI	VMATRRNVL	Rv1518	M.tuberculosis	PMID:38439958	{"identification": "tetramer-sort", "frequency": "", "singlecell": "", "sequencing": "sanger", "verification": ""}	{"study.id": "", "cell.subset": "CD8+", "subject.cohort": "LTBI", "subject.id": "", "replica.id": "", "clone.id": "", "epitope.id": "", "tissue": "PBMC", "donor.MHC": "", "donor.MHC.method": "", "structure.id": "", "samples.found": 1, "studies.found": 1}	{"cdr3": "CASTGQGSSPLHF", "cdr3_old": "CASTGQGSSPLHF", "fixNeeded": false, "good": true, "jCanonical": true, "jFixType": "NoFixNeeded", "jId": "TRBJ1-6*01", "jStart": 8, "vCanonical": true, "vEnd": 3, "vFixType": "NoFixNeeded", "vId": "TRBV11-2*01"}	0
6779	TRB	CSARALQTGDDYGYTF	TRBV20-1*01	TRBJ1-2*01	HomoSapiens	HLA-E*01:03	B2M	MHCI	VMATRRNVL	Rv1518	M.tuberculosis	PMID:38439958	{"identification": "tetramer-sort", "frequency": "", "singlecell": "", "sequencing": "sanger", "verification": ""}	{"study.id": "", "cell.subset": "CD8+", "subject.cohort": "LTBI", "subject.id": "", "replica.id": "", "clone.id": "", "epitope.id": "", "tissue": "PBMC", "donor.MHC": "", "donor.MHC.method": "", "structure.id": "", "samples.found": 1, "studies.found": 1}	{"cdr3": "CSARALQTGDDYGYTF", "cdr3_old": "CSARALQTGDDYGYTF", "fixNeeded": false, "good": true, "jCanonical": true, "jFixType": "NoFixNeeded", "jId": "TRBJ1-2*01", "jStart": 11, "vCanonical": true, "vEnd": 4, "vFixType": "NoFixNeeded", "vId": "TRBV20-1*01"}	0
6780	TRB	CSVEGGSLYEQYF	TRBV29-1*01	TRBJ2-7*01	HomoSapiens	HLA-E*01:03	B2M	MHCI	VMATRRNVL	Rv1518	M.tuberculosis	PMID:38439958	{"identification": "tetramer-sort", "frequency": "", "singlecell": "", "sequencing": "sanger", "verification": ""}	{"study.id": "", "cell.subset": "CD8+", "subject.cohort": "LTBI", "subject.id": "", "replica.id": "", "clone.id": "", "epitope.id": "", "tissue": "PBMC", "donor.MHC": "", "donor.MHC.method": "", "structure.id": "", "samples.found": 1, "studies.found": 1}	{"cdr3": "CSVEGGSLYEQYF", "cdr3_old": "CSVEGGSLYEQYF", "fixNeeded": false, "good": true, "jCanonical": true, "jFixType": "NoFixNeeded", "jId": "TRBJ2-7*01", "jStart": 8, "vCanonical": true, "vEnd": 4, "vFixType": "NoFixNeeded", "vId": "TRBV29-1*01"}	0
6781	TRB	CSVEGGTSYEQYF	TRBV29-1*01	TRBJ2-7*01	HomoSapiens	HLA-E*01:03	B2M	MHCI	VMATRRNVL	Rv1518	M.tuberculosis	PMID:38439958	{"identification": "tetramer-sort", "frequency": "", "singlecell": "", "sequencing": "sanger", "verification": ""}	{"study.id": "", "cell.subset": "CD8+", "subject.cohort": "LTBI", "subject.id": "", "replica.id": "", "clone.id": "", "epitope.id": "", "tissue": "PBMC", "donor.MHC": "", "donor.MHC.method": "", "structure.id": "", "samples.found": 1, "studies.found": 1}	{"cdr3": "CSVEGGTSYEQYF", "cdr3_old": "CSVEGGTSYEQYF", "fixNeeded": false, "good": true, "jCanonical": true, "jFixType": "NoFixNeeded", "jId": "TRBJ2-7*01", "jStart": 7, "vCanonical": true, "vEnd": 4, "vFixType": "NoFixNeeded", "vId": "TRBV29-1*01"}	0
6783	TRB	CASGLVRGPRAYGYTF	TRBV12-5*01	TRBJ1-2*01	HomoSapiens	HLA-E*01:03	B2M	MHCI	VMATRRNVL	Rv1518	M.tuberculosis	PMID:38439958	{"identification": "tetramer-sort", "frequency": "", "singlecell": "", "sequencing": "sanger", "verification": ""}	{"study.id": "", "cell.subset": "CD8+", "subject.cohort": "LTBI", "subject.id": "", "replica.id": "", "clone.id": "", "epitope.id": "", "tissue": "PBMC", "donor.MHC": "", "donor.MHC.method": "", "structure.id": "", "samples.found": 1, "studies.found": 1}	{"cdr3": "CASGLVRGPRAYGYTF", "cdr3_old": "CASGLVRGPRAYGYTF", "fixNeeded": false, "good": true, "jCanonical": true, "jFixType": "NoFixNeeded", "jId": "TRBJ1-2*01", "jStart": 11, "vCanonical": true, "vEnd": 5, "vFixType": "NoFixNeeded", "vId": "TRBV12-5*01"}	0
6784	TRB	CASSASSSTNYGYTF	TRBV12-4*01	TRBJ1-2*01	HomoSapiens	HLA-E*01:03	B2M	MHCI	VMATRRNVL	Rv1518	M.tuberculosis	PMID:38439958	{"identification": "tetramer-sort", "frequency": "", "singlecell": "", "sequencing": "sanger", "verification": ""}	{"study.id": "", "cell.subset": "CD8+", "subject.cohort": "LTBI", "subject.id": "", "replica.id": "", "clone.id": "", "epitope.id": "", "tissue": "PBMC", "donor.MHC": "", "donor.MHC.method": "", "structure.id": "", "samples.found": 1, "studies.found": 1}	{"cdr3": "CASSASSSTNYGYTF", "cdr3_old": "CASSASSSTNYGYTF", "fixNeeded": false, "good": true, "jCanonical": true, "jFixType": "NoFixNeeded", "jId": "TRBJ1-2*01", "jStart": 9, "vCanonical": true, "vEnd": 4, "vFixType": "NoFixNeeded", "vId": "TRBV12-4*01"}	0
6785	TRB	CASSEATGGNSPLHF	TRBV2*01	TRBJ1-6*01	HomoSapiens	HLA-E*01:03	B2M	MHCI	VMATRRNVL	Rv1518	M.tuberculosis	PMID:38439958	{"identification": "tetramer-sort", "frequency": "", "singlecell": "", "sequencing": "sanger", "verification": ""}	{"study.id": "", "cell.subset": "CD8+", "subject.cohort": "LTBI", "subject.id": "", "replica.id": "", "clone.id": "", "epitope.id": "", "tissue": "PBMC", "donor.MHC": "", "donor.MHC.method": "", "structure.id": "", "samples.found": 1, "studies.found": 1}	{"cdr3": "CASSEATGGNSPLHF", "cdr3_old": "CASSEATGGNSPLHF", "fixNeeded": false, "good": true, "jCanonical": true, "jFixType": "NoFixNeeded", "jId": "TRBJ1-6*01", "jStart": 9, "vCanonical": true, "vEnd": 5, "vFixType": "NoFixNeeded", "vId": "TRBV2*01"}	0
6786	TRB	CASSIGQGGTGNTIYF	TRBV5-4*01	TRBJ1-3*01	HomoSapiens	HLA-E*01:03	B2M	MHCI	VMATRRNVL	Rv1518	M.tuberculosis	PMID:38439958	{"identification": "tetramer-sort", "frequency": "", "singlecell": "", "sequencing": "sanger", "verification": ""}	{"study.id": "", "cell.subset": "CD8+", "subject.cohort": "LTBI", "subject.id": "", "replica.id": "", "clone.id": "", "epitope.id": "", "tissue": "PBMC", "donor.MHC": "", "donor.MHC.method": "", "structure.id": "", "samples.found": 1, "studies.found": 1}	{"cdr3": "CASSIGQGGTGNTIYF", "cdr3_old": "CASSIGQGGTGNTIYF", "fixNeeded": false, "good": true, "jCanonical": true, "jFixType": "NoFixNeeded", "jId": "TRBJ1-3*01", "jStart": 10, "vCanonical": true, "vEnd": 4, "vFixType": "NoFixNeeded", "vId": "TRBV5-4*01"}	0
6787	TRB	CASSLEEGLSGNTIYF	TRBV5-1*01	TRBJ1-3*01	HomoSapiens	HLA-E*01:03	B2M	MHCI	VMATRRNVL	Rv1518	M.tuberculosis	PMID:38439958	{"identification": "tetramer-sort", "frequency": "", "singlecell": "", "sequencing": "sanger", "verification": ""}	{"study.id": "", "cell.subset": "CD8+", "subject.cohort": "LTBI", "subject.id": "", "replica.id": "", "clone.id": "", "epitope.id": "", "tissue": "PBMC", "donor.MHC": "", "donor.MHC.method": "", "structure.id": "", "samples.found": 1, "studies.found": 1}	{"cdr3": "CASSLEEGLSGNTIYF", "cdr3_old": "CASSLEEGLSGNTIYF", "fixNeeded": false, "good": true, "jCanonical": true, "jFixType": "NoFixNeeded", "jId": "TRBJ1-3*01", "jStart": 9, "vCanonical": true, "vEnd": 5, "vFixType": "NoFixNeeded", "vId": "TRBV5-1*01"}	0
6788	TRB	CASSLRDDYGYTF	TRBV27*01	TRBJ1-2*01	HomoSapiens	HLA-E*01:03	B2M	MHCI	VMATRRNVL	Rv1518	M.tuberculosis	PMID:38439958	{"identification": "tetramer-sort", "frequency": "", "singlecell": "", "sequencing": "sanger", "verification": ""}	{"study.id": "", "cell.subset": "CD8+", "subject.cohort": "LTBI", "subject.id": "", "replica.id": "", "clone.id": "", "epitope.id": "", "tissue": "PBMC", "donor.MHC": "", "donor.MHC.method": "", "structure.id": "", "samples.found": 1, "studies.found": 1}	{"cdr3": "CASSLRDDYGYTF", "cdr3_old": "CASSLRDDYGYTF", "fixNeeded": false, "good": true, "jCanonical": true, "jFixType": "NoFixNeeded", "jId": "TRBJ1-2*01", "jStart": 8, "vCanonical": true, "vEnd": 5, "vFixType": "NoFixNeeded", "vId": "TRBV27*01"}	0
6789	TRB	CASSLSGVGNIQYF	TRBV7-9*01	TRBJ2-4*01	HomoSapiens	HLA-E*01:03	B2M	MHCI	VMATRRNVL	Rv1518	M.tuberculosis	PMID:38439958	{"identification": "tetramer-sort", "frequency": "", "singlecell": "", "sequencing": "sanger", "verification": ""}	{"study.id": "", "cell.subset": "CD8+", "subject.cohort": "LTBI", "subject.id": "", "replica.id": "", "clone.id": "", "epitope.id": "", "tissue": "PBMC", "donor.MHC": "", "donor.MHC.method": "", "structure.id": "", "samples.found": 1, "studies.found": 1}	{"cdr3": "CASSLSGVGNIQYF", "cdr3_old": "CASSLSGVGNIQYF", "fixNeeded": false, "good": true, "jCanonical": true, "jFixType": "NoFixNeeded", "jId": "TRBJ2-4*01", "jStart": 9, "vCanonical": true, "vEnd": 5, "vFixType": "NoFixNeeded", "vId": "TRBV7-9*01"}	0
6791	TRB	CASSPQHPRTASNQPQHF	TRBV3-1*01	TRBJ1-5*01	HomoSapiens	HLA-E*01:03	B2M	MHCI	VMATRRNVL	Rv1518	M.tuberculosis	PMID:38439958	{"identification": "tetramer-sort", "frequency": "", "singlecell": "", "sequencing": "sanger", "verification": ""}	{"study.id": "", "cell.subset": "CD8+", "subject.cohort": "LTBI", "subject.id": "", "replica.id": "", "clone.id": "", "epitope.id": "", "tissue": "PBMC", "donor.MHC": "", "donor.MHC.method": "", "structure.id": "", "samples.found": 1, "studies.found": 1}	{"cdr3": "CASSPQHPRTASNQPQHF", "cdr3_old": "CASSPQHPRTASNQPQHF", "fixNeeded": false, "good": true, "jCanonical": true, "jFixType": "NoFixNeeded", "jId": "TRBJ1-5*01", "jStart": 11, "vCanonical": true, "vEnd": 4, "vFixType": "NoFixNeeded", "vId": "TRBV3-1*01"}	0
6792	TRB	CASSPTSGGLNTGELFF	TRBV5-4*01	TRBJ2-2*01	HomoSapiens	HLA-E*01:03	B2M	MHCI	VMATRRNVL	Rv1518	M.tuberculosis	PMID:38439958	{"identification": "tetramer-sort", "frequency": "", "singlecell": "", "sequencing": "sanger", "verification": ""}	{"study.id": "", "cell.subset": "CD8+", "subject.cohort": "LTBI", "subject.id": "", "replica.id": "", "clone.id": "", "epitope.id": "", "tissue": "PBMC", "donor.MHC": "", "donor.MHC.method": "", "structure.id": "", "samples.found": 1, "studies.found": 1}	{"cdr3": "CASSPTSGGLNTGELFF", "cdr3_old": "CASSPTSGGLNTGELFF", "fixNeeded": false, "good": true, "jCanonical": true, "jFixType": "NoFixNeeded", "jId": "TRBJ2-2*01", "jStart": 10, "vCanonical": true, "vEnd": 4, "vFixType": "NoFixNeeded", "vId": "TRBV5-4*01"}	0
6793	TRB	CASSPYTTVRDNEQFF	TRBV7-2*01	TRBJ2-1*01	HomoSapiens	HLA-E*01:03	B2M	MHCI	VMATRRNVL	Rv1518	M.tuberculosis	PMID:38439958	{"identification": "tetramer-sort", "frequency": "", "singlecell": "", "sequencing": "sanger", "verification": ""}	{"study.id": "", "cell.subset": "CD8+", "subject.cohort": "LTBI", "subject.id": "", "replica.id": "", "clone.id": "", "epitope.id": "", "tissue": "PBMC", "donor.MHC": "", "donor.MHC.method": "", "structure.id": "", "samples.found": 1, "studies.found": 1}	{"cdr3": "CASSPYTTVRDNEQFF", "cdr3_old": "CASSPYTTVRDNEQFF", "fixNeeded": false, "good": true, "jCanonical": true, "jFixType": "NoFixNeeded", "jId": "TRBJ2-1*01", "jStart": 11, "vCanonical": true, "vEnd": 4, "vFixType": "NoFixNeeded", "vId": "TRBV7-2*01"}	0
6794	TRB	CASSQGAGQGFYNSPLHF	TRBV4-1*01	TRBJ1-6*01	HomoSapiens	HLA-E*01:03	B2M	MHCI	VMATRRNVL	Rv1518	M.tuberculosis	PMID:38439958	{"identification": "tetramer-sort", "frequency": "", "singlecell": "", "sequencing": "sanger", "verification": ""}	{"study.id": "", "cell.subset": "CD8+", "subject.cohort": "LTBI", "subject.id": "", "replica.id": "", "clone.id": "", "epitope.id": "", "tissue": "PBMC", "donor.MHC": "", "donor.MHC.method": "", "structure.id": "", "samples.found": 1, "studies.found": 1}	{"cdr3": "CASSQGAGQGFYNSPLHF", "cdr3_old": "CASSQGAGQGFYNSPLHF", "fixNeeded": false, "good": true, "jCanonical": true, "jFixType": "NoFixNeeded", "jId": "TRBJ1-6*01", "jStart": 11, "vCanonical": true, "vEnd": 5, "vFixType": "NoFixNeeded", "vId": "TRBV4-1*01"}	0
6795	TRB	CASSQIGTEAFF	TRBV4-1*01	TRBJ1-1*01	HomoSapiens	HLA-E*01:03	B2M	MHCI	VMATRRNVL	Rv1518	M.tuberculosis	PMID:38439958	{"identification": "tetramer-sort", "frequency": "", "singlecell": "", "sequencing": "sanger", "verification": ""}	{"study.id": "", "cell.subset": "CD8+", "subject.cohort": "LTBI", "subject.id": "", "replica.id": "", "clone.id": "", "epitope.id": "", "tissue": "PBMC", "donor.MHC": "", "donor.MHC.method": "", "structure.id": "", "samples.found": 1, "studies.found": 1}	{"cdr3": "CASSQIGTEAFF", "cdr3_old": "CASSQIGTEAFF", "fixNeeded": false, "good": true, "jCanonical": true, "jFixType": "NoFixNeeded", "jId": "TRBJ1-1*01", "jStart": 7, "vCanonical": true, "vEnd": 5, "vFixType": "NoFixNeeded", "vId": "TRBV4-1*01"}	0
6796	TRB	CASSSDSPTPLDGNTIYF	TRBV6-5*01	TRBJ1-3*01	HomoSapiens	HLA-E*01:03	B2M	MHCI	VMATRRNVL	Rv1518	M.tuberculosis	PMID:38439958	{"identification": "tetramer-sort", "frequency": "", "singlecell": "", "sequencing": "sanger", "verification": ""}	{"study.id": "", "cell.subset": "CD8+", "subject.cohort": "LTBI", "subject.id": "", "replica.id": "", "clone.id": "", "epitope.id": "", "tissue": "PBMC", "donor.MHC": "", "donor.MHC.method": "", "structure.id": "", "samples.found": 1, "studies.found": 1}	{"cdr3": "CASSSDSPTPLDGNTIYF", "cdr3_old": "CASSSDSPTPLDGNTIYF", "fixNeeded": false, "good": true, "jCanonical": true, "jFixType": "NoFixNeeded", "jId": "TRBJ1-3*01", "jStart": 12, "vCanonical": true, "vEnd": 4, "vFixType": "NoFixNeeded", "vId": "TRBV6-5*01"}	0
6797	TRB	CASSSNKLFRDTNSRYSYNEQFF	TRBV6-5*01	TRBJ2-1*01	HomoSapiens	HLA-E*01:03	B2M	MHCI	VMATRRNVL	Rv1518	M.tuberculosis	PMID:38439958	{"identification": "tetramer-sort", "frequency": "", "singlecell": "", "sequencing": "sanger", "verification": ""}	{"study.id": "", "cell.subset": "CD8+", "subject.cohort": "LTBI", "subject.id": "", "replica.id": "", "clone.id": "", "epitope.id": "", "tissue": "PBMC", "donor.MHC": "", "donor.MHC.method": "", "structure.id": "", "samples.found": 1, "studies.found": 1}	{"cdr3": "CASSSNKLFRDTNSRYSYNEQFF", "cdr3_old": "CASSSNKLFRDTNSRYSYNEQFF", "fixNeeded": false, "good": true, "jCanonical": true, "jFixType": "NoFixNeeded", "jId": "TRBJ2-1*01", "jStart": 16, "vCanonical": true, "vEnd": 4, "vFixType": "NoFixNeeded", "vId": "TRBV6-5*01"}	0
6798	TRB	CASSSRGRYEQYF	TRBV28*01	TRBJ2-7*01	HomoSapiens	HLA-E*01:03	B2M	MHCI	VMATRRNVL	Rv1518	M.tuberculosis	PMID:38439958	{"identification": "tetramer-sort", "frequency": "", "singlecell": "", "sequencing": "sanger", "verification": ""}	{"study.id": "", "cell.subset": "CD8+", "subject.cohort": "LTBI", "subject.id": "", "replica.id": "", "clone.id": "", "epitope.id": "", "tissue": "PBMC", "donor.MHC": "", "donor.MHC.method": "", "structure.id": "", "samples.found": 1, "studies.found": 1}	{"cdr3": "CASSSRGRYEQYF", "cdr3_old": "CASSSRGRYEQYF", "fixNeeded": false, "good": true, "jCanonical": true, "jFixType": "NoFixNeeded", "jId": "TRBJ2-7*01", "jStart": 8, "vCanonical": true, "vEnd": 4, "vFixType": "NoFixNeeded", "vId": "TRBV28*01"}	0
6799	TRB	CSARRMWGDTGELFF	TRBV20-1*01	TRBJ2-2*01	HomoSapiens	HLA-E*01:03	B2M	MHCI	VMATRRNVL	Rv1518	M.tuberculosis	PMID:38439958	{"identification": "tetramer-sort", "frequency": "", "singlecell": "", "sequencing": "sanger", "verification": ""}	{"study.id": "", "cell.subset": "CD8+", "subject.cohort": "LTBI", "subject.id": "", "replica.id": "", "clone.id": "", "epitope.id": "", "tissue": "PBMC", "donor.MHC": "", "donor.MHC.method": "", "structure.id": "", "samples.found": 1, "studies.found": 1}	{"cdr3": "CSARRMWGDTGELFF", "cdr3_old": "CSARRMWGDTGELFF", "fixNeeded": false, "good": true, "jCanonical": true, "jFixType": "NoFixNeeded", "jId": "TRBJ2-2*01", "jStart": 9, "vCanonical": true, "vEnd": 4, "vFixType": "NoFixNeeded", "vId": "TRBV20-1*01"}	0
6802	TRB	CASCLAGGGEIYNEQFF	TRBV4-1*01	TRBJ2-1*01	HomoSapiens	HLA-E*01:03	B2M	MHCI	VMATRRNVL	Rv1518	M.tuberculosis	PMID:38439958	{"identification": "tetramer-sort", "frequency": "", "singlecell": "", "sequencing": "sanger", "verification": ""}	{"study.id": "", "cell.subset": "CD8+", "subject.cohort": "LTBI", "subject.id": "", "replica.id": "", "clone.id": "", "epitope.id": "", "tissue": "PBMC", "donor.MHC": "", "donor.MHC.method": "", "structure.id": "", "samples.found": 1, "studies.found": 1}	{"cdr3": "CASCLAGGGEIYNEQFF", "cdr3_old": "CASCLAGGGEIYNEQFF", "fixNeeded": false, "good": true, "jCanonical": true, "jFixType": "NoFixNeeded", "jId": "TRBJ2-1*01", "jStart": 11, "vCanonical": true, "vEnd": 3, "vFixType": "NoFixNeeded", "vId": "TRBV4-1*01"}	0
6803	TRB	CASDSGTLARYAVF	TRBV19*01	TRBJ2-3*01	HomoSapiens	HLA-E*01:03	B2M	MHCI	VMATRRNVL	Rv1518	M.tuberculosis	PMID:38439958	{"identification": "tetramer-sort", "frequency": "", "singlecell": "", "sequencing": "sanger", "verification": ""}	{"study.id": "", "cell.subset": "CD8+", "subject.cohort": "LTBI", "subject.id": "", "replica.id": "", "clone.id": "", "epitope.id": "", "tissue": "PBMC", "donor.MHC": "", "donor.MHC.method": "", "structure.id": "", "samples.found": 1, "studies.found": 1}	{"cdr3": "CASDSGTLARYAVF", "cdr3_old": "CASDSGTLARYAVF", "fixNeeded": false, "good": false, "jCanonical": true, "jFixType": "FailedNoAlignment", "jId": "TRBJ2-3*01", "jStart": -1, "vCanonical": true, "vEnd": 3, "vFixType": "NoFixNeeded", "vId": "TRBV19*01"}	0
6804	TRB	CASGSDRLEAFF	TRBV12-5*01	TRBJ1-1*01	HomoSapiens	HLA-E*01:03	B2M	MHCI	VMATRRNVL	Rv1518	M.tuberculosis	PMID:38439958	{"identification": "tetramer-sort", "frequency": "", "singlecell": "", "sequencing": "sanger", "verification": ""}	{"study.id": "", "cell.subset": "CD8+", "subject.cohort": "LTBI", "subject.id": "", "replica.id": "", "clone.id": "", "epitope.id": "", "tissue": "PBMC", "donor.MHC": "", "donor.MHC.method": "", "structure.id": "", "samples.found": 1, "studies.found": 1}	{"cdr3": "CASGSDRLEAFF", "cdr3_old": "CASGSDRLEAFF", "fixNeeded": false, "good": true, "jCanonical": true, "jFixType": "NoFixNeeded", "jId": "TRBJ1-1*01", "jStart": 8, "vCanonical": true, "vEnd": 4, "vFixType": "NoFixNeeded", "vId": "TRBV12-5*01"}	0
6805	TRB	CASRELGDIIQPQHF	TRBV28*01	TRBJ1-5*01	HomoSapiens	HLA-E*01:03	B2M	MHCI	VMATRRNVL	Rv1518	M.tuberculosis	PMID:38439958	{"identification": "tetramer-sort", "frequency": "", "singlecell": "", "sequencing": "sanger", "verification": ""}	{"study.id": "", "cell.subset": "CD8+", "subject.cohort": "LTBI", "subject.id": "", "replica.id": "", "clone.id": "", "epitope.id": "", "tissue": "PBMC", "donor.MHC": "", "donor.MHC.method": "", "structure.id": "", "samples.found": 1, "studies.found": 1}	{"cdr3": "CASRELGDIIQPQHF", "cdr3_old": "CASRELGDIIQPQHF", "fixNeeded": false, "good": true, "jCanonical": true, "jFixType": "NoFixNeeded", "jId": "TRBJ1-5*01", "jStart": 10, "vCanonical": true, "vEnd": 3, "vFixType": "NoFixNeeded", "vId": "TRBV28*01"}	0
6806	TRB	CASRPTGAGGANVLTF	TRBV2*01	TRBJ2-6*01	HomoSapiens	HLA-E*01:03	B2M	MHCI	VMATRRNVL	Rv1518	M.tuberculosis	PMID:38439958	{"identification": "tetramer-sort", "frequency": "", "singlecell": "", "sequencing": "sanger", "verification": ""}	{"study.id": "", "cell.subset": "CD8+", "subject.cohort": "LTBI", "subject.id": "", "replica.id": "", "clone.id": "", "epitope.id": "", "tissue": "PBMC", "donor.MHC": "", "donor.MHC.method": "", "structure.id": "", "samples.found": 1, "studies.found": 1}	{"cdr3": "CASRPTGAGGANVLTF", "cdr3_old": "CASRPTGAGGANVLTF", "fixNeeded": false, "good": true, "jCanonical": true, "jFixType": "NoFixNeeded", "jId": "TRBJ2-6*01", "jStart": 9, "vCanonical": true, "vEnd": 3, "vFixType": "NoFixNeeded", "vId": "TRBV2*01"}	0
6807	TRB	CASRRGVYGYTF	TRBV25-1*01	TRBJ1-2*01	HomoSapiens	HLA-E*01:03	B2M	MHCI	VMATRRNVL	Rv1518	M.tuberculosis	PMID:38439958	{"identification": "tetramer-sort", "frequency": "", "singlecell": "", "sequencing": "sanger", "verification": ""}	{"study.id": "", "cell.subset": "CD8+", "subject.cohort": "LTBI", "subject.id": "", "replica.id": "", "clone.id": "", "epitope.id": "", "tissue": "PBMC", "donor.MHC": "", "donor.MHC.method": "", "structure.id": "", "samples.found": 1, "studies.found": 1}	{"cdr3": "CASRRGVYGYTF", "cdr3_old": "CASRRGVYGYTF", "fixNeeded": false, "good": true, "jCanonical": true, "jFixType": "NoFixNeeded", "jId": "TRBJ1-2*01", "jStart": 7, "vCanonical": true, "vEnd": 3, "vFixType": "NoFixNeeded", "vId": "TRBV25-1*01"}	0
6808	TRB	CASSAGQKNTEAFF	TRBV6-5*01	TRBJ1-1*01	HomoSapiens	HLA-E*01:03	B2M	MHCI	VMATRRNVL	Rv1518	M.tuberculosis	PMID:38439958	{"identification": "tetramer-sort", "frequency": "", "singlecell": "", "sequencing": "sanger", "verification": ""}	{"study.id": "", "cell.subset": "CD8+", "subject.cohort": "LTBI", "subject.id": "", "replica.id": "", "clone.id": "", "epitope.id": "", "tissue": "PBMC", "donor.MHC": "", "donor.MHC.method": "", "structure.id": "", "samples.found": 1, "studies.found": 1}	{"cdr3": "CASSAGQKNTEAFF", "cdr3_old": "CASSAGQKNTEAFF", "fixNeeded": false, "good": true, "jCanonical": true, "jFixType": "NoFixNeeded", "jId": "TRBJ1-1*01", "jStart": 8, "vCanonical": true, "vEnd": 4, "vFixType": "NoFixNeeded", "vId": "TRBV6-5*01"}	0
6809	TRB	CASSEVTGTGELFF	TRBV6-4*01	TRBJ2-2*01	HomoSapiens	HLA-E*01:03	B2M	MHCI	VMATRRNVL	Rv1518	M.tuberculosis	PMID:38439958	{"identification": "tetramer-sort", "frequency": "", "singlecell": "", "sequencing": "sanger", "verification": ""}	{"study.id": "", "cell.subset": "CD8+", "subject.cohort": "LTBI", "subject.id": "", "replica.id": "", "clone.id": "", "epitope.id": "", "tissue": "PBMC", "donor.MHC": "", "donor.MHC.method": "", "structure.id": "", "samples.found": 1, "studies.found": 1}	{"cdr3": "CASSEVTGTGELFF", "cdr3_old": "CASSEVTGTGELFF", "fixNeeded": false, "good": true, "jCanonical": true, "jFixType": "NoFixNeeded", "jId": "TRBJ2-2*01", "jStart": 8, "vCanonical": true, "vEnd": 4, "vFixType": "NoFixNeeded", "vId": "TRBV6-4*01"}	0
6810	TRB	CASSFGDRDLSEQYF	TRBV7-8*01	TRBJ2-7*01	HomoSapiens	HLA-E*01:03	B2M	MHCI	VMATRRNVL	Rv1518	M.tuberculosis	PMID:38439958	{"identification": "tetramer-sort", "frequency": "", "singlecell": "", "sequencing": "sanger", "verification": ""}	{"study.id": "", "cell.subset": "CD8+", "subject.cohort": "LTBI", "subject.id": "", "replica.id": "", "clone.id": "", "epitope.id": "", "tissue": "PBMC", "donor.MHC": "", "donor.MHC.method": "", "structure.id": "", "samples.found": 1, "studies.found": 1}	{"cdr3": "CASSFGDRDLSEQYF", "cdr3_old": "CASSFGDRDLSEQYF", "fixNeeded": false, "good": true, "jCanonical": true, "jFixType": "NoFixNeeded", "jId": "TRBJ2-7*01", "jStart": 11, "vCanonical": true, "vEnd": 4, "vFixType": "NoFixNeeded", "vId": "TRBV7-8*01"}	0
6812	TRB	CASSLGGALKYEQYF	TRBV11-2*01	TRBJ2-7*01	HomoSapiens	HLA-E*01:03	B2M	MHCI	VMATRRNVL	Rv1518	M.tuberculosis	PMID:38439958	{"identification": "tetramer-sort", "frequency": "", "singlecell": "", "sequencing": "sanger", "verification": ""}	{"study.id": "", "cell.subset": "CD8+", "subject.cohort": "LTBI", "subject.id": "", "replica.id": "", "clone.id": "", "epitope.id": "", "tissue": "PBMC", "donor.MHC": "", "donor.MHC.method": "", "structure.id": "", "samples.found": 1, "studies.found": 1}	{"cdr3": "CASSLGGALKYEQYF", "cdr3_old": "CASSLGGALKYEQYF", "fixNeeded": false, "good": true, "jCanonical": true, "jFixType": "NoFixNeeded", "jId": "TRBJ2-7*01", "jStart": 10, "vCanonical": true, "vEnd": 5, "vFixType": "NoFixNeeded", "vId": "TRBV11-2*01"}	0
6813	TRB	CASSLGPTYELYF	TRBV7-9*01	TRBJ2-7*01	HomoSapiens	HLA-E*01:03	B2M	MHCI	VMATRRNVL	Rv1518	M.tuberculosis	PMID:38439958	{"identification": "tetramer-sort", "frequency": "", "singlecell": "", "sequencing": "sanger", "verification": ""}	{"study.id": "", "cell.subset": "CD8+", "subject.cohort": "LTBI", "subject.id": "", "replica.id": "", "clone.id": "", "epitope.id": "", "tissue": "PBMC", "donor.MHC": "", "donor.MHC.method": "", "structure.id": "", "samples.found": 1, "studies.found": 1}	{"cdr3": "CASSLGPTYELYF", "cdr3_old": "CASSLGPTYELYF", "fixNeeded": false, "good": true, "jCanonical": true, "jFixType": "NoFixNeeded", "jId": "TRBJ2-7*01", "jStart": 11, "vCanonical": true, "vEnd": 5, "vFixType": "NoFixNeeded", "vId": "TRBV7-9*01"}	0
6814	TRB	CASSLIGTQRGNEQFF	TRBV7-9*01	TRBJ2-1*01	HomoSapiens	HLA-E*01:03	B2M	MHCI	VMATRRNVL	Rv1518	M.tuberculosis	PMID:38439958	{"identification": "tetramer-sort", "frequency": "", "singlecell": "", "sequencing": "sanger", "verification": ""}	{"study.id": "", "cell.subset": "CD8+", "subject.cohort": "LTBI", "subject.id": "", "replica.id": "", "clone.id": "", "epitope.id": "", "tissue": "PBMC", "donor.MHC": "", "donor.MHC.method": "", "structure.id": "", "samples.found": 1, "studies.found": 1}	{"cdr3": "CASSLIGTQRGNEQFF", "cdr3_old": "CASSLIGTQRGNEQFF", "fixNeeded": false, "good": true, "jCanonical": true, "jFixType": "NoFixNeeded", "jId": "TRBJ2-1*01", "jStart": 11, "vCanonical": true, "vEnd": 5, "vFixType": "NoFixNeeded", "vId": "TRBV7-9*01"}	0
6815	TRB	CASSLLQGWAYNEQFF	TRBV5-8*01	TRBJ2-1*01	HomoSapiens	HLA-E*01:03	B2M	MHCI	VMATRRNVL	Rv1518	M.tuberculosis	PMID:38439958	{"identification": "tetramer-sort", "frequency": "", "singlecell": "", "sequencing": "sanger", "verification": ""}	{"study.id": "", "cell.subset": "CD8+", "subject.cohort": "LTBI", "subject.id": "", "replica.id": "", "clone.id": "", "epitope.id": "", "tissue": "PBMC", "donor.MHC": "", "donor.MHC.method": "", "structure.id": "", "samples.found": 1, "studies.found": 1}	{"cdr3": "CASSLLQGWAYNEQFF", "cdr3_old": "CASSLLQGWAYNEQFF", "fixNeeded": false, "good": true, "jCanonical": true, "jFixType": "NoFixNeeded", "jId": "TRBJ2-1*01", "jStart": 10, "vCanonical": true, "vEnd": 5, "vFixType": "NoFixNeeded", "vId": "TRBV5-8*01"}	0
6816	TRB	CASSLTALTDLYGYTF	TRBV27*01	TRBJ1-2*01	HomoSapiens	HLA-E*01:03	B2M	MHCI	VMATRRNVL	Rv1518	M.tuberculosis	PMID:38439958	{"identification": "tetramer-sort", "frequency": "", "singlecell": "", "sequencing": "sanger", "verification": ""}	{"study.id": "", "cell.subset": "CD8+", "subject.cohort": "LTBI", "subject.id": "", "replica.id": "", "clone.id": "", "epitope.id": "", "tissue": "PBMC", "donor.MHC": "", "donor.MHC.method": "", "structure.id": "", "samples.found": 1, "studies.found": 1}	{"cdr3": "CASSLTALTDLYGYTF", "cdr3_old": "CASSLTALTDLYGYTF", "fixNeeded": false, "good": true, "jCanonical": true, "jFixType": "NoFixNeeded", "jId": "TRBJ1-2*01", "jStart": 11, "vCanonical": true, "vEnd": 5, "vFixType": "NoFixNeeded", "vId": "TRBV27*01"}	0
6817	TRB	CASSLYRQVQYF	TRBV13*01	TRBJ2-3*01	HomoSapiens	HLA-E*01:03	B2M	MHCI	VMATRRNVL	Rv1518	M.tuberculosis	PMID:38439958	{"identification": "tetramer-sort", "frequency": "", "singlecell": "", "sequencing": "sanger", "verification": ""}	{"study.id": "", "cell.subset": "CD8+", "subject.cohort": "LTBI", "subject.id": "", "replica.id": "", "clone.id": "", "epitope.id": "", "tissue": "PBMC", "donor.MHC": "", "donor.MHC.method": "", "structure.id": "", "samples.found": 1, "studies.found": 1}	{"cdr3": "CASSLYRQVQYF", "cdr3_old": "CASSLYRQVQYF", "fixNeeded": false, "good": true, "jCanonical": true, "jFixType": "NoFixNeeded", "jId": "TRBJ2-3*01", "jStart": 9, "vCanonical": true, "vEnd": 5, "vFixType": "NoFixNeeded", "vId": "TRBV13*01"}	0
6818	TRB	CASSPASGSNNEQFF	TRBV7-8*01	TRBJ2-1*01	HomoSapiens	HLA-E*01:03	B2M	MHCI	VMATRRNVL	Rv1518	M.tuberculosis	PMID:38439958	{"identification": "tetramer-sort", "frequency": "", "singlecell": "", "sequencing": "sanger", "verification": ""}	{"study.id": "", "cell.subset": "CD8+", "subject.cohort": "LTBI", "subject.id": "", "replica.id": "", "clone.id": "", "epitope.id": "", "tissue": "PBMC", "donor.MHC": "", "donor.MHC.method": "", "structure.id": "", "samples.found": 1, "studies.found": 1}	{"cdr3": "CASSPASGSNNEQFF", "cdr3_old": "CASSPASGSNNEQFF", "fixNeeded": false, "good": true, "jCanonical": true, "jFixType": "NoFixNeeded", "jId": "TRBJ2-1*01", "jStart": 10, "vCanonical": true, "vEnd": 4, "vFixType": "NoFixNeeded", "vId": "TRBV7-8*01"}	0
6819	TRB	CASSPMTGGAFNEQFF	TRBV13*01	TRBJ2-1*01	HomoSapiens	HLA-E*01:03	B2M	MHCI	VMATRRNVL	Rv1518	M.tuberculosis	PMID:38439958	{"identification": "tetramer-sort", "frequency": "", "singlecell": "", "sequencing": "sanger", "verification": ""}	{"study.id": "", "cell.subset": "CD8+", "subject.cohort": "LTBI", "subject.id": "", "replica.id": "", "clone.id": "", "epitope.id": "", "tissue": "PBMC", "donor.MHC": "", "donor.MHC.method": "", "structure.id": "", "samples.found": 1, "studies.found": 1}	{"cdr3": "CASSPMTGGAFNEQFF", "cdr3_old": "CASSPMTGGAFNEQFF", "fixNeeded": false, "good": true, "jCanonical": true, "jFixType": "NoFixNeeded", "jId": "TRBJ2-1*01", "jStart": 11, "vCanonical": true, "vEnd": 4, "vFixType": "NoFixNeeded", "vId": "TRBV13*01"}	0
6820	TRB	CASSPPLSFGGEQFF	TRBV18*01	TRBJ2-1*01	HomoSapiens	HLA-E*01:03	B2M	MHCI	VMATRRNVL	Rv1518	M.tuberculosis	PMID:38439958	{"identification": "tetramer-sort", "frequency": "", "singlecell": "", "sequencing": "sanger", "verification": ""}	{"study.id": "", "cell.subset": "CD8+", "subject.cohort": "LTBI", "subject.id": "", "replica.id": "", "clone.id": "", "epitope.id": "", "tissue": "PBMC", "donor.MHC": "", "donor.MHC.method": "", "structure.id": "", "samples.found": 1, "studies.found": 1}	{"cdr3": "CASSPPLSFGGEQFF", "cdr3_old": "CASSPPLSFGGEQFF", "fixNeeded": false, "good": true, "jCanonical": true, "jFixType": "NoFixNeeded", "jId": "TRBJ2-1*01", "jStart": 11, "vCanonical": true, "vEnd": 5, "vFixType": "NoFixNeeded", "vId": "TRBV18*01"}	0
6821	TRB	CASSPPPGKPHEQYF	TRBV7-9*01	TRBJ2-7*01	HomoSapiens	HLA-E*01:03	B2M	MHCI	VMATRRNVL	Rv1518	M.tuberculosis	PMID:38439958	{"identification": "tetramer-sort", "frequency": "", "singlecell": "", "sequencing": "sanger", "verification": ""}	{"study.id": "", "cell.subset": "CD8+", "subject.cohort": "LTBI", "subject.id": "", "replica.id": "", "clone.id": "", "epitope.id": "", "tissue": "PBMC", "donor.MHC": "", "donor.MHC.method": "", "structure.id": "", "samples.found": 1, "studies.found": 1}	{"cdr3": "CASSPPPGKPHEQYF", "cdr3_old": "CASSPPPGKPHEQYF", "fixNeeded": false, "good": true, "jCanonical": true, "jFixType": "NoFixNeeded", "jId": "TRBJ2-7*01", "jStart": 11, "vCanonical": true, "vEnd": 4, "vFixType": "NoFixNeeded", "vId": "TRBV7-9*01"}	0
6822	TRB	CASSPPQRGTEAFF	TRBV5-5*01	TRBJ1-1*01	HomoSapiens	HLA-E*01:03	B2M	MHCI	VMATRRNVL	Rv1518	M.tuberculosis	PMID:38439958	{"identification": "tetramer-sort", "frequency": "", "singlecell": "", "sequencing": "sanger", "verification": ""}	{"study.id": "", "cell.subset": "CD8+", "subject.cohort": "LTBI", "subject.id": "", "replica.id": "", "clone.id": "", "epitope.id": "", "tissue": "PBMC", "donor.MHC": "", "donor.MHC.method": "", "structure.id": "", "samples.found": 1, "studies.found": 1}	{"cdr3": "CASSPPQRGTEAFF", "cdr3_old": "CASSPPQRGTEAFF", "fixNeeded": false, "good": true, "jCanonical": true, "jFixType": "NoFixNeeded", "jId": "TRBJ1-1*01", "jStart": 9, "vCanonical": true, "vEnd": 4, "vFixType": "NoFixNeeded", "vId": "TRBV5-5*01"}	0
6823	TRB	CASSPSQGVHEQYF	TRBV13*01	TRBJ2-7*01	HomoSapiens	HLA-E*01:03	B2M	MHCI	VMATRRNVL	Rv1518	M.tuberculosis	PMID:38439958	{"identification": "tetramer-sort", "frequency": "", "singlecell": "", "sequencing": "sanger", "verification": ""}	{"study.id": "", "cell.subset": "CD8+", "subject.cohort": "LTBI", "subject.id": "", "replica.id": "", "clone.id": "", "epitope.id": "", "tissue": "PBMC", "donor.MHC": "", "donor.MHC.method": "", "structure.id": "", "samples.found": 1, "studies.found": 1}	{"cdr3": "CASSPSQGVHEQYF", "cdr3_old": "CASSPSQGVHEQYF", "fixNeeded": false, "good": true, "jCanonical": true, "jFixType": "NoFixNeeded", "jId": "TRBJ2-7*01", "jStart": 10, "vCanonical": true, "vEnd": 4, "vFixType": "NoFixNeeded", "vId": "TRBV13*01"}	0
6825	TRB	CASSQGSTEGYTF	TRBV14*01	TRBJ1-2*01	HomoSapiens	HLA-E*01:03	B2M	MHCI	VMATRRNVL	Rv1518	M.tuberculosis	PMID:38439958	{"identification": "tetramer-sort", "frequency": "", "singlecell": "", "sequencing": "sanger", "verification": ""}	{"study.id": "", "cell.subset": "CD8+", "subject.cohort": "LTBI", "subject.id": "", "replica.id": "", "clone.id": "", "epitope.id": "", "tissue": "PBMC", "donor.MHC": "", "donor.MHC.method": "", "structure.id": "", "samples.found": 1, "studies.found": 1}	{"cdr3": "CASSQGSTEGYTF", "cdr3_old": "CASSQGSTEGYTF", "fixNeeded": false, "good": true, "jCanonical": true, "jFixType": "NoFixNeeded", "jId": "TRBJ1-2*01", "jStart": 9, "vCanonical": true, "vEnd": 5, "vFixType": "NoFixNeeded", "vId": "TRBV14*01"}	0
6826	TRB	CASSQTGTGYSNQPQHF	TRBV28*01	TRBJ1-5*01	HomoSapiens	HLA-E*01:03	B2M	MHCI	VMATRRNVL	Rv1518	M.tuberculosis	PMID:38439958	{"identification": "tetramer-sort", "frequency": "", "singlecell": "", "sequencing": "sanger", "verification": ""}	{"study.id": "", "cell.subset": "CD8+", "subject.cohort": "LTBI", "subject.id": "", "replica.id": "", "clone.id": "", "epitope.id": "", "tissue": "PBMC", "donor.MHC": "", "donor.MHC.method": "", "structure.id": "", "samples.found": 1, "studies.found": 1}	{"cdr3": "CASSQTGTGYSNQPQHF", "cdr3_old": "CASSQTGTGYSNQPQHF", "fixNeeded": false, "good": true, "jCanonical": true, "jFixType": "NoFixNeeded", "jId": "TRBJ1-5*01", "jStart": 10, "vCanonical": true, "vEnd": 4, "vFixType": "NoFixNeeded", "vId": "TRBV28*01"}	0
6827	TRB	CASSRARYTEAFF	TRBV27*01	TRBJ1-1*01	HomoSapiens	HLA-E*01:03	B2M	MHCI	VMATRRNVL	Rv1518	M.tuberculosis	PMID:38439958	{"identification": "tetramer-sort", "frequency": "", "singlecell": "", "sequencing": "sanger", "verification": ""}	{"study.id": "", "cell.subset": "CD8+", "subject.cohort": "LTBI", "subject.id": "", "replica.id": "", "clone.id": "", "epitope.id": "", "tissue": "PBMC", "donor.MHC": "", "donor.MHC.method": "", "structure.id": "", "samples.found": 1, "studies.found": 1}	{"cdr3": "CASSRARYTEAFF", "cdr3_old": "CASSRARYTEAFF", "fixNeeded": false, "good": true, "jCanonical": true, "jFixType": "NoFixNeeded", "jId": "TRBJ1-1*01", "jStart": 8, "vCanonical": true, "vEnd": 4, "vFixType": "NoFixNeeded", "vId": "TRBV27*01"}	0
6829	TRB	CASSVGQLSSYEQYF	TRBV9*01	TRBJ2-7*01	HomoSapiens	HLA-E*01:03	B2M	MHCI	VMATRRNVL	Rv1518	M.tuberculosis	PMID:38439958	{"identification": "tetramer-sort", "frequency": "", "singlecell": "", "sequencing": "sanger", "verification": ""}	{"study.id": "", "cell.subset": "CD8+", "subject.cohort": "LTBI", "subject.id": "", "replica.id": "", "clone.id": "", "epitope.id": "", "tissue": "PBMC", "donor.MHC": "", "donor.MHC.method": "", "structure.id": "", "samples.found": 1, "studies.found": 1}	{"cdr3": "CASSVGQLSSYEQYF", "cdr3_old": "CASSVGQLSSYEQYF", "fixNeeded": false, "good": true, "jCanonical": true, "jFixType": "NoFixNeeded", "jId": "TRBJ2-7*01", "jStart": 9, "vCanonical": true, "vEnd": 5, "vFixType": "NoFixNeeded", "vId": "TRBV9*01"}	0
6830	TRB	CASSYRNRASLGGYTF	TRBV6-5*01	TRBJ1-2*01	HomoSapiens	HLA-E*01:03	B2M	MHCI	VMATRRNVL	Rv1518	M.tuberculosis	PMID:38439958	{"identification": "tetramer-sort", "frequency": "", "singlecell": "", "sequencing": "sanger", "verification": ""}	{"study.id": "", "cell.subset": "CD8+", "subject.cohort": "LTBI", "subject.id": "", "replica.id": "", "clone.id": "", "epitope.id": "", "tissue": "PBMC", "donor.MHC": "", "donor.MHC.method": "", "structure.id": "", "samples.found": 1, "studies.found": 1}	{"cdr3": "CASSYRNRASLGGYTF", "cdr3_old": "CASSYRNRASLGGYTF", "fixNeeded": false, "good": true, "jCanonical": true, "jFixType": "NoFixNeeded", "jId": "TRBJ1-2*01", "jStart": 12, "vCanonical": true, "vEnd": 5, "vFixType": "NoFixNeeded", "vId": "TRBV6-5*01"}	0
6831	TRB	CASSYSGGQVAGAVNTEAFF	TRBV6-5*01	TRBJ1-1*01	HomoSapiens	HLA-E*01:03	B2M	MHCI	VMATRRNVL	Rv1518	M.tuberculosis	PMID:38439958	{"identification": "tetramer-sort", "frequency": "", "singlecell": "", "sequencing": "sanger", "verification": ""}	{"study.id": "", "cell.subset": "CD8+", "subject.cohort": "LTBI", "subject.id": "", "replica.id": "", "clone.id": "", "epitope.id": "", "tissue": "PBMC", "donor.MHC": "", "donor.MHC.method": "", "structure.id": "", "samples.found": 1, "studies.found": 1}	{"cdr3": "CASSYSGGQVAGAVNTEAFF", "cdr3_old": "CASSYSGGQVAGAVNTEAFF", "fixNeeded": false, "good": true, "jCanonical": true, "jFixType": "NoFixNeeded", "jId": "TRBJ1-1*01", "jStart": 14, "vCanonical": true, "vEnd": 5, "vFixType": "NoFixNeeded", "vId": "TRBV6-5*01"}	0
6832	TRB	CASSYSNLGTGDYGYTF	TRBV6-5*01	TRBJ1-2*01	HomoSapiens	HLA-E*01:03	B2M	MHCI	VMATRRNVL	Rv1518	M.tuberculosis	PMID:38439958	{"identification": "tetramer-sort", "frequency": "", "singlecell": "", "sequencing": "sanger", "verification": ""}	{"study.id": "", "cell.subset": "CD8+", "subject.cohort": "LTBI", "subject.id": "", "replica.id": "", "clone.id": "", "epitope.id": "", "tissue": "PBMC", "donor.MHC": "", "donor.MHC.method": "", "structure.id": "", "samples.found": 1, "studies.found": 1}	{"cdr3": "CASSYSNLGTGDYGYTF", "cdr3_old": "CASSYSNLGTGDYGYTF", "fixNeeded": false, "good": true, "jCanonical": true, "jFixType": "NoFixNeeded", "jId": "TRBJ1-2*01", "jStart": 12, "vCanonical": true, "vEnd": 5, "vFixType": "NoFixNeeded", "vId": "TRBV6-5*01"}	0
6833	TRB	CASVTGTGGFEQYF	TRBV2*01	TRBJ2-7*01	HomoSapiens	HLA-E*01:03	B2M	MHCI	VMATRRNVL	Rv1518	M.tuberculosis	PMID:38439958	{"identification": "tetramer-sort", "frequency": "", "singlecell": "", "sequencing": "sanger", "verification": ""}	{"study.id": "", "cell.subset": "CD8+", "subject.cohort": "LTBI", "subject.id": "", "replica.id": "", "clone.id": "", "epitope.id": "", "tissue": "PBMC", "donor.MHC": "", "donor.MHC.method": "", "structure.id": "", "samples.found": 1, "studies.found": 1}	{"cdr3": "CASVTGTGGFEQYF", "cdr3_old": "CASVTGTGGFEQYF", "fixNeeded": false, "good": true, "jCanonical": true, "jFixType": "NoFixNeeded", "jId": "TRBJ2-7*01", "jStart": 10, "vCanonical": true, "vEnd": 3, "vFixType": "NoFixNeeded", "vId": "TRBV2*01"}	0
6834	TRB	CATSRENLEGTEAFF	TRBV15*01	TRBJ1-1*01	HomoSapiens	HLA-E*01:03	B2M	MHCI	VMATRRNVL	Rv1518	M.tuberculosis	PMID:38439958	{"identification": "tetramer-sort", "frequency": "", "singlecell": "", "sequencing": "sanger", "verification": ""}	{"study.id": "", "cell.subset": "CD8+", "subject.cohort": "LTBI", "subject.id": "", "replica.id": "", "clone.id": "", "epitope.id": "", "tissue": "PBMC", "donor.MHC": "", "donor.MHC.method": "", "structure.id": "", "samples.found": 1, "studies.found": 1}	{"cdr3": "CATSRENLEGTEAFF", "cdr3_old": "CATSRENLEGTEAFF", "fixNeeded": false, "good": true, "jCanonical": true, "jFixType": "NoFixNeeded", "jId": "TRBJ1-1*01", "jStart": 10, "vCanonical": true, "vEnd": 5, "vFixType": "NoFixNeeded", "vId": "TRBV15*01"}	0
6835	TRB	CATSRENLEGTEAFF	TRBV15*01	TRBJ1-1*01	HomoSapiens	HLA-E*01:03	B2M	MHCI	VMATRRNVL	Rv1518	M.tuberculosis	PMID:38439958	{"identification": "tetramer-sort", "frequency": "", "singlecell": "", "sequencing": "sanger", "verification": ""}	{"study.id": "", "cell.subset": "CD8+", "subject.cohort": "LTBI", "subject.id": "", "replica.id": "", "clone.id": "", "epitope.id": "", "tissue": "PBMC", "donor.MHC": "", "donor.MHC.method": "", "structure.id": "", "samples.found": 1, "studies.found": 1}	{"cdr3": "CATSRENLEGTEAFF", "cdr3_old": "CATSRENLEGTEAFF", "fixNeeded": false, "good": true, "jCanonical": true, "jFixType": "NoFixNeeded", "jId": "TRBJ1-1*01", "jStart": 10, "vCanonical": true, "vEnd": 5, "vFixType": "NoFixNeeded", "vId": "TRBV15*01"}	0
6836	TRB	CAWRKGQGEVRFDEQFF	TRBV30*01	TRBJ2-1*01	HomoSapiens	HLA-E*01:03	B2M	MHCI	VMATRRNVL	Rv1518	M.tuberculosis	PMID:38439958	{"identification": "tetramer-sort", "frequency": "", "singlecell": "", "sequencing": "sanger", "verification": ""}	{"study.id": "", "cell.subset": "CD8+", "subject.cohort": "LTBI", "subject.id": "", "replica.id": "", "clone.id": "", "epitope.id": "", "tissue": "PBMC", "donor.MHC": "", "donor.MHC.method": "", "structure.id": "", "samples.found": 1, "studies.found": 1}	{"cdr3": "CAWRKGQGEVRFDEQFF", "cdr3_old": "CAWRKGQGEVRFDEQFF", "fixNeeded": false, "good": true, "jCanonical": true, "jFixType": "NoFixNeeded", "jId": "TRBJ2-1*01", "jStart": 13, "vCanonical": true, "vEnd": 3, "vFixType": "NoFixNeeded", "vId": "TRBV30*01"}	0
6837	TRB	CSALTSYNEQFF	TRBV20-1*01	TRBJ2-1*01	HomoSapiens	HLA-E*01:03	B2M	MHCI	VMATRRNVL	Rv1518	M.tuberculosis	PMID:38439958	{"identification": "tetramer-sort", "frequency": "", "singlecell": "", "sequencing": "sanger", "verification": ""}	{"study.id": "", "cell.subset": "CD8+", "subject.cohort": "LTBI", "subject.id": "", "replica.id": "", "clone.id": "", "epitope.id": "", "tissue": "PBMC", "donor.MHC": "", "donor.MHC.method": "", "structure.id": "", "samples.found": 1, "studies.found": 1}	{"cdr3": "CSALTSYNEQFF", "cdr3_old": "CSALTSYNEQFF", "fixNeeded": false, "good": true, "jCanonical": true, "jFixType": "NoFixNeeded", "jId": "TRBJ2-1*01", "jStart": 5, "vCanonical": true, "vEnd": 3, "vFixType": "NoFixNeeded", "vId": "TRBV20-1*01"}	0
6838	TRB	CSAPNWGNEQFF	TRBV20-1*01	TRBJ2-1*01	HomoSapiens	HLA-E*01:03	B2M	MHCI	VMATRRNVL	Rv1518	M.tuberculosis	PMID:38439958	{"identification": "tetramer-sort", "frequency": "", "singlecell": "", "sequencing": "sanger", "verification": ""}	{"study.id": "", "cell.subset": "CD8+", "subject.cohort": "LTBI", "subject.id": "", "replica.id": "", "clone.id": "", "epitope.id": "", "tissue": "PBMC", "donor.MHC": "", "donor.MHC.method": "", "structure.id": "", "samples.found": 1, "studies.found": 1}	{"cdr3": "CSAPNWGNEQFF", "cdr3_old": "CSAPNWGNEQFF", "fixNeeded": false, "good": true, "jCanonical": true, "jFixType": "NoFixNeeded", "jId": "TRBJ2-1*01", "jStart": 7, "vCanonical": true, "vEnd": 3, "vFixType": "NoFixNeeded", "vId": "TRBV20-1*01"}	0
6839	TRB	CSARGNRVLDGYTF	TRBV20-1*01	TRBJ1-2*01	HomoSapiens	HLA-E*01:03	B2M	MHCI	VMATRRNVL	Rv1518	M.tuberculosis	PMID:38439958	{"identification": "tetramer-sort", "frequency": "", "singlecell": "", "sequencing": "sanger", "verification": ""}	{"study.id": "", "cell.subset": "CD8+", "subject.cohort": "LTBI", "subject.id": "", "replica.id": "", "clone.id": "", "epitope.id": "", "tissue": "PBMC", "donor.MHC": "", "donor.MHC.method": "", "structure.id": "", "samples.found": 1, "studies.found": 1}	{"cdr3": "CSARGNRVLDGYTF", "cdr3_old": "CSARGNRVLDGYTF", "fixNeeded": false, "good": true, "jCanonical": true, "jFixType": "NoFixNeeded", "jId": "TRBJ1-2*01", "jStart": 10, "vCanonical": true, "vEnd": 4, "vFixType": "NoFixNeeded", "vId": "TRBV20-1*01"}	0
6840	TRB	CSASTLAGGGSTDTQYF	TRBV20-1*01	TRBJ2-3*01	HomoSapiens	HLA-E*01:03	B2M	MHCI	VMATRRNVL	Rv1518	M.tuberculosis	PMID:38439958	{"identification": "tetramer-sort", "frequency": "", "singlecell": "", "sequencing": "sanger", "verification": ""}	{"study.id": "", "cell.subset": "CD8+", "subject.cohort": "LTBI", "subject.id": "", "replica.id": "", "clone.id": "", "epitope.id": "", "tissue": "PBMC", "donor.MHC": "", "donor.MHC.method": "", "structure.id": "", "samples.found": 1, "studies.found": 1}	{"cdr3": "CSASTLAGGGSTDTQYF", "cdr3_old": "CSASTLAGGGSTDTQYF", "fixNeeded": false, "good": true, "jCanonical": true, "jFixType": "NoFixNeeded", "jId": "TRBJ2-3*01", "jStart": 10, "vCanonical": true, "vEnd": 3, "vFixType": "NoFixNeeded", "vId": "TRBV20-1*01"}	0
6841	TRB	CSGLDRPVKDTQYF	TRBV29-1*01	TRBJ2-3*01	HomoSapiens	HLA-E*01:03	B2M	MHCI	VMATRRNVL	Rv1518	M.tuberculosis	PMID:38439958	{"identification": "tetramer-sort", "frequency": "", "singlecell": "", "sequencing": "sanger", "verification": ""}	{"study.id": "", "cell.subset": "CD8+", "subject.cohort": "LTBI", "subject.id": "", "replica.id": "", "clone.id": "", "epitope.id": "", "tissue": "PBMC", "donor.MHC": "", "donor.MHC.method": "", "structure.id": "", "samples.found": 1, "studies.found": 1}	{"cdr3": "CSGLDRPVKDTQYF", "cdr3_old": "CSGLDRPVKDTQYF", "fixNeeded": false, "good": true, "jCanonical": true, "jFixType": "NoFixNeeded", "jId": "TRBJ2-3*01", "jStart": 9, "vCanonical": true, "vEnd": 2, "vFixType": "NoFixNeeded", "vId": "TRBV29-1*01"}	0
6842	TRB	CSVERMPGLKYYGYTF	TRBV29-1*01	TRBJ1-2*01	HomoSapiens	HLA-E*01:03	B2M	MHCI	VMATRRNVL	Rv1518	M.tuberculosis	PMID:38439958	{"identification": "tetramer-sort", "frequency": "", "singlecell": "", "sequencing": "sanger", "verification": ""}	{"study.id": "", "cell.subset": "CD8+", "subject.cohort": "LTBI", "subject.id": "", "replica.id": "", "clone.id": "", "epitope.id": "", "tissue": "PBMC", "donor.MHC": "", "donor.MHC.method": "", "structure.id": "", "samples.found": 1, "studies.found": 1}	{"cdr3": "CSVERMPGLKYYGYTF", "cdr3_old": "CSVERMPGLKYYGYTF", "fixNeeded": false, "good": true, "jCanonical": true, "jFixType": "NoFixNeeded", "jId": "TRBJ1-2*01", "jStart": 11, "vCanonical": true, "vEnd": 4, "vFixType": "NoFixNeeded", "vId": "TRBV29-1*01"}	0
6844	TRB	CASSFDQNTEAFF	TRBV9*01	TRBJ1-1*01	HomoSapiens	HLA-E*01:03	B2M	MHCI	VMATRRNVL	Rv1518	M.tuberculosis	PMID:38439958	{"identification": "tetramer-sort", "frequency": "", "singlecell": "", "sequencing": "sanger", "verification": ""}	{"study.id": "", "cell.subset": "CD8+", "subject.cohort": "LTBI", "subject.id": "", "replica.id": "", "clone.id": "", "epitope.id": "", "tissue": "PBMC", "donor.MHC": "", "donor.MHC.method": "", "structure.id": "", "samples.found": 1, "studies.found": 1}	{"cdr3": "CASSFDQNTEAFF", "cdr3_old": "CASSFDQNTEAFF", "fixNeeded": false, "good": true, "jCanonical": true, "jFixType": "NoFixNeeded", "jId": "TRBJ1-1*01", "jStart": 7, "vCanonical": true, "vEnd": 4, "vFixType": "NoFixNeeded", "vId": "TRBV9*01"}	0
6845	TRB	CASSFLLAGLGTDTQYF	TRBV27*01	TRBJ2-3*01	HomoSapiens	HLA-E*01:03	B2M	MHCI	VMATRRNVL	Rv1518	M.tuberculosis	PMID:38439958	{"identification": "tetramer-sort", "frequency": "", "singlecell": "", "sequencing": "sanger", "verification": ""}	{"study.id": "", "cell.subset": "CD8+", "subject.cohort": "LTBI", "subject.id": "", "replica.id": "", "clone.id": "", "epitope.id": "", "tissue": "PBMC", "donor.MHC": "", "donor.MHC.method": "", "structure.id": "", "samples.found": 1, "studies.found": 1}	{"cdr3": "CASSFLLAGLGTDTQYF", "cdr3_old": "CASSFLLAGLGTDTQYF", "fixNeeded": false, "good": true, "jCanonical": true, "jFixType": "NoFixNeeded", "jId": "TRBJ2-3*01", "jStart": 11, "vCanonical": true, "vEnd": 4, "vFixType": "NoFixNeeded", "vId": "TRBV27*01"}	0
6846	TRB	CASSGWLNTEAFF	TRBV6-6*01	TRBJ1-1*01	HomoSapiens	HLA-E*01:03	B2M	MHCI	VMATRRNVL	Rv1518	M.tuberculosis	PMID:38439958	{"identification": "tetramer-sort", "frequency": "", "singlecell": "", "sequencing": "sanger", "verification": ""}	{"study.id": "", "cell.subset": "CD8+", "subject.cohort": "LTBI", "subject.id": "", "replica.id": "", "clone.id": "", "epitope.id": "", "tissue": "PBMC", "donor.MHC": "", "donor.MHC.method": "", "structure.id": "", "samples.found": 1, "studies.found": 1}	{"cdr3": "CASSGWLNTEAFF", "cdr3_old": "CASSGWLNTEAFF", "fixNeeded": false, "good": true, "jCanonical": true, "jFixType": "NoFixNeeded", "jId": "TRBJ1-1*01", "jStart": 7, "vCanonical": true, "vEnd": 4, "vFixType": "NoFixNeeded", "vId": "TRBV6-6*01"}	0
6847	TRB	CASSLASGGRDTQYF	TRBV7-6*01	TRBJ2-3*01	HomoSapiens	HLA-E*01:03	B2M	MHCI	VMATRRNVL	Rv1518	M.tuberculosis	PMID:38439958	{"identification": "tetramer-sort", "frequency": "", "singlecell": "", "sequencing": "sanger", "verification": ""}	{"study.id": "", "cell.subset": "CD8+", "subject.cohort": "LTBI", "subject.id": "", "replica.id": "", "clone.id": "", "epitope.id": "", "tissue": "PBMC", "donor.MHC": "", "donor.MHC.method": "", "structure.id": "", "samples.found": 1, "studies.found": 1}	{"cdr3": "CASSLASGGRDTQYF", "cdr3_old": "CASSLASGGRDTQYF", "fixNeeded": false, "good": true, "jCanonical": true, "jFixType": "NoFixNeeded", "jId": "TRBJ2-3*01", "jStart": 10, "vCanonical": true, "vEnd": 5, "vFixType": "NoFixNeeded", "vId": "TRBV7-6*01"}	0
6848	TRB	CASSLVAGGTEAFF	TRBV27*01	TRBJ1-1*01	HomoSapiens	HLA-E*01:03	B2M	MHCI	VMATRRNVL	Rv1518	M.tuberculosis	PMID:38439958	{"identification": "tetramer-sort", "frequency": "", "singlecell": "", "sequencing": "sanger", "verification": ""}	{"study.id": "", "cell.subset": "CD8+", "subject.cohort": "LTBI", "subject.id": "", "replica.id": "", "clone.id": "", "epitope.id": "", "tissue": "PBMC", "donor.MHC": "", "donor.MHC.method": "", "structure.id": "", "samples.found": 1, "studies.found": 1}	{"cdr3": "CASSLVAGGTEAFF", "cdr3_old": "CASSLVAGGTEAFF", "fixNeeded": false, "good": true, "jCanonical": true, "jFixType": "NoFixNeeded", "jId": "TRBJ1-1*01", "jStart": 9, "vCanonical": true, "vEnd": 5, "vFixType": "NoFixNeeded", "vId": "TRBV27*01"}	0
6849	TRB	CASSTGGNTEAFF	TRBV9*01	TRBJ1-1*01	HomoSapiens	HLA-E*01:03	B2M	MHCI	VMATRRNVL	Rv1518	M.tuberculosis	PMID:38439958	{"identification": "tetramer-sort", "frequency": "", "singlecell": "", "sequencing": "sanger", "verification": ""}	{"study.id": "", "cell.subset": "CD8+", "subject.cohort": "LTBI", "subject.id": "", "replica.id": "", "clone.id": "", "epitope.id": "", "tissue": "PBMC", "donor.MHC": "", "donor.MHC.method": "", "structure.id": "", "samples.found": 1, "studies.found": 1}	{"cdr3": "CASSTGGNTEAFF", "cdr3_old": "CASSTGGNTEAFF", "fixNeeded": false, "good": true, "jCanonical": true, "jFixType": "NoFixNeeded", "jId": "TRBJ1-1*01", "jStart": 7, "vCanonical": true, "vEnd": 4, "vFixType": "NoFixNeeded", "vId": "TRBV9*01"}	0
6850	TRB	CASSVAWGPSYEQYF	TRBV9*01	TRBJ2-7*01	HomoSapiens	HLA-E*01:03	B2M	MHCI	VMATRRNVL	Rv1518	M.tuberculosis	PMID:38439958	{"identification": "tetramer-sort", "frequency": "", "singlecell": "", "sequencing": "sanger", "verification": ""}	{"study.id": "", "cell.subset": "CD8+", "subject.cohort": "LTBI", "subject.id": "", "replica.id": "", "clone.id": "", "epitope.id": "", "tissue": "PBMC", "donor.MHC": "", "donor.MHC.method": "", "structure.id": "", "samples.found": 1, "studies.found": 1}	{"cdr3": "CASSVAWGPSYEQYF", "cdr3_old": "CASSVAWGPSYEQYF", "fixNeeded": false, "good": true, "jCanonical": true, "jFixType": "NoFixNeeded", "jId": "TRBJ2-7*01", "jStart": 9, "vCanonical": true, "vEnd": 5, "vFixType": "NoFixNeeded", "vId": "TRBV9*01"}	0
6851	TRB	CASSVGDSKGQPQHF	TRBV9*01	TRBJ1-5*01	HomoSapiens	HLA-E*01:03	B2M	MHCI	VMATRRNVL	Rv1518	M.tuberculosis	PMID:38439958	{"identification": "tetramer-sort", "frequency": "", "singlecell": "", "sequencing": "sanger", "verification": ""}	{"study.id": "", "cell.subset": "CD8+", "subject.cohort": "LTBI", "subject.id": "", "replica.id": "", "clone.id": "", "epitope.id": "", "tissue": "PBMC", "donor.MHC": "", "donor.MHC.method": "", "structure.id": "", "samples.found": 1, "studies.found": 1}	{"cdr3": "CASSVGDSKGQPQHF", "cdr3_old": "CASSVGDSKGQPQHF", "fixNeeded": false, "good": true, "jCanonical": true, "jFixType": "NoFixNeeded", "jId": "TRBJ1-5*01", "jStart": 10, "vCanonical": true, "vEnd": 5, "vFixType": "NoFixNeeded", "vId": "TRBV9*01"}	0
6852	TRB	CASSYVPASPLHF	TRBV6-6*01	TRBJ1-6*01	HomoSapiens	HLA-E*01:03	B2M	MHCI	VMATRRNVL	Rv1518	M.tuberculosis	PMID:38439958	{"identification": "tetramer-sort", "frequency": "", "singlecell": "", "sequencing": "sanger", "verification": ""}	{"study.id": "", "cell.subset": "CD8+", "subject.cohort": "LTBI", "subject.id": "", "replica.id": "", "clone.id": "", "epitope.id": "", "tissue": "PBMC", "donor.MHC": "", "donor.MHC.method": "", "structure.id": "", "samples.found": 1, "studies.found": 1}	{"cdr3": "CASSYVPASPLHF", "cdr3_old": "CASSYVPASPLHF", "fixNeeded": false, "good": true, "jCanonical": true, "jFixType": "NoFixNeeded", "jId": "TRBJ1-6*01", "jStart": 8, "vCanonical": true, "vEnd": 5, "vFixType": "NoFixNeeded", "vId": "TRBV6-6*01"}	0
6853	TRB	CSARVPDRVTDTQYF	TRBV20-1*01	TRBJ2-3*01	HomoSapiens	HLA-E*01:03	B2M	MHCI	VMATRRNVL	Rv1518	M.tuberculosis	PMID:38439958	{"identification": "tetramer-sort", "frequency": "", "singlecell": "", "sequencing": "sanger", "verification": ""}	{"study.id": "", "cell.subset": "CD8+", "subject.cohort": "LTBI", "subject.id": "", "replica.id": "", "clone.id": "", "epitope.id": "", "tissue": "PBMC", "donor.MHC": "", "donor.MHC.method": "", "structure.id": "", "samples.found": 1, "studies.found": 1}	{"cdr3": "CSARVPDRVTDTQYF", "cdr3_old": "CSARVPDRVTDTQYF", "fixNeeded": false, "good": true, "jCanonical": true, "jFixType": "NoFixNeeded", "jId": "TRBJ2-3*01", "jStart": 9, "vCanonical": true, "vEnd": 4, "vFixType": "NoFixNeeded", "vId": "TRBV20-1*01"}	0
6854	TRB	CAIGDYTYEQYF	TRBV10-3*01	TRBJ2-7*01	HomoSapiens	HLA-E*01:03	B2M	MHCI	VMATRRNVL	Rv1518	M.tuberculosis	PMID:38439958	{"identification": "tetramer-sort", "frequency": "", "singlecell": "", "sequencing": "sanger", "verification": ""}	{"study.id": "", "cell.subset": "CD8+", "subject.cohort": "LTBI", "subject.id": "", "replica.id": "", "clone.id": "", "epitope.id": "", "tissue": "PBMC", "donor.MHC": "", "donor.MHC.method": "", "structure.id": "", "samples.found": 1, "studies.found": 1}	{"cdr3": "CAIGDYTYEQYF", "cdr3_old": "CAIGDYTYEQYF", "fixNeeded": false, "good": true, "jCanonical": true, "jFixType": "NoFixNeeded", "jId": "TRBJ2-7*01", "jStart": 7, "vCanonical": true, "vEnd": 3, "vFixType": "NoFixNeeded", "vId": "TRBV10-3*01"}	0
6855	TRB	CASLGTKTGAGETQYF	TRBV25-1*01	TRBJ2-5*01	HomoSapiens	HLA-E*01:03	B2M	MHCI	VMATRRNVL	Rv1518	M.tuberculosis	PMID:38439958	{"identification": "tetramer-sort", "frequency": "", "singlecell": "", "sequencing": "sanger", "verification": ""}	{"study.id": "", "cell.subset": "CD8+", "subject.cohort": "LTBI", "subject.id": "", "replica.id": "", "clone.id": "", "epitope.id": "", "tissue": "PBMC", "donor.MHC": "", "donor.MHC.method": "", "structure.id": "", "samples.found": 1, "studies.found": 1}	{"cdr3": "CASLGTKTGAGETQYF", "cdr3_old": "CASLGTKTGAGETQYF", "fixNeeded": false, "good": true, "jCanonical": true, "jFixType": "NoFixNeeded", "jId": "TRBJ2-5*01", "jStart": 11, "vCanonical": true, "vEnd": 3, "vFixType": "NoFixNeeded", "vId": "TRBV25-1*01"}	0
6856	TRB	CASRSEVGDTGELFF	TRBV12-3*01	TRBJ2-2*01	HomoSapiens	HLA-E*01:03	B2M	MHCI	VMATRRNVL	Rv1518	M.tuberculosis	PMID:38439958	{"identification": "tetramer-sort", "frequency": "", "singlecell": "", "sequencing": "sanger", "verification": ""}	{"study.id": "", "cell.subset": "CD8+", "subject.cohort": "LTBI", "subject.id": "", "replica.id": "", "clone.id": "", "epitope.id": "", "tissue": "PBMC", "donor.MHC": "", "donor.MHC.method": "", "structure.id": "", "samples.found": 1, "studies.found": 1}	{"cdr3": "CASRSEVGDTGELFF", "cdr3_old": "CASRSEVGDTGELFF", "fixNeeded": false, "good": true, "jCanonical": true, "jFixType": "NoFixNeeded", "jId": "TRBJ2-2*01", "jStart": 9, "vCanonical": true, "vEnd": 3, "vFixType": "NoFixNeeded", "vId": "TRBV12-3*01"}	0
6857	TRB	CASRYGQDYEQYF	TRBV6-5*01	TRBJ2-7*01	HomoSapiens	HLA-E*01:03	B2M	MHCI	VMATRRNVL	Rv1518	M.tuberculosis	PMID:38439958	{"identification": "tetramer-sort", "frequency": "", "singlecell": "", "sequencing": "sanger", "verification": ""}	{"study.id": "", "cell.subset": "CD8+", "subject.cohort": "LTBI", "subject.id": "", "replica.id": "", "clone.id": "", "epitope.id": "", "tissue": "PBMC", "donor.MHC": "", "donor.MHC.method": "", "structure.id": "", "samples.found": 1, "studies.found": 1}	{"cdr3": "CASRYGQDYEQYF", "cdr3_old": "CASRYGQDYEQYF", "fixNeeded": false, "good": true, "jCanonical": true, "jFixType": "NoFixNeeded", "jId": "TRBJ2-7*01", "jStart": 8, "vCanonical": true, "vEnd": 3, "vFixType": "NoFixNeeded", "vId": "TRBV6-5*01"}	0
6858	TRB	CASSAELAGTEAFF	TRBV9*01	TRBJ1-1*01	HomoSapiens	HLA-E*01:03	B2M	MHCI	VMATRRNVL	Rv1518	M.tuberculosis	PMID:38439958	{"identification": "tetramer-sort", "frequency": "", "singlecell": "", "sequencing": "sanger", "verification": ""}	{"study.id": "", "cell.subset": "CD8+", "subject.cohort": "LTBI", "subject.id": "", "replica.id": "", "clone.id": "", "epitope.id": "", "tissue": "PBMC", "donor.MHC": "", "donor.MHC.method": "", "structure.id": "", "samples.found": 1, "studies.found": 1}	{"cdr3": "CASSAELAGTEAFF", "cdr3_old": "CASSAELAGTEAFF", "fixNeeded": false, "good": true, "jCanonical": true, "jFixType": "NoFixNeeded", "jId": "TRBJ1-1*01", "jStart": 9, "vCanonical": true, "vEnd": 4, "vFixType": "NoFixNeeded", "vId": "TRBV9*01"}	0
6859	TRB	CASSAGSEGGYTF	TRBV12-3*01	TRBJ1-2*01	HomoSapiens	HLA-E*01:03	B2M	MHCI	VMATRRNVL	Rv1518	M.tuberculosis	PMID:38439958	{"identification": "tetramer-sort", "frequency": "", "singlecell": "", "sequencing": "sanger", "verification": ""}	{"study.id": "", "cell.subset": "CD8+", "subject.cohort": "LTBI", "subject.id": "", "replica.id": "", "clone.id": "", "epitope.id": "", "tissue": "PBMC", "donor.MHC": "", "donor.MHC.method": "", "structure.id": "", "samples.found": 1, "studies.found": 1}	{"cdr3": "CASSAGSEGGYTF", "cdr3_old": "CASSAGSEGGYTF", "fixNeeded": false, "good": true, "jCanonical": true, "jFixType": "NoFixNeeded", "jId": "TRBJ1-2*01", "jStart": 9, "vCanonical": true, "vEnd": 4, "vFixType": "NoFixNeeded", "vId": "TRBV12-3*01"}	0
6860	TRB	CASSFGGYYEQYF	TRBV5-4*01	TRBJ2-7*01	HomoSapiens	HLA-E*01:03	B2M	MHCI	VMATRRNVL	Rv1518	M.tuberculosis	PMID:38439958	{"identification": "tetramer-sort", "frequency": "", "singlecell": "", "sequencing": "sanger", "verification": ""}	{"study.id": "", "cell.subset": "CD8+", "subject.cohort": "LTBI", "subject.id": "", "replica.id": "", "clone.id": "", "epitope.id": "", "tissue": "PBMC", "donor.MHC": "", "donor.MHC.method": "", "structure.id": "", "samples.found": 1, "studies.found": 1}	{"cdr3": "CASSFGGYYEQYF", "cdr3_old": "CASSFGGYYEQYF", "fixNeeded": false, "good": true, "jCanonical": true, "jFixType": "NoFixNeeded", "jId": "TRBJ2-7*01", "jStart": 8, "vCanonical": true, "vEnd": 4, "vFixType": "NoFixNeeded", "vId": "TRBV5-4*01"}	0
6861	TRB	CASSHGTGVFETQYF	TRBV5-6*01	TRBJ2-5*01	HomoSapiens	HLA-E*01:03	B2M	MHCI	VMATRRNVL	Rv1518	M.tuberculosis	PMID:38439958	{"identification": "tetramer-sort", "frequency": "", "singlecell": "", "sequencing": "sanger", "verification": ""}	{"study.id": "", "cell.subset": "CD8+", "subject.cohort": "LTBI", "subject.id": "", "replica.id": "", "clone.id": "", "epitope.id": "", "tissue": "PBMC", "donor.MHC": "", "donor.MHC.method": "", "structure.id": "", "samples.found": 1, "studies.found": 1}	{"cdr3": "CASSHGTGVFETQYF", "cdr3_old": "CASSHGTGVFETQYF", "fixNeeded": false, "good": true, "jCanonical": true, "jFixType": "NoFixNeeded", "jId": "TRBJ2-5*01", "jStart": 10, "vCanonical": true, "vEnd": 4, "vFixType": "NoFixNeeded", "vId": "TRBV5-6*01"}	0
6862	TRB	CASSIGSGGPYEQYF	TRBV19*01	TRBJ2-7*01	HomoSapiens	HLA-E*01:03	B2M	MHCI	VMATRRNVL	Rv1518	M.tuberculosis	PMID:38439958	{"identification": "tetramer-sort", "frequency": "", "singlecell": "", "sequencing": "sanger", "verification": ""}	{"study.id": "", "cell.subset": "CD8+", "subject.cohort": "LTBI", "subject.id": "", "replica.id": "", "clone.id": "", "epitope.id": "", "tissue": "PBMC", "donor.MHC": "", "donor.MHC.method": "", "structure.id": "", "samples.found": 1, "studies.found": 1}	{"cdr3": "CASSIGSGGPYEQYF", "cdr3_old": "CASSIGSGGPYEQYF", "fixNeeded": false, "good": true, "jCanonical": true, "jFixType": "NoFixNeeded", "jId": "TRBJ2-7*01", "jStart": 10, "vCanonical": true, "vEnd": 5, "vFixType": "NoFixNeeded", "vId": "TRBV19*01"}	0
6863	TRB	CASSLGGAYELYF	TRBV25-1*01	TRBJ2-7*01	HomoSapiens	HLA-E*01:03	B2M	MHCI	VMATRRNVL	Rv1518	M.tuberculosis	PMID:38439958	{"identification": "tetramer-sort", "frequency": "", "singlecell": "", "sequencing": "sanger", "verification": ""}	{"study.id": "", "cell.subset": "CD8+", "subject.cohort": "LTBI", "subject.id": "", "replica.id": "", "clone.id": "", "epitope.id": "", "tissue": "PBMC", "donor.MHC": "", "donor.MHC.method": "", "structure.id": "", "samples.found": 1, "studies.found": 1}	{"cdr3": "CASSLGGAYELYF", "cdr3_old": "CASSLGGAYELYF", "fixNeeded": false, "good": true, "jCanonical": true, "jFixType": "NoFixNeeded", "jId": "TRBJ2-7*01", "jStart": 11, "vCanonical": true, "vEnd": 4, "vFixType": "NoFixNeeded", "vId": "TRBV25-1*01"}	0
6864	TRB	CASSPGSNQPQHF	TRBV4-2*01	TRBJ1-5*01	HomoSapiens	HLA-E*01:03	B2M	MHCI	VMATRRNVL	Rv1518	M.tuberculosis	PMID:38439958	{"identification": "tetramer-sort", "frequency": "", "singlecell": "", "sequencing": "sanger", "verification": ""}	{"study.id": "", "cell.subset": "CD8+", "subject.cohort": "LTBI", "subject.id": "", "replica.id": "", "clone.id": "", "epitope.id": "", "tissue": "PBMC", "donor.MHC": "", "donor.MHC.method": "", "structure.id": "", "samples.found": 1, "studies.found": 1}	{"cdr3": "CASSPGSNQPQHF", "cdr3_old": "CASSPGSNQPQHF", "fixNeeded": false, "good": true, "jCanonical": true, "jFixType": "NoFixNeeded", "jId": "TRBJ1-5*01", "jStart": 6, "vCanonical": true, "vEnd": 4, "vFixType": "NoFixNeeded", "vId": "TRBV4-2*01"}	0
6865	TRB	CASSPRTTGLDYGYTF	TRBV4-1*01	TRBJ1-2*01	HomoSapiens	HLA-E*01:03	B2M	MHCI	VMATRRNVL	Rv1518	M.tuberculosis	PMID:38439958	{"identification": "tetramer-sort", "frequency": "", "singlecell": "", "sequencing": "sanger", "verification": ""}	{"study.id": "", "cell.subset": "CD8+", "subject.cohort": "LTBI", "subject.id": "", "replica.id": "", "clone.id": "", "epitope.id": "", "tissue": "PBMC", "donor.MHC": "", "donor.MHC.method": "", "structure.id": "", "samples.found": 1, "studies.found": 1}	{"cdr3": "CASSPRTTGLDYGYTF", "cdr3_old": "CASSPRTTGLDYGYTF", "fixNeeded": false, "good": true, "jCanonical": true, "jFixType": "NoFixNeeded", "jId": "TRBJ1-2*01", "jStart": 11, "vCanonical": true, "vEnd": 4, "vFixType": "NoFixNeeded", "vId": "TRBV4-1*01"}	0
6866	TRB	CASSPSVSNEQFF	TRBV9*01	TRBJ2-1*01	HomoSapiens	HLA-E*01:03	B2M	MHCI	VMATRRNVL	Rv1518	M.tuberculosis	PMID:38439958	{"identification": "tetramer-sort", "frequency": "", "singlecell": "", "sequencing": "sanger", "verification": ""}	{"study.id": "", "cell.subset": "CD8+", "subject.cohort": "LTBI", "subject.id": "", "replica.id": "", "clone.id": "", "epitope.id": "", "tissue": "PBMC", "donor.MHC": "", "donor.MHC.method": "", "structure.id": "", "samples.found": 1, "studies.found": 1}	{"cdr3": "CASSPSVSNEQFF", "cdr3_old": "CASSPSVSNEQFF", "fixNeeded": false, "good": true, "jCanonical": true, "jFixType": "NoFixNeeded", "jId": "TRBJ2-1*01", "jStart": 8, "vCanonical": true, "vEnd": 4, "vFixType": "NoFixNeeded", "vId": "TRBV9*01"}	0
6867	TRB	CASSQETAGRPAGELFF	TRBV14*01	TRBJ2-2*01	HomoSapiens	HLA-E*01:03	B2M	MHCI	VMATRRNVL	Rv1518	M.tuberculosis	PMID:38439958	{"identification": "tetramer-sort", "frequency": "", "singlecell": "", "sequencing": "sanger", "verification": ""}	{"study.id": "", "cell.subset": "CD8+", "subject.cohort": "LTBI", "subject.id": "", "replica.id": "", "clone.id": "", "epitope.id": "", "tissue": "PBMC", "donor.MHC": "", "donor.MHC.method": "", "structure.id": "", "samples.found": 1, "studies.found": 1}	{"cdr3": "CASSQETAGRPAGELFF", "cdr3_old": "CASSQETAGRPAGELFF", "fixNeeded": false, "good": true, "jCanonical": true, "jFixType": "NoFixNeeded", "jId": "TRBJ2-2*01", "jStart": 12, "vCanonical": true, "vEnd": 5, "vFixType": "NoFixNeeded", "vId": "TRBV14*01"}	0
6868	TRB	CASSSELAQETQYF	TRBV12-4*01	TRBJ2-5*01	HomoSapiens	HLA-E*01:03	B2M	MHCI	VMATRRNVL	Rv1518	M.tuberculosis	PMID:38439958	{"identification": "tetramer-sort", "frequency": "", "singlecell": "", "sequencing": "sanger", "verification": ""}	{"study.id": "", "cell.subset": "CD8+", "subject.cohort": "LTBI", "subject.id": "", "replica.id": "", "clone.id": "", "epitope.id": "", "tissue": "PBMC", "donor.MHC": "", "donor.MHC.method": "", "structure.id": "", "samples.found": 1, "studies.found": 1}	{"cdr3": "CASSSELAQETQYF", "cdr3_old": "CASSSELAQETQYF", "fixNeeded": false, "good": true, "jCanonical": true, "jFixType": "NoFixNeeded", "jId": "TRBJ2-5*01", "jStart": 8, "vCanonical": true, "vEnd": 4, "vFixType": "NoFixNeeded", "vId": "TRBV12-4*01"}	0
6869	TRB	CASSSQTGQGFEGNQPQHF	TRBV7-6*01	TRBJ1-5*01	HomoSapiens	HLA-E*01:03	B2M	MHCI	VMATRRNVL	Rv1518	M.tuberculosis	PMID:38439958	{"identification": "tetramer-sort", "frequency": "", "singlecell": "", "sequencing": "sanger", "verification": ""}	{"study.id": "", "cell.subset": "CD8+", "subject.cohort": "LTBI", "subject.id": "", "replica.id": "", "clone.id": "", "epitope.id": "", "tissue": "PBMC", "donor.MHC": "", "donor.MHC.method": "", "structure.id": "", "samples.found": 1, "studies.found": 1}	{"cdr3": "CASSSQTGQGFEGNQPQHF", "cdr3_old": "CASSSQTGQGFEGNQPQHF", "fixNeeded": false, "good": true, "jCanonical": true, "jFixType": "NoFixNeeded", "jId": "TRBJ1-5*01", "jStart": 13, "vCanonical": true, "vEnd": 4, "vFixType": "NoFixNeeded", "vId": "TRBV7-6*01"}	0
6870	TRB	CASSYGQDYEQYF	TRBV6-5*01	TRBJ2-7*01	HomoSapiens	HLA-E*01:03	B2M	MHCI	VMATRRNVL	Rv1518	M.tuberculosis	PMID:38439958	{"identification": "tetramer-sort", "frequency": "", "singlecell": "", "sequencing": "sanger", "verification": ""}	{"study.id": "", "cell.subset": "CD8+", "subject.cohort": "LTBI", "subject.id": "", "replica.id": "", "clone.id": "", "epitope.id": "", "tissue": "PBMC", "donor.MHC": "", "donor.MHC.method": "", "structure.id": "", "samples.found": 1, "studies.found": 1}	{"cdr3": "CASSYGQDYEQYF", "cdr3_old": "CASSYGQDYEQYF", "fixNeeded": false, "good": true, "jCanonical": true, "jFixType": "NoFixNeeded", "jId": "TRBJ2-7*01", "jStart": 8, "vCanonical": true, "vEnd": 5, "vFixType": "NoFixNeeded", "vId": "TRBV6-5*01"}	0
6871	TRB	CATRSIHPDRVRNNEAFF	TRBV24-1*01	TRBJ1-1*01	HomoSapiens	HLA-E*01:03	B2M	MHCI	VMATRRNVL	Rv1518	M.tuberculosis	PMID:38439958	{"identification": "tetramer-sort", "frequency": "", "singlecell": "", "sequencing": "sanger", "verification": ""}	{"study.id": "", "cell.subset": "CD8+", "subject.cohort": "LTBI", "subject.id": "", "replica.id": "", "clone.id": "", "epitope.id": "", "tissue": "PBMC", "donor.MHC": "", "donor.MHC.method": "", "structure.id": "", "samples.found": 1, "studies.found": 1}	{"cdr3": "CATRSIHPDRVRNNEAFF", "cdr3_old": "CATRSIHPDRVRNNEAFF", "fixNeeded": false, "good": true, "jCanonical": true, "jFixType": "NoFixNeeded", "jId": "TRBJ1-1*01", "jStart": 14, "vCanonical": true, "vEnd": 3, "vFixType": "NoFixNeeded", "vId": "TRBV24-1*01"}	0
6872	TRB	CSAGGQETTDTQYF	TRBV20-1*01	TRBJ2-3*01	HomoSapiens	HLA-E*01:03	B2M	MHCI	VMATRRNVL	Rv1518	M.tuberculosis	PMID:38439958	{"identification": "tetramer-sort", "frequency": "", "singlecell": "", "sequencing": "sanger", "verification": ""}	{"study.id": "", "cell.subset": "CD8+", "subject.cohort": "LTBI", "subject.id": "", "replica.id": "", "clone.id": "", "epitope.id": "", "tissue": "PBMC", "donor.MHC": "", "donor.MHC.method": "", "structure.id": "", "samples.found": 1, "studies.found": 1}	{"cdr3": "CSAGGQETTDTQYF", "cdr3_old": "CSAGGQETTDTQYF", "fixNeeded": false, "good": true, "jCanonical": true, "jFixType": "NoFixNeeded", "jId": "TRBJ2-3*01", "jStart": 8, "vCanonical": true, "vEnd": 3, "vFixType": "NoFixNeeded", "vId": "TRBV20-1*01"}	0
6873	TRB	CSALPDGVNEQFF	TRBV20-1*01	TRBJ2-1*01	HomoSapiens	HLA-E*01:03	B2M	MHCI	VMATRRNVL	Rv1518	M.tuberculosis	PMID:38439958	{"identification": "tetramer-sort", "frequency": "", "singlecell": "", "sequencing": "sanger", "verification": ""}	{"study.id": "", "cell.subset": "CD8+", "subject.cohort": "LTBI", "subject.id": "", "replica.id": "", "clone.id": "", "epitope.id": "", "tissue": "PBMC", "donor.MHC": "", "donor.MHC.method": "", "structure.id": "", "samples.found": 1, "studies.found": 1}	{"cdr3": "CSALPDGVNEQFF", "cdr3_old": "CSALPDGVNEQFF", "fixNeeded": false, "good": true, "jCanonical": true, "jFixType": "NoFixNeeded", "jId": "TRBJ2-1*01", "jStart": 8, "vCanonical": true, "vEnd": 3, "vFixType": "NoFixNeeded", "vId": "TRBV20-1*01"}	0
6874	TRB	CSARDHKGLAGGLDEQFF	TRBV20-1*01	TRBJ2-1*01	HomoSapiens	HLA-E*01:03	B2M	MHCI	VMATRRNVL	Rv1518	M.tuberculosis	PMID:38439958	{"identification": "tetramer-sort", "frequency": "", "singlecell": "", "sequencing": "sanger", "verification": ""}	{"study.id": "", "cell.subset": "CD8+", "subject.cohort": "LTBI", "subject.id": "", "replica.id": "", "clone.id": "", "epitope.id": "", "tissue": "PBMC", "donor.MHC": "", "donor.MHC.method": "", "structure.id": "", "samples.found": 1, "studies.found": 1}	{"cdr3": "CSARDHKGLAGGLDEQFF", "cdr3_old": "CSARDHKGLAGGLDEQFF", "fixNeeded": false, "good": true, "jCanonical": true, "jFixType": "NoFixNeeded", "jId": "TRBJ2-1*01", "jStart": 14, "vCanonical": true, "vEnd": 4, "vFixType": "NoFixNeeded", "vId": "TRBV20-1*01"}	0
6875	TRB	CSAREGTSGGASYNEQFF	TRBV20-1*01	TRBJ2-1*01	HomoSapiens	HLA-E*01:03	B2M	MHCI	VMATRRNVL	Rv1518	M.tuberculosis	PMID:38439958	{"identification": "tetramer-sort", "frequency": "", "singlecell": "", "sequencing": "sanger", "verification": ""}	{"study.id": "", "cell.subset": "CD8+", "subject.cohort": "LTBI", "subject.id": "", "replica.id": "", "clone.id": "", "epitope.id": "", "tissue": "PBMC", "donor.MHC": "", "donor.MHC.method": "", "structure.id": "", "samples.found": 1, "studies.found": 1}	{"cdr3": "CSAREGTSGGASYNEQFF", "cdr3_old": "CSAREGTSGGASYNEQFF", "fixNeeded": false, "good": true, "jCanonical": true, "jFixType": "NoFixNeeded", "jId": "TRBJ2-1*01", "jStart": 11, "vCanonical": true, "vEnd": 4, "vFixType": "NoFixNeeded", "vId": "TRBV20-1*01"}	0
6876	TRB	CSARGGIGNSIYF	TRBV20-1*01	TRBJ1-3*01	HomoSapiens	HLA-E*01:03	B2M	MHCI	VMATRRNVL	Rv1518	M.tuberculosis	PMID:38439958	{"identification": "tetramer-sort", "frequency": "", "singlecell": "", "sequencing": "sanger", "verification": ""}	{"study.id": "", "cell.subset": "CD8+", "subject.cohort": "LTBI", "subject.id": "", "replica.id": "", "clone.id": "", "epitope.id": "", "tissue": "PBMC", "donor.MHC": "", "donor.MHC.method": "", "structure.id": "", "samples.found": 1, "studies.found": 1}	{"cdr3": "CSARGGIGNSIYF", "cdr3_old": "CSARGGIGNSIYF", "fixNeeded": false, "good": true, "jCanonical": true, "jFixType": "NoFixNeeded", "jId": "TRBJ1-3*01", "jStart": 10, "vCanonical": true, "vEnd": 4, "vFixType": "NoFixNeeded", "vId": "TRBV20-1*01"}	0
6877	TRB	CSARTGGDTGELFF	TRBV20-1*01	TRBJ2-2*01	HomoSapiens	HLA-E*01:03	B2M	MHCI	VMATRRNVL	Rv1518	M.tuberculosis	PMID:38439958	{"identification": "tetramer-sort", "frequency": "", "singlecell": "", "sequencing": "sanger", "verification": ""}	{"study.id": "", "cell.subset": "CD8+", "subject.cohort": "LTBI", "subject.id": "", "replica.id": "", "clone.id": "", "epitope.id": "", "tissue": "PBMC", "donor.MHC": "", "donor.MHC.method": "", "structure.id": "", "samples.found": 1, "studies.found": 1}	{"cdr3": "CSARTGGDTGELFF", "cdr3_old": "CSARTGGDTGELFF", "fixNeeded": false, "good": true, "jCanonical": true, "jFixType": "NoFixNeeded", "jId": "TRBJ2-2*01", "jStart": 8, "vCanonical": true, "vEnd": 4, "vFixType": "NoFixNeeded", "vId": "TRBV20-1*01"}	0
6878	TRB	CSARYLGNTGELFF	TRBV20-1*01	TRBJ2-2*01	HomoSapiens	HLA-E*01:03	B2M	MHCI	VMATRRNVL	Rv1518	M.tuberculosis	PMID:38439958	{"identification": "tetramer-sort", "frequency": "", "singlecell": "", "sequencing": "sanger", "verification": ""}	{"study.id": "", "cell.subset": "CD8+", "subject.cohort": "LTBI", "subject.id": "", "replica.id": "", "clone.id": "", "epitope.id": "", "tissue": "PBMC", "donor.MHC": "", "donor.MHC.method": "", "structure.id": "", "samples.found": 1, "studies.found": 1}	{"cdr3": "CSARYLGNTGELFF", "cdr3_old": "CSARYLGNTGELFF", "fixNeeded": false, "good": true, "jCanonical": true, "jFixType": "NoFixNeeded", "jId": "TRBJ2-2*01", "jStart": 7, "vCanonical": true, "vEnd": 4, "vFixType": "NoFixNeeded", "vId": "TRBV20-1*01"}	0
6879	TRB	CSVEALLTGEAKNFQYF	TRBV29-1*01	TRBJ2-4*01	HomoSapiens	HLA-E*01:03	B2M	MHCI	VMATRRNVL	Rv1518	M.tuberculosis	PMID:38439958	{"identification": "tetramer-sort", "frequency": "", "singlecell": "", "sequencing": "sanger", "verification": ""}	{"study.id": "", "cell.subset": "CD8+", "subject.cohort": "LTBI", "subject.id": "", "replica.id": "", "clone.id": "", "epitope.id": "", "tissue": "PBMC", "donor.MHC": "", "donor.MHC.method": "", "structure.id": "", "samples.found": 1, "studies.found": 1}	{"cdr3": "CSVEALLTGEAKNFQYF", "cdr3_old": "CSVEALLTGEAKNFQYF", "fixNeeded": false, "good": true, "jCanonical": true, "jFixType": "NoFixNeeded", "jId": "TRBJ2-4*01", "jStart": 14, "vCanonical": true, "vEnd": 4, "vFixType": "NoFixNeeded", "vId": "TRBV29-1*01"}	0
6880	TRB	CSVEDEGVGTGELFF	TRBV29-1*01	TRBJ2-2*01	HomoSapiens	HLA-E*01:03	B2M	MHCI	VMATRRNVL	Rv1518	M.tuberculosis	PMID:38439958	{"identification": "tetramer-sort", "frequency": "", "singlecell": "", "sequencing": "sanger", "verification": ""}	{"study.id": "", "cell.subset": "CD8+", "subject.cohort": "LTBI", "subject.id": "", "replica.id": "", "clone.id": "", "epitope.id": "", "tissue": "PBMC", "donor.MHC": "", "donor.MHC.method": "", "structure.id": "", "samples.found": 1, "studies.found": 1}	{"cdr3": "CSVEDEGVGTGELFF", "cdr3_old": "CSVEDEGVGTGELFF", "fixNeeded": false, "good": true, "jCanonical": true, "jFixType": "NoFixNeeded", "jId": "TRBJ2-2*01", "jStart": 9, "vCanonical": true, "vEnd": 4, "vFixType": "NoFixNeeded", "vId": "TRBV29-1*01"}	0
6881	TRB	CASCLSDGEAFF	TRBV27*01	TRBJ1-1*01	HomoSapiens	HLA-E*01:03	B2M	MHCI	VMATRRNVL	Rv1518	M.tuberculosis	PMID:38439958	{"identification": "tetramer-sort", "frequency": "", "singlecell": "", "sequencing": "sanger", "verification": ""}	{"study.id": "", "cell.subset": "CD8+", "subject.cohort": "LTBI", "subject.id": "", "replica.id": "", "clone.id": "", "epitope.id": "", "tissue": "PBMC", "donor.MHC": "", "donor.MHC.method": "", "structure.id": "", "samples.found": 1, "studies.found": 1}	{"cdr3": "CASCLSDGEAFF", "cdr3_old": "CASCLSDGEAFF", "fixNeeded": false, "good": true, "jCanonical": true, "jFixType": "NoFixNeeded", "jId": "TRBJ1-1*01", "jStart": 8, "vCanonical": true, "vEnd": 3, "vFixType": "NoFixNeeded", "vId": "TRBV27*01"}	0
6882	TRB	CASSDRVYNSPLHF	TRBV12-4*01	TRBJ1-6*01	HomoSapiens	HLA-E*01:03	B2M	MHCI	VMATRRNVL	Rv1518	M.tuberculosis	PMID:38439958	{"identification": "tetramer-sort", "frequency": "", "singlecell": "", "sequencing": "sanger", "verification": ""}	{"study.id": "", "cell.subset": "CD8+", "subject.cohort": "LTBI", "subject.id": "", "replica.id": "", "clone.id": "", "epitope.id": "", "tissue": "PBMC", "donor.MHC": "", "donor.MHC.method": "", "structure.id": "", "samples.found": 1, "studies.found": 1}	{"cdr3": "CASSDRVYNSPLHF", "cdr3_old": "CASSDRVYNSPLHF", "fixNeeded": false, "good": true, "jCanonical": true, "jFixType": "NoFixNeeded", "jId": "TRBJ1-6*01", "jStart": 7, "vCanonical": true, "vEnd": 4, "vFixType": "NoFixNeeded", "vId": "TRBV12-4*01"}	0
6883	TRB	CASSLDAREQYF	TRBV6-5*01	TRBJ2-7*01	HomoSapiens	HLA-E*01:03	B2M	MHCI	VMATRRNVL	Rv1518	M.tuberculosis	PMID:38439958	{"identification": "tetramer-sort", "frequency": "", "singlecell": "", "sequencing": "sanger", "verification": ""}	{"study.id": "", "cell.subset": "CD8+", "subject.cohort": "LTBI", "subject.id": "", "replica.id": "", "clone.id": "", "epitope.id": "", "tissue": "PBMC", "donor.MHC": "", "donor.MHC.method": "", "structure.id": "", "samples.found": 1, "studies.found": 1}	{"cdr3": "CASSLDAREQYF", "cdr3_old": "CASSLDAREQYF", "fixNeeded": false, "good": true, "jCanonical": true, "jFixType": "NoFixNeeded", "jId": "TRBJ2-7*01", "jStart": 8, "vCanonical": true, "vEnd": 4, "vFixType": "NoFixNeeded", "vId": "TRBV6-5*01"}	0
6884	TRB	CSARDLIGSQETQYF	TRBV20-1*01	TRBJ2-5*01	HomoSapiens	HLA-E*01:03	B2M	MHCI	VMATRRNVL	Rv1518	M.tuberculosis	PMID:38439958	{"identification": "tetramer-sort", "frequency": "", "singlecell": "", "sequencing": "sanger", "verification": ""}	{"study.id": "", "cell.subset": "CD8+", "subject.cohort": "LTBI", "subject.id": "", "replica.id": "", "clone.id": "", "epitope.id": "", "tissue": "PBMC", "donor.MHC": "", "donor.MHC.method": "", "structure.id": "", "samples.found": 1, "studies.found": 1}	{"cdr3": "CSARDLIGSQETQYF", "cdr3_old": "CSARDLIGSQETQYF", "fixNeeded": false, "good": true, "jCanonical": true, "jFixType": "NoFixNeeded", "jId": "TRBJ2-5*01", "jStart": 9, "vCanonical": true, "vEnd": 4, "vFixType": "NoFixNeeded", "vId": "TRBV20-1*01"}	0
6885	TRB	CASGQGVHEQFF	TRBV25-1*01	TRBJ2-1*01	HomoSapiens	HLA-E*01:03	B2M	MHCI	VMATRRNVL	Rv1518	M.tuberculosis	PMID:38439958	{"identification": "tetramer-sort", "frequency": "", "singlecell": "", "sequencing": "sanger", "verification": ""}	{"study.id": "", "cell.subset": "CD8+", "subject.cohort": "LTBI", "subject.id": "", "replica.id": "", "clone.id": "", "epitope.id": "", "tissue": "PBMC", "donor.MHC": "", "donor.MHC.method": "", "structure.id": "", "samples.found": 1, "studies.found": 1}	{"cdr3": "CASGQGVHEQFF", "cdr3_old": "CASGQGVHEQFF", "fixNeeded": false, "good": true, "jCanonical": true, "jFixType": "NoFixNeeded", "jId": "TRBJ2-1*01", "jStart": 8, "vCanonical": true, "vEnd": 3, "vFixType": "NoFixNeeded", "vId": "TRBV25-1*01"}	0
6886	TRB	CASSARDRNYEQYF	TRBV9*01	TRBJ2-7*01	HomoSapiens	HLA-E*01:03	B2M	MHCI	VMATRRNVL	Rv1518	M.tuberculosis	PMID:38439958	{"identification": "tetramer-sort", "frequency": "", "singlecell": "", "sequencing": "sanger", "verification": ""}	{"study.id": "", "cell.subset": "CD8+", "subject.cohort": "LTBI", "subject.id": "", "replica.id": "", "clone.id": "", "epitope.id": "", "tissue": "PBMC", "donor.MHC": "", "donor.MHC.method": "", "structure.id": "", "samples.found": 1, "studies.found": 1}	{"cdr3": "CASSARDRNYEQYF", "cdr3_old": "CASSARDRNYEQYF", "fixNeeded": false, "good": true, "jCanonical": true, "jFixType": "NoFixNeeded", "jId": "TRBJ2-7*01", "jStart": 9, "vCanonical": true, "vEnd": 4, "vFixType": "NoFixNeeded", "vId": "TRBV9*01"}	0
6887	TRB	CASSEFPEHTDTQYF	TRBV25-1*01	TRBJ2-3*01	HomoSapiens	HLA-E*01:03	B2M	MHCI	VMATRRNVL	Rv1518	M.tuberculosis	PMID:38439958	{"identification": "tetramer-sort", "frequency": "", "singlecell": "", "sequencing": "sanger", "verification": ""}	{"study.id": "", "cell.subset": "CD8+", "subject.cohort": "LTBI", "subject.id": "", "replica.id": "", "clone.id": "", "epitope.id": "", "tissue": "PBMC", "donor.MHC": "", "donor.MHC.method": "", "structure.id": "", "samples.found": 1, "studies.found": 1}	{"cdr3": "CASSEFPEHTDTQYF", "cdr3_old": "CASSEFPEHTDTQYF", "fixNeeded": false, "good": true, "jCanonical": true, "jFixType": "NoFixNeeded", "jId": "TRBJ2-3*01", "jStart": 9, "vCanonical": true, "vEnd": 5, "vFixType": "NoFixNeeded", "vId": "TRBV25-1*01"}	0
6888	TRB	CASSWDLMNTEAFF	TRBV5-1*01	TRBJ1-1*01	HomoSapiens	HLA-E*01:03	B2M	MHCI	VMATRRNVL	Rv1518	M.tuberculosis	PMID:38439958	{"identification": "tetramer-sort", "frequency": "", "singlecell": "", "sequencing": "sanger", "verification": ""}	{"study.id": "", "cell.subset": "CD8+", "subject.cohort": "LTBI", "subject.id": "", "replica.id": "", "clone.id": "", "epitope.id": "", "tissue": "PBMC", "donor.MHC": "", "donor.MHC.method": "", "structure.id": "", "samples.found": 1, "studies.found": 1}	{"cdr3": "CASSWDLMNTEAFF", "cdr3_old": "CASSWDLMNTEAFF", "fixNeeded": false, "good": true, "jCanonical": true, "jFixType": "NoFixNeeded", "jId": "TRBJ1-1*01", "jStart": 8, "vCanonical": true, "vEnd": 4, "vFixType": "NoFixNeeded", "vId": "TRBV5-1*01"}	0
6889	TRB	CASSYLKGNYGYTF	TRBV6-2*01	TRBJ1-2*01	HomoSapiens	HLA-E*01:03	B2M	MHCI	VMATRRNVL	Rv1518	M.tuberculosis	PMID:38439958	{"identification": "tetramer-sort", "frequency": "", "singlecell": "", "sequencing": "sanger", "verification": ""}	{"study.id": "", "cell.subset": "CD8+", "subject.cohort": "LTBI", "subject.id": "", "replica.id": "", "clone.id": "", "epitope.id": "", "tissue": "PBMC", "donor.MHC": "", "donor.MHC.method": "", "structure.id": "", "samples.found": 1, "studies.found": 1}	{"cdr3": "CASSYLKGNYGYTF", "cdr3_old": "CASSYLKGNYGYTF", "fixNeeded": false, "good": true, "jCanonical": true, "jFixType": "NoFixNeeded", "jId": "TRBJ1-2*01", "jStart": 8, "vCanonical": true, "vEnd": 5, "vFixType": "NoFixNeeded", "vId": "TRBV6-2*01"}	0
6890	TRB	CASSYSEQWAGHYEQYF	TRBV6-5*01	TRBJ2-7*01	HomoSapiens	HLA-E*01:03	B2M	MHCI	VMATRRNVL	Rv1518	M.tuberculosis	PMID:38439958	{"identification": "tetramer-sort", "frequency": "", "singlecell": "", "sequencing": "sanger", "verification": ""}	{"study.id": "", "cell.subset": "CD8+", "subject.cohort": "LTBI", "subject.id": "", "replica.id": "", "clone.id": "", "epitope.id": "", "tissue": "PBMC", "donor.MHC": "", "donor.MHC.method": "", "structure.id": "", "samples.found": 1, "studies.found": 1}	{"cdr3": "CASSYSEQWAGHYEQYF", "cdr3_old": "CASSYSEQWAGHYEQYF", "fixNeeded": false, "good": true, "jCanonical": true, "jFixType": "NoFixNeeded", "jId": "TRBJ2-7*01", "jStart": 12, "vCanonical": true, "vEnd": 5, "vFixType": "NoFixNeeded", "vId": "TRBV6-5*01"}	0
6891	TRB	CASQAGSNQPQHF	TRBV12-5*01	TRBJ1-5*01	HomoSapiens	HLA-E*01:03	B2M	MHCI	VMATRRNVL	Rv1518	M.tuberculosis	PMID:38439958	{"identification": "tetramer-sort", "frequency": "", "singlecell": "", "sequencing": "sanger", "verification": ""}	{"study.id": "", "cell.subset": "CD8+", "subject.cohort": "LTBI", "subject.id": "", "replica.id": "", "clone.id": "", "epitope.id": "", "tissue": "PBMC", "donor.MHC": "", "donor.MHC.method": "", "structure.id": "", "samples.found": 1, "studies.found": 1}	{"cdr3": "CASQAGSNQPQHF", "cdr3_old": "CASQAGSNQPQHF", "fixNeeded": false, "good": true, "jCanonical": true, "jFixType": "NoFixNeeded", "jId": "TRBJ1-5*01", "jStart": 6, "vCanonical": true, "vEnd": 3, "vFixType": "NoFixNeeded", "vId": "TRBV12-5*01"}	0
6892	TRB	CASRYGLEGAFF	TRBV7-2*01	TRBJ2-1*01	HomoSapiens	HLA-E*01:03	B2M	MHCI	VMATRRNVL	Rv1518	M.tuberculosis	PMID:38439958	{"identification": "tetramer-sort", "frequency": "", "singlecell": "", "sequencing": "sanger", "verification": ""}	{"study.id": "", "cell.subset": "CD8+", "subject.cohort": "LTBI", "subject.id": "", "replica.id": "", "clone.id": "", "epitope.id": "", "tissue": "PBMC", "donor.MHC": "", "donor.MHC.method": "", "structure.id": "", "samples.found": 1, "studies.found": 1}	{"cdr3": "CASRYGLEGAFF", "cdr3_old": "CASRYGLEGAFF", "fixNeeded": false, "good": true, "jCanonical": true, "jFixType": "NoFixNeeded", "jId": "TRBJ2-1*01", "jStart": 10, "vCanonical": true, "vEnd": 3, "vFixType": "NoFixNeeded", "vId": "TRBV7-2*01"}	0
6893	TRB	CASSAWGLQETQYF	TRBV5-1*01	TRBJ2-5*01	HomoSapiens	HLA-E*01:03	B2M	MHCI	VMATRRNVL	Rv1518	M.tuberculosis	PMID:38439958	{"identification": "tetramer-sort", "frequency": "", "singlecell": "", "sequencing": "sanger", "verification": ""}	{"study.id": "", "cell.subset": "CD8+", "subject.cohort": "LTBI", "subject.id": "", "replica.id": "", "clone.id": "", "epitope.id": "", "tissue": "PBMC", "donor.MHC": "", "donor.MHC.method": "", "structure.id": "", "samples.found": 1, "studies.found": 1}	{"cdr3": "CASSAWGLQETQYF", "cdr3_old": "CASSAWGLQETQYF", "fixNeeded": false, "good": true, "jCanonical": true, "jFixType": "NoFixNeeded", "jId": "TRBJ2-5*01", "jStart": 8, "vCanonical": true, "vEnd": 4, "vFixType": "NoFixNeeded", "vId": "TRBV5-1*01"}	0
6894	TRB	CASSLDGASNQPQHF	TRBV5-1*01	TRBJ1-5*01	HomoSapiens	HLA-E*01:03	B2M	MHCI	VMATRRNVL	Rv1518	M.tuberculosis	PMID:38439958	{"identification": "tetramer-sort", "frequency": "", "singlecell": "", "sequencing": "sanger", "verification": ""}	{"study.id": "", "cell.subset": "CD8+", "subject.cohort": "LTBI", "subject.id": "", "replica.id": "", "clone.id": "", "epitope.id": "", "tissue": "PBMC", "donor.MHC": "", "donor.MHC.method": "", "structure.id": "", "samples.found": 1, "studies.found": 1}	{"cdr3": "CASSLDGASNQPQHF", "cdr3_old": "CASSLDGASNQPQHF", "fixNeeded": false, "good": true, "jCanonical": true, "jFixType": "NoFixNeeded", "jId": "TRBJ1-5*01", "jStart": 8, "vCanonical": true, "vEnd": 5, "vFixType": "NoFixNeeded", "vId": "TRBV5-1*01"}	0
6895	TRB	CASSPRTSGSDTGELFF	TRBV6-2*01	TRBJ2-2*01	HomoSapiens	HLA-E*01:03	B2M	MHCI	VMATRRNVL	Rv1518	M.tuberculosis	PMID:38439958	{"identification": "tetramer-sort", "frequency": "", "singlecell": "", "sequencing": "sanger", "verification": ""}	{"study.id": "", "cell.subset": "CD8+", "subject.cohort": "LTBI", "subject.id": "", "replica.id": "", "clone.id": "", "epitope.id": "", "tissue": "PBMC", "donor.MHC": "", "donor.MHC.method": "", "structure.id": "", "samples.found": 1, "studies.found": 1}	{"cdr3": "CASSPRTSGSDTGELFF", "cdr3_old": "CASSPRTSGSDTGELFF", "fixNeeded": false, "good": true, "jCanonical": true, "jFixType": "NoFixNeeded", "jId": "TRBJ2-2*01", "jStart": 11, "vCanonical": true, "vEnd": 4, "vFixType": "NoFixNeeded", "vId": "TRBV6-2*01"}	0
6896	TRB	CASSRMGQGADGYTF	TRBV5-4*01	TRBJ1-2*01	HomoSapiens	HLA-E*01:03	B2M	MHCI	VMATRRNVL	Rv1518	M.tuberculosis	PMID:38439958	{"identification": "tetramer-sort", "frequency": "", "singlecell": "", "sequencing": "sanger", "verification": ""}	{"study.id": "", "cell.subset": "CD8+", "subject.cohort": "LTBI", "subject.id": "", "replica.id": "", "clone.id": "", "epitope.id": "", "tissue": "PBMC", "donor.MHC": "", "donor.MHC.method": "", "structure.id": "", "samples.found": 1, "studies.found": 1}	{"cdr3": "CASSRMGQGADGYTF", "cdr3_old": "CASSRMGQGADGYTF", "fixNeeded": false, "good": true, "jCanonical": true, "jFixType": "NoFixNeeded", "jId": "TRBJ1-2*01", "jStart": 11, "vCanonical": true, "vEnd": 4, "vFixType": "NoFixNeeded", "vId": "TRBV5-4*01"}	0
6897	TRB	CASSSGTNEKLFF	TRBV2*01	TRBJ1-4*01	HomoSapiens	HLA-E*01:03	B2M	MHCI	VMATRRNVL	Rv1518	M.tuberculosis	PMID:38439958	{"identification": "tetramer-sort", "frequency": "", "singlecell": "", "sequencing": "sanger", "verification": ""}	{"study.id": "", "cell.subset": "CD8+", "subject.cohort": "LTBI", "subject.id": "", "replica.id": "", "clone.id": "", "epitope.id": "", "tissue": "PBMC", "donor.MHC": "", "donor.MHC.method": "", "structure.id": "", "samples.found": 1, "studies.found": 1}	{"cdr3": "CASSSGTNEKLFF", "cdr3_old": "CASSSGTNEKLFF", "fixNeeded": false, "good": true, "jCanonical": true, "jFixType": "NoFixNeeded", "jId": "TRBJ1-4*01", "jStart": 6, "vCanonical": true, "vEnd": 4, "vFixType": "NoFixNeeded", "vId": "TRBV2*01"}	0
6898	TRB	CASSSPKDSSNQPQHF	TRBV6-2*01	TRBJ1-5*01	HomoSapiens	HLA-E*01:03	B2M	MHCI	VMATRRNVL	Rv1518	M.tuberculosis	PMID:38439958	{"identification": "tetramer-sort", "frequency": "", "singlecell": "", "sequencing": "sanger", "verification": ""}	{"study.id": "", "cell.subset": "CD8+", "subject.cohort": "LTBI", "subject.id": "", "replica.id": "", "clone.id": "", "epitope.id": "", "tissue": "PBMC", "donor.MHC": "", "donor.MHC.method": "", "structure.id": "", "samples.found": 1, "studies.found": 1}	{"cdr3": "CASSSPKDSSNQPQHF", "cdr3_old": "CASSSPKDSSNQPQHF", "fixNeeded": false, "good": true, "jCanonical": true, "jFixType": "NoFixNeeded", "jId": "TRBJ1-5*01", "jStart": 9, "vCanonical": true, "vEnd": 4, "vFixType": "NoFixNeeded", "vId": "TRBV6-2*01"}	0
6899	TRB	CASTIDTYNEQFF	TRBV2*01	TRBJ2-1*01	HomoSapiens	HLA-E*01:03	B2M	MHCI	VMATRRNVL	Rv1518	M.tuberculosis	PMID:38439958	{"identification": "tetramer-sort", "frequency": "", "singlecell": "", "sequencing": "sanger", "verification": ""}	{"study.id": "", "cell.subset": "CD8+", "subject.cohort": "LTBI", "subject.id": "", "replica.id": "", "clone.id": "", "epitope.id": "", "tissue": "PBMC", "donor.MHC": "", "donor.MHC.method": "", "structure.id": "", "samples.found": 1, "studies.found": 1}	{"cdr3": "CASTIDTYNEQFF", "cdr3_old": "CASTIDTYNEQFF", "fixNeeded": false, "good": true, "jCanonical": true, "jFixType": "NoFixNeeded", "jId": "TRBJ2-1*01", "jStart": 7, "vCanonical": true, "vEnd": 3, "vFixType": "NoFixNeeded", "vId": "TRBV2*01"}	0
6900	TRB	CASSFTWVDGYTF	TRBV11-2*01	TRBJ1-2*01	HomoSapiens	HLA-E*01:03	B2M	MHCI	VMATRRNVL	Rv1518	M.tuberculosis	PMID:38439958	{"identification": "tetramer-sort", "frequency": "", "singlecell": "", "sequencing": "sanger", "verification": ""}	{"study.id": "", "cell.subset": "CD8+", "subject.cohort": "LTBI", "subject.id": "", "replica.id": "", "clone.id": "", "epitope.id": "", "tissue": "PBMC", "donor.MHC": "", "donor.MHC.method": "", "structure.id": "", "samples.found": 1, "studies.found": 1}	{"cdr3": "CASSFTWVDGYTF", "cdr3_old": "CASSFTWVDGYTF", "fixNeeded": false, "good": true, "jCanonical": true, "jFixType": "NoFixNeeded", "jId": "TRBJ1-2*01", "jStart": 9, "vCanonical": true, "vEnd": 4, "vFixType": "NoFixNeeded", "vId": "TRBV11-2*01"}	0
6901	TRB	CASSILAGPTDTQYF	TRBV9*01	TRBJ2-3*01	HomoSapiens	HLA-E*01:03	B2M	MHCI	VMATRRNVL	Rv1518	M.tuberculosis	PMID:38439958	{"identification": "tetramer-sort", "frequency": "", "singlecell": "", "sequencing": "sanger", "verification": ""}	{"study.id": "", "cell.subset": "CD8+", "subject.cohort": "LTBI", "subject.id": "", "replica.id": "", "clone.id": "", "epitope.id": "", "tissue": "PBMC", "donor.MHC": "", "donor.MHC.method": "", "structure.id": "", "samples.found": 1, "studies.found": 1}	{"cdr3": "CASSILAGPTDTQYF", "cdr3_old": "CASSILAGPTDTQYF", "fixNeeded": false, "good": true, "jCanonical": true, "jFixType": "NoFixNeeded", "jId": "TRBJ2-3*01", "jStart": 9, "vCanonical": true, "vEnd": 4, "vFixType": "NoFixNeeded", "vId": "TRBV9*01"}	0
6902	TRB	CASSLEGQSNQPQHF	TRBV5-1*01	TRBJ1-5*01	HomoSapiens	HLA-E*01:03	B2M	MHCI	VMATRRNVL	Rv1518	M.tuberculosis	PMID:38439958	{"identification": "tetramer-sort", "frequency": "", "singlecell": "", "sequencing": "sanger", "verification": ""}	{"study.id": "", "cell.subset": "CD8+", "subject.cohort": "LTBI", "subject.id": "", "replica.id": "", "clone.id": "", "epitope.id": "", "tissue": "PBMC", "donor.MHC": "", "donor.MHC.method": "", "structure.id": "", "samples.found": 1, "studies.found": 1}	{"cdr3": "CASSLEGQSNQPQHF", "cdr3_old": "CASSLEGQSNQPQHF", "fixNeeded": false, "good": true, "jCanonical": true, "jFixType": "NoFixNeeded", "jId": "TRBJ1-5*01", "jStart": 8, "vCanonical": true, "vEnd": 5, "vFixType": "NoFixNeeded", "vId": "TRBV5-1*01"}	0
6903	TRB	CASSLGTSGTYEQYF	TRBV6-2*01	TRBJ2-7*01	HomoSapiens	HLA-E*01:03	B2M	MHCI	VMATRRNVL	Rv1518	M.tuberculosis	PMID:38439958	{"identification": "tetramer-sort", "frequency": "", "singlecell": "", "sequencing": "sanger", "verification": ""}	{"study.id": "", "cell.subset": "CD8+", "subject.cohort": "LTBI", "subject.id": "", "replica.id": "", "clone.id": "", "epitope.id": "", "tissue": "PBMC", "donor.MHC": "", "donor.MHC.method": "", "structure.id": "", "samples.found": 1, "studies.found": 1}	{"cdr3": "CASSLGTSGTYEQYF", "cdr3_old": "CASSLGTSGTYEQYF", "fixNeeded": false, "good": true, "jCanonical": true, "jFixType": "NoFixNeeded", "jId": "TRBJ2-7*01", "jStart": 10, "vCanonical": true, "vEnd": 4, "vFixType": "NoFixNeeded", "vId": "TRBV6-2*01"}	0
6904	TRB	CASSLNAGHTEAFF	TRBV12-4*01	TRBJ1-1*01	HomoSapiens	HLA-E*01:03	B2M	MHCI	VMATRRNVL	Rv1518	M.tuberculosis	PMID:38439958	{"identification": "tetramer-sort", "frequency": "", "singlecell": "", "sequencing": "sanger", "verification": ""}	{"study.id": "", "cell.subset": "CD8+", "subject.cohort": "LTBI", "subject.id": "", "replica.id": "", "clone.id": "", "epitope.id": "", "tissue": "PBMC", "donor.MHC": "", "donor.MHC.method": "", "structure.id": "", "samples.found": 1, "studies.found": 1}	{"cdr3": "CASSLNAGHTEAFF", "cdr3_old": "CASSLNAGHTEAFF", "fixNeeded": false, "good": true, "jCanonical": true, "jFixType": "NoFixNeeded", "jId": "TRBJ1-1*01", "jStart": 9, "vCanonical": true, "vEnd": 5, "vFixType": "NoFixNeeded", "vId": "TRBV12-4*01"}	0
6905	TRB	CASSPSLDTQYF	TRBV12-4*01	TRBJ2-3*01	HomoSapiens	HLA-E*01:03	B2M	MHCI	VMATRRNVL	Rv1518	M.tuberculosis	PMID:38439958	{"identification": "tetramer-sort", "frequency": "", "singlecell": "", "sequencing": "sanger", "verification": ""}	{"study.id": "", "cell.subset": "CD8+", "subject.cohort": "LTBI", "subject.id": "", "replica.id": "", "clone.id": "", "epitope.id": "", "tissue": "PBMC", "donor.MHC": "", "donor.MHC.method": "", "structure.id": "", "samples.found": 1, "studies.found": 1}	{"cdr3": "CASSPSLDTQYF", "cdr3_old": "CASSPSLDTQYF", "fixNeeded": false, "good": true, "jCanonical": true, "jFixType": "NoFixNeeded", "jId": "TRBJ2-3*01", "jStart": 7, "vCanonical": true, "vEnd": 4, "vFixType": "NoFixNeeded", "vId": "TRBV12-4*01"}	0
6906	TRB	CASSQETYSGANVLTF	TRBV6-5*01	TRBJ2-6*01	HomoSapiens	HLA-E*01:03	B2M	MHCI	VMATRRNVL	Rv1518	M.tuberculosis	PMID:38439958	{"identification": "tetramer-sort", "frequency": "", "singlecell": "", "sequencing": "sanger", "verification": ""}	{"study.id": "", "cell.subset": "CD8+", "subject.cohort": "LTBI", "subject.id": "", "replica.id": "", "clone.id": "", "epitope.id": "", "tissue": "PBMC", "donor.MHC": "", "donor.MHC.method": "", "structure.id": "", "samples.found": 1, "studies.found": 1}	{"cdr3": "CASSQETYSGANVLTF", "cdr3_old": "CASSQETYSGANVLTF", "fixNeeded": false, "good": true, "jCanonical": true, "jFixType": "NoFixNeeded", "jId": "TRBJ2-6*01", "jStart": 8, "vCanonical": true, "vEnd": 4, "vFixType": "NoFixNeeded", "vId": "TRBV6-5*01"}	0
6907	TRB	CASSQVLVFGGPTDTQYF	TRBV3-1*01	TRBJ2-3*01	HomoSapiens	HLA-E*01:03	B2M	MHCI	VMATRRNVL	Rv1518	M.tuberculosis	PMID:38439958	{"identification": "tetramer-sort", "frequency": "", "singlecell": "", "sequencing": "sanger", "verification": ""}	{"study.id": "", "cell.subset": "CD8+", "subject.cohort": "LTBI", "subject.id": "", "replica.id": "", "clone.id": "", "epitope.id": "", "tissue": "PBMC", "donor.MHC": "", "donor.MHC.method": "", "structure.id": "", "samples.found": 1, "studies.found": 1}	{"cdr3": "CASSQVLVFGGPTDTQYF", "cdr3_old": "CASSQVLVFGGPTDTQYF", "fixNeeded": false, "good": true, "jCanonical": true, "jFixType": "NoFixNeeded", "jId": "TRBJ2-3*01", "jStart": 12, "vCanonical": true, "vEnd": 5, "vFixType": "NoFixNeeded", "vId": "TRBV3-1*01"}	0
6908	TRB	CASSSSLGSYGYTF	TRBV5-8*01	TRBJ1-2*01	HomoSapiens	HLA-E*01:03	B2M	MHCI	VMATRRNVL	Rv1518	M.tuberculosis	PMID:38439958	{"identification": "tetramer-sort", "frequency": "", "singlecell": "", "sequencing": "sanger", "verification": ""}	{"study.id": "", "cell.subset": "CD8+", "subject.cohort": "LTBI", "subject.id": "", "replica.id": "", "clone.id": "", "epitope.id": "", "tissue": "PBMC", "donor.MHC": "", "donor.MHC.method": "", "structure.id": "", "samples.found": 1, "studies.found": 1}	{"cdr3": "CASSSSLGSYGYTF", "cdr3_old": "CASSSSLGSYGYTF", "fixNeeded": false, "good": true, "jCanonical": true, "jFixType": "NoFixNeeded", "jId": "TRBJ1-2*01", "jStart": 9, "vCanonical": true, "vEnd": 4, "vFixType": "NoFixNeeded", "vId": "TRBV5-8*01"}	0
6909	TRB	CASSYELWTGEEGSYEQYF	TRBV6-5*01	TRBJ2-7*01	HomoSapiens	HLA-E*01:03	B2M	MHCI	VMATRRNVL	Rv1518	M.tuberculosis	PMID:38439958	{"identification": "tetramer-sort", "frequency": "", "singlecell": "", "sequencing": "sanger", "verification": ""}	{"study.id": "", "cell.subset": "CD8+", "subject.cohort": "LTBI", "subject.id": "", "replica.id": "", "clone.id": "", "epitope.id": "", "tissue": "PBMC", "donor.MHC": "", "donor.MHC.method": "", "structure.id": "", "samples.found": 1, "studies.found": 1}	{"cdr3": "CASSYELWTGEEGSYEQYF", "cdr3_old": "CASSYELWTGEEGSYEQYF", "fixNeeded": false, "good": true, "jCanonical": true, "jFixType": "NoFixNeeded", "jId": "TRBJ2-7*01", "jStart": 13, "vCanonical": true, "vEnd": 5, "vFixType": "NoFixNeeded", "vId": "TRBV6-5*01"}	0
6910	TRB	CASSYGTSGAYEQYF	TRBV6-2*01	TRBJ2-7*01	HomoSapiens	HLA-E*01:03	B2M	MHCI	VMATRRNVL	Rv1518	M.tuberculosis	PMID:38439958	{"identification": "tetramer-sort", "frequency": "", "singlecell": "", "sequencing": "sanger", "verification": ""}	{"study.id": "", "cell.subset": "CD8+", "subject.cohort": "LTBI", "subject.id": "", "replica.id": "", "clone.id": "", "epitope.id": "", "tissue": "PBMC", "donor.MHC": "", "donor.MHC.method": "", "structure.id": "", "samples.found": 1, "studies.found": 1}	{"cdr3": "CASSYGTSGAYEQYF", "cdr3_old": "CASSYGTSGAYEQYF", "fixNeeded": false, "good": true, "jCanonical": true, "jFixType": "NoFixNeeded", "jId": "TRBJ2-7*01", "jStart": 10, "vCanonical": true, "vEnd": 5, "vFixType": "NoFixNeeded", "vId": "TRBV6-2*01"}	0
6911	TRB	CASSYTEGGSSYNEQFF	TRBV6-5*01	TRBJ2-1*01	HomoSapiens	HLA-E*01:03	B2M	MHCI	VMATRRNVL	Rv1518	M.tuberculosis	PMID:38439958	{"identification": "tetramer-sort", "frequency": "", "singlecell": "", "sequencing": "sanger", "verification": ""}	{"study.id": "", "cell.subset": "CD8+", "subject.cohort": "LTBI", "subject.id": "", "replica.id": "", "clone.id": "", "epitope.id": "", "tissue": "PBMC", "donor.MHC": "", "donor.MHC.method": "", "structure.id": "", "samples.found": 1, "studies.found": 1}	{"cdr3": "CASSYTEGGSSYNEQFF", "cdr3_old": "CASSYTEGGSSYNEQFF", "fixNeeded": false, "good": true, "jCanonical": true, "jFixType": "NoFixNeeded", "jId": "TRBJ2-1*01", "jStart": 10, "vCanonical": true, "vEnd": 5, "vFixType": "NoFixNeeded", "vId": "TRBV6-5*01"}	0
6912	TRB	CSARDSSYEQYF	TRBV20-1*01	TRBJ2-7*01	HomoSapiens	HLA-E*01:03	B2M	MHCI	VMATRRNVL	Rv1518	M.tuberculosis	PMID:38439958	{"identification": "tetramer-sort", "frequency": "", "singlecell": "", "sequencing": "sanger", "verification": ""}	{"study.id": "", "cell.subset": "CD8+", "subject.cohort": "LTBI", "subject.id": "", "replica.id": "", "clone.id": "", "epitope.id": "", "tissue": "PBMC", "donor.MHC": "", "donor.MHC.method": "", "structure.id": "", "samples.found": 1, "studies.found": 1}	{"cdr3": "CSARDSSYEQYF", "cdr3_old": "CSARDSSYEQYF", "fixNeeded": false, "good": true, "jCanonical": true, "jFixType": "NoFixNeeded", "jId": "TRBJ2-7*01", "jStart": 6, "vCanonical": true, "vEnd": 4, "vFixType": "NoFixNeeded", "vId": "TRBV20-1*01"}	0
6913	TRB	CSASDTGELFF	TRBV20-1*01	TRBJ2-2*01	HomoSapiens	HLA-E*01:03	B2M	MHCI	VMATRRNVL	Rv1518	M.tuberculosis	PMID:38439958	{"identification": "tetramer-sort", "frequency": "", "singlecell": "", "sequencing": "sanger", "verification": ""}	{"study.id": "", "cell.subset": "CD8+", "subject.cohort": "LTBI", "subject.id": "", "replica.id": "", "clone.id": "", "epitope.id": "", "tissue": "PBMC", "donor.MHC": "", "donor.MHC.method": "", "structure.id": "", "samples.found": 1, "studies.found": 1}	{"cdr3": "CSASDTGELFF", "cdr3_old": "CSASDTGELFF", "fixNeeded": false, "good": true, "jCanonical": true, "jFixType": "NoFixNeeded", "jId": "TRBJ2-2*01", "jStart": 5, "vCanonical": true, "vEnd": 3, "vFixType": "NoFixNeeded", "vId": "TRBV20-1*01"}	0
6914	TRB	CAIRPVLRESTGELFF	TRBV10-3*01	TRBJ2-2*01	HomoSapiens	HLA-E*01:03	B2M	MHCI	VMATRRNVL	Rv1518	M.tuberculosis	PMID:38439958	{"identification": "tetramer-sort", "frequency": "", "singlecell": "", "sequencing": "sanger", "verification": ""}	{"study.id": "", "cell.subset": "CD8+", "subject.cohort": "LTBI", "subject.id": "", "replica.id": "", "clone.id": "", "epitope.id": "", "tissue": "PBMC", "donor.MHC": "", "donor.MHC.method": "", "structure.id": "", "samples.found": 1, "studies.found": 1}	{"cdr3": "CAIRPVLRESTGELFF", "cdr3_old": "CAIRPVLRESTGELFF", "fixNeeded": false, "good": true, "jCanonical": true, "jFixType": "NoFixNeeded", "jId": "TRBJ2-2*01", "jStart": 10, "vCanonical": true, "vEnd": 3, "vFixType": "NoFixNeeded", "vId": "TRBV10-3*01"}	0
6915	TRB	CAISERWDRGPNTEAFF	TRBV10-3*01	TRBJ1-1*01	HomoSapiens	HLA-E*01:03	B2M	MHCI	VMATRRNVL	Rv1518	M.tuberculosis	PMID:38439958	{"identification": "tetramer-sort", "frequency": "", "singlecell": "", "sequencing": "sanger", "verification": ""}	{"study.id": "", "cell.subset": "CD8+", "subject.cohort": "LTBI", "subject.id": "", "replica.id": "", "clone.id": "", "epitope.id": "", "tissue": "PBMC", "donor.MHC": "", "donor.MHC.method": "", "structure.id": "", "samples.found": 1, "studies.found": 1}	{"cdr3": "CAISERWDRGPNTEAFF", "cdr3_old": "CAISERWDRGPNTEAFF", "fixNeeded": false, "good": true, "jCanonical": true, "jFixType": "NoFixNeeded", "jId": "TRBJ1-1*01", "jStart": 11, "vCanonical": true, "vEnd": 5, "vFixType": "NoFixNeeded", "vId": "TRBV10-3*01"}	0
6916	TRB	CASGRSPYEQYF	TRBV6-6*01	TRBJ2-7*01	HomoSapiens	HLA-E*01:03	B2M	MHCI	VMATRRNVL	Rv1518	M.tuberculosis	PMID:38439958	{"identification": "tetramer-sort", "frequency": "", "singlecell": "", "sequencing": "sanger", "verification": ""}	{"study.id": "", "cell.subset": "CD8+", "subject.cohort": "LTBI", "subject.id": "", "replica.id": "", "clone.id": "", "epitope.id": "", "tissue": "PBMC", "donor.MHC": "", "donor.MHC.method": "", "structure.id": "", "samples.found": 1, "studies.found": 1}	{"cdr3": "CASGRSPYEQYF", "cdr3_old": "CASGRSPYEQYF", "fixNeeded": false, "good": true, "jCanonical": true, "jFixType": "NoFixNeeded", "jId": "TRBJ2-7*01", "jStart": 7, "vCanonical": true, "vEnd": 3, "vFixType": "NoFixNeeded", "vId": "TRBV6-6*01"}	0
6917	TRB	CASSEEETLGLEQFF	TRBV6-1*01	TRBJ2-1*01	HomoSapiens	HLA-E*01:03	B2M	MHCI	VMATRRNVL	Rv1518	M.tuberculosis	PMID:38439958	{"identification": "tetramer-sort", "frequency": "", "singlecell": "", "sequencing": "sanger", "verification": ""}	{"study.id": "", "cell.subset": "CD8+", "subject.cohort": "LTBI", "subject.id": "", "replica.id": "", "clone.id": "", "epitope.id": "", "tissue": "PBMC", "donor.MHC": "", "donor.MHC.method": "", "structure.id": "", "samples.found": 1, "studies.found": 1}	{"cdr3": "CASSEEETLGLEQFF", "cdr3_old": "CASSEEETLGLEQFF", "fixNeeded": false, "good": true, "jCanonical": true, "jFixType": "NoFixNeeded", "jId": "TRBJ2-1*01", "jStart": 11, "vCanonical": true, "vEnd": 5, "vFixType": "NoFixNeeded", "vId": "TRBV6-1*01"}	0
6918	TRB	CASSLSLTGGYEQYF	TRBV27*01	TRBJ2-7*01	HomoSapiens	HLA-E*01:03	B2M	MHCI	VMATRRNVL	Rv1518	M.tuberculosis	PMID:38439958	{"identification": "tetramer-sort", "frequency": "", "singlecell": "", "sequencing": "sanger", "verification": ""}	{"study.id": "", "cell.subset": "CD8+", "subject.cohort": "LTBI", "subject.id": "", "replica.id": "", "clone.id": "", "epitope.id": "", "tissue": "PBMC", "donor.MHC": "", "donor.MHC.method": "", "structure.id": "", "samples.found": 1, "studies.found": 1}	{"cdr3": "CASSLSLTGGYEQYF", "cdr3_old": "CASSLSLTGGYEQYF", "fixNeeded": false, "good": true, "jCanonical": true, "jFixType": "NoFixNeeded", "jId": "TRBJ2-7*01", "jStart": 10, "vCanonical": true, "vEnd": 5, "vFixType": "NoFixNeeded", "vId": "TRBV27*01"}	0
6919	TRB	CASSLWGGRAANEQYF	TRBV7-8*01	TRBJ2-7*01	HomoSapiens	HLA-E*01:03	B2M	MHCI	VMATRRNVL	Rv1518	M.tuberculosis	PMID:38439958	{"identification": "tetramer-sort", "frequency": "", "singlecell": "", "sequencing": "sanger", "verification": ""}	{"study.id": "", "cell.subset": "CD8+", "subject.cohort": "LTBI", "subject.id": "", "replica.id": "", "clone.id": "", "epitope.id": "", "tissue": "PBMC", "donor.MHC": "", "donor.MHC.method": "", "structure.id": "", "samples.found": 1, "studies.found": 1}	{"cdr3": "CASSLWGGRAANEQYF", "cdr3_old": "CASSLWGGRAANEQYF", "fixNeeded": false, "good": true, "jCanonical": true, "jFixType": "NoFixNeeded", "jId": "TRBJ2-7*01", "jStart": 12, "vCanonical": true, "vEnd": 5, "vFixType": "NoFixNeeded", "vId": "TRBV7-8*01"}	0
6920	TRB	CASSPGTKNNEQFF	TRBV18*01	TRBJ2-1*01	HomoSapiens	HLA-E*01:03	B2M	MHCI	VMATRRNVL	Rv1518	M.tuberculosis	PMID:38439958	{"identification": "tetramer-sort", "frequency": "", "singlecell": "", "sequencing": "sanger", "verification": ""}	{"study.id": "", "cell.subset": "CD8+", "subject.cohort": "LTBI", "subject.id": "", "replica.id": "", "clone.id": "", "epitope.id": "", "tissue": "PBMC", "donor.MHC": "", "donor.MHC.method": "", "structure.id": "", "samples.found": 1, "studies.found": 1}	{"cdr3": "CASSPGTKNNEQFF", "cdr3_old": "CASSPGTKNNEQFF", "fixNeeded": false, "good": true, "jCanonical": true, "jFixType": "NoFixNeeded", "jId": "TRBJ2-1*01", "jStart": 9, "vCanonical": true, "vEnd": 5, "vFixType": "NoFixNeeded", "vId": "TRBV18*01"}	0
6921	TRB	CASSQQEAYGYTF	TRBV4-1*01	TRBJ1-2*01	HomoSapiens	HLA-E*01:03	B2M	MHCI	VMATRRNVL	Rv1518	M.tuberculosis	PMID:38439958	{"identification": "tetramer-sort", "frequency": "", "singlecell": "", "sequencing": "sanger", "verification": ""}	{"study.id": "", "cell.subset": "CD8+", "subject.cohort": "LTBI", "subject.id": "", "replica.id": "", "clone.id": "", "epitope.id": "", "tissue": "PBMC", "donor.MHC": "", "donor.MHC.method": "", "structure.id": "", "samples.found": 1, "studies.found": 1}	{"cdr3": "CASSQQEAYGYTF", "cdr3_old": "CASSQQEAYGYTF", "fixNeeded": false, "good": true, "jCanonical": true, "jFixType": "NoFixNeeded", "jId": "TRBJ1-2*01", "jStart": 8, "vCanonical": true, "vEnd": 5, "vFixType": "NoFixNeeded", "vId": "TRBV4-1*01"}	0
6922	TRB	CASSSGQKNTEAFF	TRBV6-5*01	TRBJ1-1*01	HomoSapiens	HLA-E*01:03	B2M	MHCI	VMATRRNVL	Rv1518	M.tuberculosis	PMID:38439958	{"identification": "tetramer-sort", "frequency": "", "singlecell": "", "sequencing": "sanger", "verification": ""}	{"study.id": "", "cell.subset": "CD8+", "subject.cohort": "LTBI", "subject.id": "", "replica.id": "", "clone.id": "", "epitope.id": "", "tissue": "PBMC", "donor.MHC": "", "donor.MHC.method": "", "structure.id": "", "samples.found": 1, "studies.found": 1}	{"cdr3": "CASSSGQKNTEAFF", "cdr3_old": "CASSSGQKNTEAFF", "fixNeeded": false, "good": true, "jCanonical": true, "jFixType": "NoFixNeeded", "jId": "TRBJ1-1*01", "jStart": 8, "vCanonical": true, "vEnd": 4, "vFixType": "NoFixNeeded", "vId": "TRBV6-5*01"}	0
6923	TRB	CASSYSANTEAFF	TRBV6-2*01	TRBJ1-1*01	HomoSapiens	HLA-E*01:03	B2M	MHCI	VMATRRNVL	Rv1518	M.tuberculosis	PMID:38439958	{"identification": "tetramer-sort", "frequency": "", "singlecell": "", "sequencing": "sanger", "verification": ""}	{"study.id": "", "cell.subset": "CD8+", "subject.cohort": "LTBI", "subject.id": "", "replica.id": "", "clone.id": "", "epitope.id": "", "tissue": "PBMC", "donor.MHC": "", "donor.MHC.method": "", "structure.id": "", "samples.found": 1, "studies.found": 1}	{"cdr3": "CASSYSANTEAFF", "cdr3_old": "CASSYSANTEAFF", "fixNeeded": false, "good": true, "jCanonical": true, "jFixType": "NoFixNeeded", "jId": "TRBJ1-1*01", "jStart": 7, "vCanonical": true, "vEnd": 5, "vFixType": "NoFixNeeded", "vId": "TRBV6-2*01"}	0
6924	TRB	CASWRGGTNEKLFF	TRBV2*01	TRBJ1-4*01	HomoSapiens	HLA-E*01:03	B2M	MHCI	VMATRRNVL	Rv1518	M.tuberculosis	PMID:38439958	{"identification": "tetramer-sort", "frequency": "", "singlecell": "", "sequencing": "sanger", "verification": ""}	{"study.id": "", "cell.subset": "CD8+", "subject.cohort": "LTBI", "subject.id": "", "replica.id": "", "clone.id": "", "epitope.id": "", "tissue": "PBMC", "donor.MHC": "", "donor.MHC.method": "", "structure.id": "", "samples.found": 1, "studies.found": 1}	{"cdr3": "CASWRGGTNEKLFF", "cdr3_old": "CASWRGGTNEKLFF", "fixNeeded": false, "good": true, "jCanonical": true, "jFixType": "NoFixNeeded", "jId": "TRBJ1-4*01", "jStart": 7, "vCanonical": true, "vEnd": 3, "vFixType": "NoFixNeeded", "vId": "TRBV2*01"}	0
6925	TRB	CASWVWSESNTEAFF	TRBV2*01	TRBJ1-1*01	HomoSapiens	HLA-E*01:03	B2M	MHCI	VMATRRNVL	Rv1518	M.tuberculosis	PMID:38439958	{"identification": "tetramer-sort", "frequency": "", "singlecell": "", "sequencing": "sanger", "verification": ""}	{"study.id": "", "cell.subset": "CD8+", "subject.cohort": "LTBI", "subject.id": "", "replica.id": "", "clone.id": "", "epitope.id": "", "tissue": "PBMC", "donor.MHC": "", "donor.MHC.method": "", "structure.id": "", "samples.found": 1, "studies.found": 1}	{"cdr3": "CASWVWSESNTEAFF", "cdr3_old": "CASWVWSESNTEAFF", "fixNeeded": false, "good": true, "jCanonical": true, "jFixType": "NoFixNeeded", "jId": "TRBJ1-1*01", "jStart": 9, "vCanonical": true, "vEnd": 3, "vFixType": "NoFixNeeded", "vId": "TRBV2*01"}	0
6926	TRB	CATSRGPDRYEQYF	TRBV6-6*01	TRBJ2-7*01	HomoSapiens	HLA-E*01:03	B2M	MHCI	VMATRRNVL	Rv1518	M.tuberculosis	PMID:38439958	{"identification": "tetramer-sort", "frequency": "", "singlecell": "", "sequencing": "sanger", "verification": ""}	{"study.id": "", "cell.subset": "CD8+", "subject.cohort": "LTBI", "subject.id": "", "replica.id": "", "clone.id": "", "epitope.id": "", "tissue": "PBMC", "donor.MHC": "", "donor.MHC.method": "", "structure.id": "", "samples.found": 1, "studies.found": 1}	{"cdr3": "CATSRGPDRYEQYF", "cdr3_old": "CATSRGPDRYEQYF", "fixNeeded": false, "good": true, "jCanonical": true, "jFixType": "NoFixNeeded", "jId": "TRBJ2-7*01", "jStart": 9, "vCanonical": true, "vEnd": 2, "vFixType": "NoFixNeeded", "vId": "TRBV6-6*01"}	0
6927	TRB	CSARDRREREKLFF	TRBV20-1*01	TRBJ1-4*01	HomoSapiens	HLA-E*01:03	B2M	MHCI	VMATRRNVL	Rv1518	M.tuberculosis	PMID:38439958	{"identification": "tetramer-sort", "frequency": "", "singlecell": "", "sequencing": "sanger", "verification": ""}	{"study.id": "", "cell.subset": "CD8+", "subject.cohort": "LTBI", "subject.id": "", "replica.id": "", "clone.id": "", "epitope.id": "", "tissue": "PBMC", "donor.MHC": "", "donor.MHC.method": "", "structure.id": "", "samples.found": 1, "studies.found": 1}	{"cdr3": "CSARDRREREKLFF", "cdr3_old": "CSARDRREREKLFF", "fixNeeded": false, "good": true, "jCanonical": true, "jFixType": "NoFixNeeded", "jId": "TRBJ1-4*01", "jStart": 9, "vCanonical": true, "vEnd": 4, "vFixType": "NoFixNeeded", "vId": "TRBV20-1*01"}	0
6928	TRB	CSARSTGGAYYGYTF	TRBV20-1*01	TRBJ1-2*01	HomoSapiens	HLA-E*01:03	B2M	MHCI	VMATRRNVL	Rv1518	M.tuberculosis	PMID:38439958	{"identification": "tetramer-sort", "frequency": "", "singlecell": "", "sequencing": "sanger", "verification": ""}	{"study.id": "", "cell.subset": "CD8+", "subject.cohort": "LTBI", "subject.id": "", "replica.id": "", "clone.id": "", "epitope.id": "", "tissue": "PBMC", "donor.MHC": "", "donor.MHC.method": "", "structure.id": "", "samples.found": 1, "studies.found": 1}	{"cdr3": "CSARSTGGAYYGYTF", "cdr3_old": "CSARSTGGAYYGYTF", "fixNeeded": false, "good": true, "jCanonical": true, "jFixType": "NoFixNeeded", "jId": "TRBJ1-2*01", "jStart": 10, "vCanonical": true, "vEnd": 4, "vFixType": "NoFixNeeded", "vId": "TRBV20-1*01"}	0
6929	TRB	CACSIDLFWVNSEAFF	TRBV19*01	TRBJ1-1*01	HomoSapiens	HLA-E*01:03	B2M	MHCI	VMATRRNVL	Rv1518	M.tuberculosis	PMID:38439958	{"identification": "tetramer-sort", "frequency": "", "singlecell": "", "sequencing": "sanger", "verification": ""}	{"study.id": "", "cell.subset": "CD8+", "subject.cohort": "LTBI", "subject.id": "", "replica.id": "", "clone.id": "", "epitope.id": "", "tissue": "PBMC", "donor.MHC": "", "donor.MHC.method": "", "structure.id": "", "samples.found": 1, "studies.found": 1}	{"cdr3": "CACSIDLFWVNSEAFF", "cdr3_old": "CACSIDLFWVNSEAFF", "fixNeeded": false, "good": true, "jCanonical": true, "jFixType": "NoFixNeeded", "jId": "TRBJ1-1*01", "jStart": 12, "vCanonical": true, "vEnd": 2, "vFixType": "NoFixNeeded", "vId": "TRBV19*01"}	0
6930	TRB	CAEQLRSDGGTSAVYEQYF	TRBV13*01	TRBJ2-7*01	HomoSapiens	HLA-E*01:03	B2M	MHCI	VMATRRNVL	Rv1518	M.tuberculosis	PMID:38439958	{"identification": "tetramer-sort", "frequency": "", "singlecell": "", "sequencing": "sanger", "verification": ""}	{"study.id": "", "cell.subset": "CD8+", "subject.cohort": "LTBI", "subject.id": "", "replica.id": "", "clone.id": "", "epitope.id": "", "tissue": "PBMC", "donor.MHC": "", "donor.MHC.method": "", "structure.id": "", "samples.found": 1, "studies.found": 1}	{"cdr3": "CAEQLRSDGGTSAVYEQYF", "cdr3_old": "CAEQLRSDGGTSAVYEQYF", "fixNeeded": false, "good": true, "jCanonical": true, "jFixType": "NoFixNeeded", "jId": "TRBJ2-7*01", "jStart": 14, "vCanonical": true, "vEnd": 2, "vFixType": "NoFixNeeded", "vId": "TRBV13*01"}	0
6931	TRB	CARRLARAGGLAQLYEQYF	TRBV13*01	TRBJ2-7*01	HomoSapiens	HLA-E*01:03	B2M	MHCI	VMATRRNVL	Rv1518	M.tuberculosis	PMID:38439958	{"identification": "tetramer-sort", "frequency": "", "singlecell": "", "sequencing": "sanger", "verification": ""}	{"study.id": "", "cell.subset": "CD8+", "subject.cohort": "LTBI", "subject.id": "", "replica.id": "", "clone.id": "", "epitope.id": "", "tissue": "PBMC", "donor.MHC": "", "donor.MHC.method": "", "structure.id": "", "samples.found": 1, "studies.found": 1}	{"cdr3": "CARRLARAGGLAQLYEQYF", "cdr3_old": "CARRLARAGGLAQLYEQYF", "fixNeeded": false, "good": true, "jCanonical": true, "jFixType": "NoFixNeeded", "jId": "TRBJ2-7*01", "jStart": 14, "vCanonical": true, "vEnd": 2, "vFixType": "NoFixNeeded", "vId": "TRBV13*01"}	0
6932	TRB	CASCYRGPFVDGYTF	TRBV6-2*01	TRBJ1-2*01	HomoSapiens	HLA-E*01:03	B2M	MHCI	VMATRRNVL	Rv1518	M.tuberculosis	PMID:38439958	{"identification": "tetramer-sort", "frequency": "", "singlecell": "", "sequencing": "sanger", "verification": ""}	{"study.id": "", "cell.subset": "CD8+", "subject.cohort": "LTBI", "subject.id": "", "replica.id": "", "clone.id": "", "epitope.id": "", "tissue": "PBMC", "donor.MHC": "", "donor.MHC.method": "", "structure.id": "", "samples.found": 1, "studies.found": 1}	{"cdr3": "CASCYRGPFVDGYTF", "cdr3_old": "CASCYRGPFVDGYTF", "fixNeeded": false, "good": true, "jCanonical": true, "jFixType": "NoFixNeeded", "jId": "TRBJ1-2*01", "jStart": 11, "vCanonical": true, "vEnd": 3, "vFixType": "NoFixNeeded", "vId": "TRBV6-2*01"}	0
6933	TRB	CASGPSLTGRRTTTNEKLFF	TRBV12-4*01	TRBJ1-4*01	HomoSapiens	HLA-E*01:03	B2M	MHCI	VMATRRNVL	Rv1518	M.tuberculosis	PMID:38439958	{"identification": "tetramer-sort", "frequency": "", "singlecell": "", "sequencing": "sanger", "verification": ""}	{"study.id": "", "cell.subset": "CD8+", "subject.cohort": "LTBI", "subject.id": "", "replica.id": "", "clone.id": "", "epitope.id": "", "tissue": "PBMC", "donor.MHC": "", "donor.MHC.method": "", "structure.id": "", "samples.found": 1, "studies.found": 1}	{"cdr3": "CASGPSLTGRRTTTNEKLFF", "cdr3_old": "CASGPSLTGRRTTTNEKLFF", "fixNeeded": false, "good": true, "jCanonical": true, "jFixType": "NoFixNeeded", "jId": "TRBJ1-4*01", "jStart": 13, "vCanonical": true, "vEnd": 3, "vFixType": "NoFixNeeded", "vId": "TRBV12-4*01"}	0
6934	TRB	CASIASSGHEQFF	TRBV6-2*01	TRBJ2-1*01	HomoSapiens	HLA-E*01:03	B2M	MHCI	VMATRRNVL	Rv1518	M.tuberculosis	PMID:38439958	{"identification": "tetramer-sort", "frequency": "", "singlecell": "", "sequencing": "sanger", "verification": ""}	{"study.id": "", "cell.subset": "CD8+", "subject.cohort": "LTBI", "subject.id": "", "replica.id": "", "clone.id": "", "epitope.id": "", "tissue": "PBMC", "donor.MHC": "", "donor.MHC.method": "", "structure.id": "", "samples.found": 1, "studies.found": 1}	{"cdr3": "CASIASSGHEQFF", "cdr3_old": "CASIASSGHEQFF", "fixNeeded": false, "good": true, "jCanonical": true, "jFixType": "NoFixNeeded", "jId": "TRBJ2-1*01", "jStart": 9, "vCanonical": true, "vEnd": 3, "vFixType": "NoFixNeeded", "vId": "TRBV6-2*01"}	0
6935	TRB	CASSIDLFWVNTEAFF	TRBV19*01	TRBJ1-1*01	HomoSapiens	HLA-E*01:03	B2M	MHCI	VMATRRNVL	Rv1518	M.tuberculosis	PMID:38439958	{"identification": "tetramer-sort", "frequency": "", "singlecell": "", "sequencing": "sanger", "verification": ""}	{"study.id": "", "cell.subset": "CD8+", "subject.cohort": "LTBI", "subject.id": "", "replica.id": "", "clone.id": "", "epitope.id": "", "tissue": "PBMC", "donor.MHC": "", "donor.MHC.method": "", "structure.id": "", "samples.found": 1, "studies.found": 1}	{"cdr3": "CASSIDLFWVNTEAFF", "cdr3_old": "CASSIDLFWVNTEAFF", "fixNeeded": false, "good": true, "jCanonical": true, "jFixType": "NoFixNeeded", "jId": "TRBJ1-1*01", "jStart": 10, "vCanonical": true, "vEnd": 5, "vFixType": "NoFixNeeded", "vId": "TRBV19*01"}	0
6936	TRB	CASSLAGTGISNQPQHF	TRBV5-6*01	TRBJ1-5*01	HomoSapiens	HLA-E*01:03	B2M	MHCI	VMATRRNVL	Rv1518	M.tuberculosis	PMID:38439958	{"identification": "tetramer-sort", "frequency": "", "singlecell": "", "sequencing": "sanger", "verification": ""}	{"study.id": "", "cell.subset": "CD8+", "subject.cohort": "LTBI", "subject.id": "", "replica.id": "", "clone.id": "", "epitope.id": "", "tissue": "PBMC", "donor.MHC": "", "donor.MHC.method": "", "structure.id": "", "samples.found": 1, "studies.found": 1}	{"cdr3": "CASSLAGTGISNQPQHF", "cdr3_old": "CASSLAGTGISNQPQHF", "fixNeeded": false, "good": true, "jCanonical": true, "jFixType": "NoFixNeeded", "jId": "TRBJ1-5*01", "jStart": 10, "vCanonical": true, "vEnd": 5, "vFixType": "NoFixNeeded", "vId": "TRBV5-6*01"}	0
6938	TRB	CASSLMEGSRGETQYF	TRBV11-2*01	TRBJ2-5*01	HomoSapiens	HLA-E*01:03	B2M	MHCI	VMATRRNVL	Rv1518	M.tuberculosis	PMID:38439958	{"identification": "tetramer-sort", "frequency": "", "singlecell": "", "sequencing": "sanger", "verification": ""}	{"study.id": "", "cell.subset": "CD8+", "subject.cohort": "LTBI", "subject.id": "", "replica.id": "", "clone.id": "", "epitope.id": "", "tissue": "PBMC", "donor.MHC": "", "donor.MHC.method": "", "structure.id": "", "samples.found": 1, "studies.found": 1}	{"cdr3": "CASSLMEGSRGETQYF", "cdr3_old": "CASSLMEGSRGETQYF", "fixNeeded": false, "good": true, "jCanonical": true, "jFixType": "NoFixNeeded", "jId": "TRBJ2-5*01", "jStart": 11, "vCanonical": true, "vEnd": 5, "vFixType": "NoFixNeeded", "vId": "TRBV11-2*01"}	0
6939	TRB	CASSLSSWPEQYF	TRBV14*01	TRBJ2-7*01	HomoSapiens	HLA-E*01:03	B2M	MHCI	VMATRRNVL	Rv1518	M.tuberculosis	PMID:38439958	{"identification": "tetramer-sort", "frequency": "", "singlecell": "", "sequencing": "sanger", "verification": ""}	{"study.id": "", "cell.subset": "CD8+", "subject.cohort": "LTBI", "subject.id": "", "replica.id": "", "clone.id": "", "epitope.id": "", "tissue": "PBMC", "donor.MHC": "", "donor.MHC.method": "", "structure.id": "", "samples.found": 1, "studies.found": 1}	{"cdr3": "CASSLSSWPEQYF", "cdr3_old": "CASSLSSWPEQYV", "fixNeeded": true, "good": true, "jCanonical": true, "jFixType": "FixReplace", "jId": "TRBJ2-7*01", "jStart": 10, "vCanonical": true, "vEnd": 4, "vFixType": "NoFixNeeded", "vId": "TRBV14*01"}	0
6940	TRB	CASSRGRTEEKLFF	TRBV2*01	TRBJ1-4*01	HomoSapiens	HLA-E*01:03	B2M	MHCI	VMATRRNVL	Rv1518	M.tuberculosis	PMID:38439958	{"identification": "tetramer-sort", "frequency": "", "singlecell": "", "sequencing": "sanger", "verification": ""}	{"study.id": "", "cell.subset": "CD8+", "subject.cohort": "LTBI", "subject.id": "", "replica.id": "", "clone.id": "", "epitope.id": "", "tissue": "PBMC", "donor.MHC": "", "donor.MHC.method": "", "structure.id": "", "samples.found": 1, "studies.found": 1}	{"cdr3": "CASSRGRTEEKLFF", "cdr3_old": "CASSRGRTEEKLFL", "fixNeeded": true, "good": true, "jCanonical": true, "jFixType": "FixReplace", "jId": "TRBJ1-4*01", "jStart": 10, "vCanonical": true, "vEnd": 4, "vFixType": "NoFixNeeded", "vId": "TRBV2*01"}	0
6941	TRB	CASSRPRSGYGYTF	TRBV28*01	TRBJ1-2*01	HomoSapiens	HLA-E*01:03	B2M	MHCI	VMATRRNVL	Rv1518	M.tuberculosis	PMID:38439958	{"identification": "tetramer-sort", "frequency": "", "singlecell": "", "sequencing": "sanger", "verification": ""}	{"study.id": "", "cell.subset": "CD8+", "subject.cohort": "LTBI", "subject.id": "", "replica.id": "", "clone.id": "", "epitope.id": "", "tissue": "PBMC", "donor.MHC": "", "donor.MHC.method": "", "structure.id": "", "samples.found": 1, "studies.found": 1}	{"cdr3": "CASSRPRSGYGYTF", "cdr3_old": "CASSRPRSGYGYTF", "fixNeeded": false, "good": true, "jCanonical": true, "jFixType": "NoFixNeeded", "jId": "TRBJ1-2*01", "jStart": 9, "vCanonical": true, "vEnd": 4, "vFixType": "NoFixNeeded", "vId": "TRBV28*01"}	0
6942	TRB	CASSSTGNTEAFF	TRBV7-3*01	TRBJ1-1*01	HomoSapiens	HLA-E*01:03	B2M	MHCI	VMATRRNVL	Rv1518	M.tuberculosis	PMID:38439958	{"identification": "tetramer-sort", "frequency": "", "singlecell": "", "sequencing": "sanger", "verification": ""}	{"study.id": "", "cell.subset": "CD8+", "subject.cohort": "LTBI", "subject.id": "", "replica.id": "", "clone.id": "", "epitope.id": "", "tissue": "PBMC", "donor.MHC": "", "donor.MHC.method": "", "structure.id": "", "samples.found": 1, "studies.found": 1}	{"cdr3": "CASSSTGNTEAFF", "cdr3_old": "CASSSTGNTEAFF", "fixNeeded": false, "good": true, "jCanonical": true, "jFixType": "NoFixNeeded", "jId": "TRBJ1-1*01", "jStart": 7, "vCanonical": true, "vEnd": 4, "vFixType": "NoFixNeeded", "vId": "TRBV7-3*01"}	0
6943	TRB	CASSTGMYEQYF	TRBV28*01	TRBJ2-7*01	HomoSapiens	HLA-E*01:03	B2M	MHCI	VMATRRNVL	Rv1518	M.tuberculosis	PMID:38439958	{"identification": "tetramer-sort", "frequency": "", "singlecell": "", "sequencing": "sanger", "verification": ""}	{"study.id": "", "cell.subset": "CD8+", "subject.cohort": "LTBI", "subject.id": "", "replica.id": "", "clone.id": "", "epitope.id": "", "tissue": "PBMC", "donor.MHC": "", "donor.MHC.method": "", "structure.id": "", "samples.found": 1, "studies.found": 1}	{"cdr3": "CASSTGMYEQYF", "cdr3_old": "CASSTGMYEQYF", "fixNeeded": false, "good": true, "jCanonical": true, "jFixType": "NoFixNeeded", "jId": "TRBJ2-7*01", "jStart": 7, "vCanonical": true, "vEnd": 4, "vFixType": "NoFixNeeded", "vId": "TRBV28*01"}	0
6944	TRB	CASSVAPAEGTVPFF	TRBV9*01	TRBJ2-4*01	HomoSapiens	HLA-E*01:03	B2M	MHCI	VMATRRNVL	Rv1518	M.tuberculosis	PMID:38439958	{"identification": "tetramer-sort", "frequency": "", "singlecell": "", "sequencing": "sanger", "verification": ""}	{"study.id": "", "cell.subset": "CD8+", "subject.cohort": "LTBI", "subject.id": "", "replica.id": "", "clone.id": "", "epitope.id": "", "tissue": "PBMC", "donor.MHC": "", "donor.MHC.method": "", "structure.id": "", "samples.found": 1, "studies.found": 1}	{"cdr3": "CASSVAPAEGTVPFF", "cdr3_old": "CASSVAPAEGTVPFF", "fixNeeded": false, "good": false, "jCanonical": true, "jFixType": "FailedNoAlignment", "jId": "TRBJ2-4*01", "jStart": -1, "vCanonical": true, "vEnd": 5, "vFixType": "NoFixNeeded", "vId": "TRBV9*01"}	0
6945	TRB	CASSYINNEQFF	TRBV6-2*01	TRBJ2-1*01	HomoSapiens	HLA-E*01:03	B2M	MHCI	VMATRRNVL	Rv1518	M.tuberculosis	PMID:38439958	{"identification": "tetramer-sort", "frequency": "", "singlecell": "", "sequencing": "sanger", "verification": ""}	{"study.id": "", "cell.subset": "CD8+", "subject.cohort": "LTBI", "subject.id": "", "replica.id": "", "clone.id": "", "epitope.id": "", "tissue": "PBMC", "donor.MHC": "", "donor.MHC.method": "", "structure.id": "", "samples.found": 1, "studies.found": 1}	{"cdr3": "CASSYINNEQFF", "cdr3_old": "CASSYINNEQFF", "fixNeeded": false, "good": true, "jCanonical": true, "jFixType": "NoFixNeeded", "jId": "TRBJ2-1*01", "jStart": 7, "vCanonical": true, "vEnd": 5, "vFixType": "NoFixNeeded", "vId": "TRBV6-2*01"}	0
6946	TRB	CASSYPHQNSEAFF	TRBV6-2*01	TRBJ1-1*01	HomoSapiens	HLA-E*01:03	B2M	MHCI	VMATRRNVL	Rv1518	M.tuberculosis	PMID:38439958	{"identification": "tetramer-sort", "frequency": "", "singlecell": "", "sequencing": "sanger", "verification": ""}	{"study.id": "", "cell.subset": "CD8+", "subject.cohort": "LTBI", "subject.id": "", "replica.id": "", "clone.id": "", "epitope.id": "", "tissue": "PBMC", "donor.MHC": "", "donor.MHC.method": "", "structure.id": "", "samples.found": 1, "studies.found": 1}	{"cdr3": "CASSYPHQNSEAFF", "cdr3_old": "CASSYPHQNSEAFF", "fixNeeded": false, "good": true, "jCanonical": true, "jFixType": "NoFixNeeded", "jId": "TRBJ1-1*01", "jStart": 10, "vCanonical": true, "vEnd": 5, "vFixType": "NoFixNeeded", "vId": "TRBV6-2*01"}	0
6947	TRB	CASSYSNKVFYGYTF	TRBV6-2*01	TRBJ1-2*01	HomoSapiens	HLA-E*01:03	B2M	MHCI	VMATRRNVL	Rv1518	M.tuberculosis	PMID:38439958	{"identification": "tetramer-sort", "frequency": "", "singlecell": "", "sequencing": "sanger", "verification": ""}	{"study.id": "", "cell.subset": "CD8+", "subject.cohort": "LTBI", "subject.id": "", "replica.id": "", "clone.id": "", "epitope.id": "", "tissue": "PBMC", "donor.MHC": "", "donor.MHC.method": "", "structure.id": "", "samples.found": 1, "studies.found": 1}	{"cdr3": "CASSYSNKVFYGYTF", "cdr3_old": "CASSYSNKVFYGYTF", "fixNeeded": false, "good": true, "jCanonical": true, "jFixType": "NoFixNeeded", "jId": "TRBJ1-2*01", "jStart": 10, "vCanonical": true, "vEnd": 5, "vFixType": "NoFixNeeded", "vId": "TRBV6-2*01"}	0
6949	TRB	CSVPTGNIANYGYTF	TRBV29-1*01	TRBJ1-2*01	HomoSapiens	HLA-E*01:03	B2M	MHCI	VMATRRNVL	Rv1518	M.tuberculosis	PMID:38439958	{"identification": "tetramer-sort", "frequency": "", "singlecell": "", "sequencing": "sanger", "verification": ""}	{"study.id": "", "cell.subset": "CD8+", "subject.cohort": "LTBI", "subject.id": "", "replica.id": "", "clone.id": "", "epitope.id": "", "tissue": "PBMC", "donor.MHC": "", "donor.MHC.method": "", "structure.id": "", "samples.found": 1, "studies.found": 1}	{"cdr3": "CSVPTGNIANYGYTF", "cdr3_old": "CSVPTGNIANYGYTF", "fixNeeded": false, "good": true, "jCanonical": true, "jFixType": "NoFixNeeded", "jId": "TRBJ1-2*01", "jStart": 9, "vCanonical": true, "vEnd": 3, "vFixType": "NoFixNeeded", "vId": "TRBV29-1*01"}	0
6950	TRB	CASRGLAYNEQFF	TRBV3-1*01	TRBJ2-1*01	HomoSapiens	HLA-E*01:03	B2M	MHCI	VMATRRNVL	Rv1518	M.tuberculosis	PMID:38439958	{"identification": "tetramer-sort", "frequency": "", "singlecell": "", "sequencing": "sanger", "verification": ""}	{"study.id": "", "cell.subset": "CD8+", "subject.cohort": "LTBI", "subject.id": "", "replica.id": "", "clone.id": "", "epitope.id": "", "tissue": "PBMC", "donor.MHC": "", "donor.MHC.method": "", "structure.id": "", "samples.found": 1, "studies.found": 1}	{"cdr3": "CASRGLAYNEQFF", "cdr3_old": "CASRGLAYNEQFF", "fixNeeded": false, "good": true, "jCanonical": true, "jFixType": "NoFixNeeded", "jId": "TRBJ2-1*01", "jStart": 7, "vCanonical": true, "vEnd": 3, "vFixType": "NoFixNeeded", "vId": "TRBV3-1*01"}	0
6951	TRB	CASSCSGVAGTDAFF	TRBV6-6*01	TRBJ1-1*01	HomoSapiens	HLA-E*01:03	B2M	MHCI	VMATRRNVL	Rv1518	M.tuberculosis	PMID:38439958	{"identification": "tetramer-sort", "frequency": "", "singlecell": "", "sequencing": "sanger", "verification": ""}	{"study.id": "", "cell.subset": "CD8+", "subject.cohort": "LTBI", "subject.id": "", "replica.id": "", "clone.id": "", "epitope.id": "", "tissue": "PBMC", "donor.MHC": "", "donor.MHC.method": "", "structure.id": "", "samples.found": 1, "studies.found": 1}	{"cdr3": "CASSCSGVAGTDAFF", "cdr3_old": "CASSCSGVAGTDAFL", "fixNeeded": true, "good": true, "jCanonical": true, "jFixType": "FixReplace", "jId": "TRBJ1-1*01", "jStart": 13, "vCanonical": true, "vEnd": 4, "vFixType": "NoFixNeeded", "vId": "TRBV6-6*01"}	0
6952	TRB	CASSELGWREKVEQFF	TRBV10-2*01	TRBJ2-1*01	HomoSapiens	HLA-E*01:03	B2M	MHCI	VMATRRNVL	Rv1518	M.tuberculosis	PMID:38439958	{"identification": "tetramer-sort", "frequency": "", "singlecell": "", "sequencing": "sanger", "verification": ""}	{"study.id": "", "cell.subset": "CD8+", "subject.cohort": "LTBI", "subject.id": "", "replica.id": "", "clone.id": "", "epitope.id": "", "tissue": "PBMC", "donor.MHC": "", "donor.MHC.method": "", "structure.id": "", "samples.found": 1, "studies.found": 1}	{"cdr3": "CASSELGWREKVEQFF", "cdr3_old": "CASSELGWREKVEQFF", "fixNeeded": false, "good": true, "jCanonical": true, "jFixType": "NoFixNeeded", "jId": "TRBJ2-1*01", "jStart": 12, "vCanonical": true, "vEnd": 5, "vFixType": "NoFixNeeded", "vId": "TRBV10-2*01"}	0
6953	TRB	CASSESGANVLTF	TRBV25-1*01	TRBJ2-6*01	HomoSapiens	HLA-E*01:03	B2M	MHCI	VMATRRNVL	Rv1518	M.tuberculosis	PMID:38439958	{"identification": "tetramer-sort", "frequency": "", "singlecell": "", "sequencing": "sanger", "verification": ""}	{"study.id": "", "cell.subset": "CD8+", "subject.cohort": "LTBI", "subject.id": "", "replica.id": "", "clone.id": "", "epitope.id": "", "tissue": "PBMC", "donor.MHC": "", "donor.MHC.method": "", "structure.id": "", "samples.found": 1, "studies.found": 1}	{"cdr3": "CASSESGANVLTF", "cdr3_old": "CASSESGANVLTF", "fixNeeded": false, "good": true, "jCanonical": true, "jFixType": "NoFixNeeded", "jId": "TRBJ2-6*01", "jStart": 5, "vCanonical": true, "vEnd": 5, "vFixType": "NoFixNeeded", "vId": "TRBV25-1*01"}	0
6954	TRB	CASSLISRKNIQYF	TRBV12-3*01	TRBJ2-4*01	HomoSapiens	HLA-E*01:03	B2M	MHCI	VMATRRNVL	Rv1518	M.tuberculosis	PMID:38439958	{"identification": "tetramer-sort", "frequency": "", "singlecell": "", "sequencing": "sanger", "verification": ""}	{"study.id": "", "cell.subset": "CD8+", "subject.cohort": "LTBI", "subject.id": "", "replica.id": "", "clone.id": "", "epitope.id": "", "tissue": "PBMC", "donor.MHC": "", "donor.MHC.method": "", "structure.id": "", "samples.found": 1, "studies.found": 1}	{"cdr3": "CASSLISRKNIQYF", "cdr3_old": "CASSLISRKNIQYF", "fixNeeded": false, "good": true, "jCanonical": true, "jFixType": "NoFixNeeded", "jId": "TRBJ2-4*01", "jStart": 8, "vCanonical": true, "vEnd": 5, "vFixType": "NoFixNeeded", "vId": "TRBV12-3*01"}	0
6955	TRB	CASSLTRPDYEQYF	TRBV28*01	TRBJ2-7*01	HomoSapiens	HLA-E*01:03	B2M	MHCI	VMATRRNVL	Rv1518	M.tuberculosis	PMID:38439958	{"identification": "tetramer-sort", "frequency": "", "singlecell": "", "sequencing": "sanger", "verification": ""}	{"study.id": "", "cell.subset": "CD8+", "subject.cohort": "LTBI", "subject.id": "", "replica.id": "", "clone.id": "", "epitope.id": "", "tissue": "PBMC", "donor.MHC": "", "donor.MHC.method": "", "structure.id": "", "samples.found": 1, "studies.found": 1}	{"cdr3": "CASSLTRPDYEQYF", "cdr3_old": "CASSLTRPDYEQYF", "fixNeeded": false, "good": true, "jCanonical": true, "jFixType": "NoFixNeeded", "jId": "TRBJ2-7*01", "jStart": 9, "vCanonical": true, "vEnd": 5, "vFixType": "NoFixNeeded", "vId": "TRBV28*01"}	0
6956	TRB	CASSPPRDGSYGYTF	TRBV18*01	TRBJ1-2*01	HomoSapiens	HLA-E*01:03	B2M	MHCI	VMATRRNVL	Rv1518	M.tuberculosis	PMID:38439958	{"identification": "tetramer-sort", "frequency": "", "singlecell": "", "sequencing": "sanger", "verification": ""}	{"study.id": "", "cell.subset": "CD8+", "subject.cohort": "LTBI", "subject.id": "", "replica.id": "", "clone.id": "", "epitope.id": "", "tissue": "PBMC", "donor.MHC": "", "donor.MHC.method": "", "structure.id": "", "samples.found": 1, "studies.found": 1}	{"cdr3": "CASSPPRDGSYGYTF", "cdr3_old": "CASSPPRDGSYGYTF", "fixNeeded": false, "good": true, "jCanonical": true, "jFixType": "NoFixNeeded", "jId": "TRBJ1-2*01", "jStart": 10, "vCanonical": true, "vEnd": 5, "vFixType": "NoFixNeeded", "vId": "TRBV18*01"}	0
6957	TRB	CASSQYGDWGDYGQYF	TRBV4-3*01	TRBJ2-7*01	HomoSapiens	HLA-E*01:03	B2M	MHCI	VMATRRNVL	Rv1518	M.tuberculosis	PMID:38439958	{"identification": "tetramer-sort", "frequency": "", "singlecell": "", "sequencing": "sanger", "verification": ""}	{"study.id": "", "cell.subset": "CD8+", "subject.cohort": "LTBI", "subject.id": "", "replica.id": "", "clone.id": "", "epitope.id": "", "tissue": "PBMC", "donor.MHC": "", "donor.MHC.method": "", "structure.id": "", "samples.found": 1, "studies.found": 1}	{"cdr3": "CASSQYGDWGDYGQYF", "cdr3_old": "CASSQYGDWGDYGQYF", "fixNeeded": false, "good": true, "jCanonical": true, "jFixType": "NoFixNeeded", "jId": "TRBJ2-7*01", "jStart": 13, "vCanonical": true, "vEnd": 5, "vFixType": "NoFixNeeded", "vId": "TRBV4-3*01"}	0
6958	TRB	CASSSGTSGFVGGTQYF	TRBV7-9*01	TRBJ2-5*01	HomoSapiens	HLA-E*01:03	B2M	MHCI	VMATRRNVL	Rv1518	M.tuberculosis	PMID:38439958	{"identification": "tetramer-sort", "frequency": "", "singlecell": "", "sequencing": "sanger", "verification": ""}	{"study.id": "", "cell.subset": "CD8+", "subject.cohort": "LTBI", "subject.id": "", "replica.id": "", "clone.id": "", "epitope.id": "", "tissue": "PBMC", "donor.MHC": "", "donor.MHC.method": "", "structure.id": "", "samples.found": 1, "studies.found": 1}	{"cdr3": "CASSSGTSGFVGGTQYF", "cdr3_old": "CASSSGTSGFVGGTQYF", "fixNeeded": false, "good": true, "jCanonical": true, "jFixType": "NoFixNeeded", "jId": "TRBJ2-5*01", "jStart": 13, "vCanonical": true, "vEnd": 4, "vFixType": "NoFixNeeded", "vId": "TRBV7-9*01"}	0
6959	TRB	CASSYPSGGWESQYF	TRBV6-5*01	TRBJ2-5*01	HomoSapiens	HLA-E*01:03	B2M	MHCI	VMATRRNVL	Rv1518	M.tuberculosis	PMID:38439958	{"identification": "tetramer-sort", "frequency": "", "singlecell": "", "sequencing": "sanger", "verification": ""}	{"study.id": "", "cell.subset": "CD8+", "subject.cohort": "LTBI", "subject.id": "", "replica.id": "", "clone.id": "", "epitope.id": "", "tissue": "PBMC", "donor.MHC": "", "donor.MHC.method": "", "structure.id": "", "samples.found": 1, "studies.found": 1}	{"cdr3": "CASSYPSGGWESQYF", "cdr3_old": "CASSYPSGGWESQYF", "fixNeeded": false, "good": true, "jCanonical": true, "jFixType": "NoFixNeeded", "jId": "TRBJ2-5*01", "jStart": 12, "vCanonical": true, "vEnd": 5, "vFixType": "NoFixNeeded", "vId": "TRBV6-5*01"}	0
6960	TRB	CATSRDEQSYEQYF	TRBV15*01	TRBJ2-7*01	HomoSapiens	HLA-E*01:03	B2M	MHCI	VMATRRNVL	Rv1518	M.tuberculosis	PMID:38439958	{"identification": "tetramer-sort", "frequency": "", "singlecell": "", "sequencing": "sanger", "verification": ""}	{"study.id": "", "cell.subset": "CD8+", "subject.cohort": "LTBI", "subject.id": "", "replica.id": "", "clone.id": "", "epitope.id": "", "tissue": "PBMC", "donor.MHC": "", "donor.MHC.method": "", "structure.id": "", "samples.found": 1, "studies.found": 1}	{"cdr3": "CATSRDEQSYEQYF", "cdr3_old": "CATSRDEQSYEQYF", "fixNeeded": false, "good": true, "jCanonical": true, "jFixType": "NoFixNeeded", "jId": "TRBJ2-7*01", "jStart": 8, "vCanonical": true, "vEnd": 5, "vFixType": "NoFixNeeded", "vId": "TRBV15*01"}	0
6961	TRB	CAWSSWDNEQFF	TRBV30*01	TRBJ2-1*01	HomoSapiens	HLA-E*01:03	B2M	MHCI	VMATRRNVL	Rv1518	M.tuberculosis	PMID:38439958	{"identification": "tetramer-sort", "frequency": "", "singlecell": "", "sequencing": "sanger", "verification": ""}	{"study.id": "", "cell.subset": "CD8+", "subject.cohort": "LTBI", "subject.id": "", "replica.id": "", "clone.id": "", "epitope.id": "", "tissue": "PBMC", "donor.MHC": "", "donor.MHC.method": "", "structure.id": "", "samples.found": 1, "studies.found": 1}	{"cdr3": "CAWSSWDNEQFF", "cdr3_old": "CAWSSWDNEQFF", "fixNeeded": false, "good": true, "jCanonical": true, "jFixType": "NoFixNeeded", "jId": "TRBJ2-1*01", "jStart": 7, "vCanonical": true, "vEnd": 4, "vFixType": "NoFixNeeded", "vId": "TRBV30*01"}	0
6962	TRB	CSASALENEKLFF	TRBV20-1*01	TRBJ1-4*01	HomoSapiens	HLA-E*01:03	B2M	MHCI	VMATRRNVL	Rv1518	M.tuberculosis	PMID:38439958	{"identification": "tetramer-sort", "frequency": "", "singlecell": "", "sequencing": "sanger", "verification": ""}	{"study.id": "", "cell.subset": "CD8+", "subject.cohort": "LTBI", "subject.id": "", "replica.id": "", "clone.id": "", "epitope.id": "", "tissue": "PBMC", "donor.MHC": "", "donor.MHC.method": "", "structure.id": "", "samples.found": 1, "studies.found": 1}	{"cdr3": "CSASALENEKLFF", "cdr3_old": "CSASALENEKLFF", "fixNeeded": false, "good": true, "jCanonical": true, "jFixType": "NoFixNeeded", "jId": "TRBJ1-4*01", "jStart": 7, "vCanonical": true, "vEnd": 3, "vFixType": "NoFixNeeded", "vId": "TRBV20-1*01"}	0
7646	TRB	CASSFEETQYF	TRBV7-2*01	TRBJ2-5*01	HomoSapiens	HLA-DQA1*01:02	HLA-DQB1*06:02	MHCII	TAAQAAVVRFQEAAN	CFP10	M.tuberculosis	PMID:28636589	{"identification": "antigen-loaded-targets", "frequency": "2/168", "singlecell": "yes", "sequencing": "amplicon-seq", "verification": "antigen-loaded-targets"}	{"study.id": "", "cell.subset": "CD4+CD154+CD69+", "subject.cohort": "QFN+", "subject.id": "01/0873", "replica.id": "", "clone.id": "TCR001", "epitope.id": "", "tissue": "PBMC", "donor.MHC": "", "donor.MHC.method": "sequencing", "structure.id": "", "samples.found": 1, "studies.found": 1}	{"cdr3": "CASSFEETQYF", "cdr3_old": "CASSFEETQYF", "fixNeeded": false, "good": true, "jCanonical": true, "jFixType": "NoFixNeeded", "jId": "TRBJ2-5*01", "jStart": 6, "vCanonical": true, "vEnd": 4, "vFixType": "NoFixNeeded", "vId": "TRBV7-2*01"}	2
7647	TRB	CASSPEETQYF	TRBV7-2*01	TRBJ2-5*01	HomoSapiens	HLA-DQA1*01:02	HLA-DQB1*06:02	MHCII	TAAQAAVVRFQEAAN	CFP10	M.tuberculosis	PMID:28636589	{"identification": "antigen-loaded-targets", "frequency": "49/166", "singlecell": "yes", "sequencing": "amplicon-seq", "verification": "antigen-loaded-targets"}	{"study.id": "", "cell.subset": "CD4+CD154+CD69+", "subject.cohort": "QFN+", "subject.id": "09/0217", "replica.id": "", "clone.id": "TCR012", "epitope.id": "", "tissue": "PBMC", "donor.MHC": "", "donor.MHC.method": "sequencing", "structure.id": "", "samples.found": 1, "studies.found": 1}	{"cdr3": "CASSPEETQYF", "cdr3_old": "CASSPEETQYF", "fixNeeded": false, "good": true, "jCanonical": true, "jFixType": "NoFixNeeded", "jId": "TRBJ2-5*01", "jStart": 6, "vCanonical": true, "vEnd": 4, "vFixType": "NoFixNeeded", "vId": "TRBV7-2*01"}	3
7648	TRB	CASSLEETQYF	TRBV7-2*01	TRBJ2-5*01	HomoSapiens	HLA-DQA1*01:02	HLA-DQB1*06:02	MHCII	TAAQAAVVRFQEAAN	CFP10	M.tuberculosis	PMID:28636589	{"identification": "antigen-loaded-targets", "frequency": "21/168", "singlecell": "yes", "sequencing": "amplicon-seq", "verification": "antigen-loaded-targets"}	{"study.id": "", "cell.subset": "CD4+CD154+CD69+", "subject.cohort": "QFN+", "subject.id": "01/0873", "replica.id": "", "clone.id": "TCR004", "epitope.id": "", "tissue": "PBMC", "donor.MHC": "", "donor.MHC.method": "sequencing", "structure.id": "", "samples.found": 1, "studies.found": 1}	{"cdr3": "CASSLEETQYF", "cdr3_old": "CASSLEETQYF", "fixNeeded": false, "good": true, "jCanonical": true, "jFixType": "NoFixNeeded", "jId": "TRBJ2-5*01", "jStart": 6, "vCanonical": true, "vEnd": 5, "vFixType": "NoFixNeeded", "vId": "TRBV7-2*01"}	2
7649	TRB	CASSVALAGAEYF	TRBV9*01	TRBJ2-3*01	HomoSapiens	HLA-DRA*01:01	HLA-DRB1*15:03	MHCII	MHVSFVMAYPEMLAA	Rv1195	M.tuberculosis	PMID:28636589	{"identification": "antigen-loaded-targets", "frequency": "1/69", "singlecell": "yes", "sequencing": "amplicon-seq", "verification": "antigen-loaded-targets"}	{"study.id": "", "cell.subset": "CD4+CD154+CD69+", "subject.cohort": "QFN+", "subject.id": "01/0873", "replica.id": "", "clone.id": "TCR022", "epitope.id": "", "tissue": "PBMC", "donor.MHC": "", "donor.MHC.method": "sequencing", "structure.id": "", "samples.found": 1, "studies.found": 1}	{"cdr3": "CASSVALAGAEYF", "cdr3_old": "CASSVALAGAEYF", "fixNeeded": false, "good": true, "jCanonical": true, "jFixType": "NoFixNeeded", "jId": "TRBJ2-3*01", "jStart": 11, "vCanonical": true, "vEnd": 5, "vFixType": "NoFixNeeded", "vId": "TRBV9*01"}	2
7650	TRB	CASSVALASGANVLTF	TRBV9*01	TRBJ2-6*01	HomoSapiens	HLA-DRA*01:01	HLA-DRB1*15:03	MHCII	MHVSFVMAYPEMLAA	Rv1195	M.tuberculosis	PMID:28636589	{"identification": "antigen-loaded-targets", "frequency": "2/41", "singlecell": "yes", "sequencing": "amplicon-seq", "verification": "antigen-loaded-targets"}	{"study.id": "", "cell.subset": "CD4+CD154+CD69+", "subject.cohort": "QFN+", "subject.id": "02/0152", "replica.id": "", "clone.id": "TCR023", "epitope.id": "", "tissue": "PBMC", "donor.MHC": "", "donor.MHC.method": "sequencing", "structure.id": "", "samples.found": 1, "studies.found": 1}	{"cdr3": "CASSVALASGANVLTF", "cdr3_old": "CASSVALASGANVLTF", "fixNeeded": false, "good": true, "jCanonical": true, "jFixType": "NoFixNeeded", "jId": "TRBJ2-6*01", "jStart": 8, "vCanonical": true, "vEnd": 5, "vFixType": "NoFixNeeded", "vId": "TRBV9*01"}	2
7651	TRB	CASSVALQGVHTQYF	TRBV9*01	TRBJ2-3*01	HomoSapiens	HLA-DRA*01:01	HLA-DRB1*15:03	MHCII	MHVSFVMAYPEMLAA	Rv1195	M.tuberculosis	PMID:28636589	{"identification": "antigen-loaded-targets", "frequency": "2/112", "singlecell": "yes", "sequencing": "amplicon-seq", "verification": "antigen-loaded-targets"}	{"study.id": "", "cell.subset": "CD4+CD154+CD69+", "subject.cohort": "QFN+", "subject.id": "03/0492", "replica.id": "", "clone.id": "TCR024", "epitope.id": "", "tissue": "PBMC", "donor.MHC": "", "donor.MHC.method": "sequencing", "structure.id": "", "samples.found": 1, "studies.found": 1}	{"cdr3": "CASSVALQGVHTQYF", "cdr3_old": "CASSVALQGVHTQYF", "fixNeeded": false, "good": true, "jCanonical": true, "jFixType": "NoFixNeeded", "jId": "TRBJ2-3*01", "jStart": 11, "vCanonical": true, "vEnd": 5, "vFixType": "NoFixNeeded", "vId": "TRBV9*01"}	2
7652	TRB	CASSVALATGEQYF	TRBV9*01	TRBJ2-7*01	HomoSapiens	HLA-DRA*01:01	HLA-DRB1*15:03	MHCII	MHVSFVMAYPEMLAA	Rv1195	M.tuberculosis	PMID:28636589	{"identification": "antigen-loaded-targets", "frequency": "1/112", "singlecell": "yes", "sequencing": "amplicon-seq", "verification": "antigen-loaded-targets"}	{"study.id": "", "cell.subset": "CD4+CD154+CD69+", "subject.cohort": "QFN+", "subject.id": "03/0492", "replica.id": "", "clone.id": "TCR025", "epitope.id": "", "tissue": "PBMC", "donor.MHC": "", "donor.MHC.method": "sequencing", "structure.id": "", "samples.found": 1, "studies.found": 1}	{"cdr3": "CASSVALATGEQYF", "cdr3_old": "CASSVALATGEQYF", "fixNeeded": false, "good": true, "jCanonical": true, "jFixType": "NoFixNeeded", "jId": "TRBJ2-7*01", "jStart": 10, "vCanonical": true, "vEnd": 5, "vFixType": "NoFixNeeded", "vId": "TRBV9*01"}	2
7653	TRB	CASSLIEGGTEAFF	TRBV12-3*01	TRBJ1-1*01	HomoSapiens	HLA-DRA*01:01	HLA-DRB1*03:01	MHCII	PSPSMGRDIKVQFQS	Rv3804c	M.tuberculosis	PMID:28636589	{"identification": "antigen-loaded-targets", "frequency": "1/41", "singlecell": "yes", "sequencing": "amplicon-seq", "verification": "antigen-loaded-targets"}	{"study.id": "", "cell.subset": "CD4+CD154+CD69+", "subject.cohort": "QFN+", "subject.id": "02/0152", "replica.id": "", "clone.id": "TCR051", "epitope.id": "", "tissue": "PBMC", "donor.MHC": "", "donor.MHC.method": "sequencing", "structure.id": "", "samples.found": 1, "studies.found": 1}	{"cdr3": "CASSLIEGGTEAFF", "cdr3_old": "CASSLIEGGTEAFF", "fixNeeded": false, "good": true, "jCanonical": true, "jFixType": "NoFixNeeded", "jId": "TRBJ1-1*01", "jStart": 9, "vCanonical": true, "vEnd": 5, "vFixType": "NoFixNeeded", "vId": "TRBV12-3*01"}	2
7654	TRB	CASSLIEGLEQYF	TRBV12-3*01	TRBJ2-7*01	HomoSapiens	HLA-DRA*01:01	HLA-DRB1*03:01	MHCII	PSPSMGRDIKVQFQS	Rv3804c	M.tuberculosis	PMID:28636589	{"identification": "antigen-loaded-targets", "frequency": "1/107", "singlecell": "yes", "sequencing": "amplicon-seq", "verification": "antigen-loaded-targets"}	{"study.id": "", "cell.subset": "CD4+CD154+CD69+", "subject.cohort": "QFN+", "subject.id": "09/0772", "replica.id": "", "clone.id": "TCR052", "epitope.id": "", "tissue": "PBMC", "donor.MHC": "", "donor.MHC.method": "sequencing", "structure.id": "", "samples.found": 1, "studies.found": 1}	{"cdr3": "CASSLIEGLEQYF", "cdr3_old": "CASSLIEGLEQYF", "fixNeeded": false, "good": true, "jCanonical": true, "jFixType": "NoFixNeeded", "jId": "TRBJ2-7*01", "jStart": 9, "vCanonical": true, "vEnd": 5, "vFixType": "NoFixNeeded", "vId": "TRBV12-3*01"}	2
7655	TRB	CASSLIENTEAFF	TRBV12-3*01	TRBJ1-1*01	HomoSapiens	HLA-DRA*01:01	HLA-DRB1*03:01	MHCII	PSPSMGRDIKVQFQS	Rv3804c	M.tuberculosis	PMID:28636589	{"identification": "antigen-loaded-targets", "frequency": "1/151", "singlecell": "yes", "sequencing": "amplicon-seq", "verification": "antigen-loaded-targets"}	{"study.id": "", "cell.subset": "CD4+CD154+CD69+", "subject.cohort": "QFN+", "subject.id": "09/0018", "replica.id": "", "clone.id": "TCR053", "epitope.id": "", "tissue": "PBMC", "donor.MHC": "", "donor.MHC.method": "sequencing", "structure.id": "", "samples.found": 1, "studies.found": 1}	{"cdr3": "CASSLIENTEAFF", "cdr3_old": "CASSLIENTEAFF", "fixNeeded": false, "good": true, "jCanonical": true, "jFixType": "NoFixNeeded", "jId": "TRBJ1-1*01", "jStart": 7, "vCanonical": true, "vEnd": 5, "vFixType": "NoFixNeeded", "vId": "TRBV12-3*01"}	2
7656	TRB	CASSLIEQQPQHF	TRBV12-3*01	TRBJ1-5*01	HomoSapiens	HLA-DRA*01:01	HLA-DRB1*03:01	MHCII	PSPSMGRDIKVQFQS	Rv3804c	M.tuberculosis	PMID:28636589	{"identification": "antigen-loaded-targets", "frequency": "1/41", "singlecell": "yes", "sequencing": "amplicon-seq", "verification": "antigen-loaded-targets"}	{"study.id": "", "cell.subset": "CD4+CD154+CD69+", "subject.cohort": "QFN+", "subject.id": "02/0152", "replica.id": "", "clone.id": "TCR054", "epitope.id": "", "tissue": "PBMC", "donor.MHC": "", "donor.MHC.method": "sequencing", "structure.id": "", "samples.found": 1, "studies.found": 1}	{"cdr3": "CASSLIEQQPQHF", "cdr3_old": "CASSLIEQQPQHF", "fixNeeded": false, "good": true, "jCanonical": true, "jFixType": "NoFixNeeded", "jId": "TRBJ1-5*01", "jStart": 8, "vCanonical": true, "vEnd": 5, "vFixType": "NoFixNeeded", "vId": "TRBV12-3*01"}	2
7657	TRB	CASSLGQGHYNEQFF	TRBV6-2*01	TRBJ2-1*01	HomoSapiens	HLA-DRA*01:01	HLA-DRB3*03:01	MHCII	MSQIMYNYPAMLGHA	Rv0288	M.tuberculosis	PMID:28636589	{"identification": "antigen-loaded-targets", "frequency": "3/162", "singlecell": "yes", "sequencing": "amplicon-seq", "verification": "antigen-loaded-targets"}	{"study.id": "", "cell.subset": "CD4+CD154+CD69+", "subject.cohort": "QFN+", "subject.id": "03/0492", "replica.id": "", "clone.id": "TCR098", "epitope.id": "", "tissue": "PBMC", "donor.MHC": "", "donor.MHC.method": "sequencing", "structure.id": "", "samples.found": 1, "studies.found": 1}	{"cdr3": "CASSLGQGHYNEQFF", "cdr3_old": "CASSLGQGHYNEQFF", "fixNeeded": false, "good": true, "jCanonical": true, "jFixType": "NoFixNeeded", "jId": "TRBJ2-1*01", "jStart": 9, "vCanonical": true, "vEnd": 4, "vFixType": "NoFixNeeded", "vId": "TRBV6-2*01"}	2
7658	TRB	CASSPGQGHYNEQFF	TRBV6-2*01	TRBJ2-1*01	HomoSapiens	HLA-DRA*01:01	HLA-DRB3*03:01	MHCII	MSQIMYNYPAMLGHA	Rv0288	M.tuberculosis	PMID:28636589	{"identification": "antigen-loaded-targets", "frequency": "4/56", "singlecell": "yes", "sequencing": "amplicon-seq", "verification": "antigen-loaded-targets"}	{"study.id": "", "cell.subset": "CD4+CD154+CD69+", "subject.cohort": "QFN+", "subject.id": "09/0125", "replica.id": "", "clone.id": "TCR099", "epitope.id": "", "tissue": "PBMC", "donor.MHC": "", "donor.MHC.method": "sequencing", "structure.id": "", "samples.found": 1, "studies.found": 1}	{"cdr3": "CASSPGQGHYNEQFF", "cdr3_old": "CASSPGQGHYNEQFF", "fixNeeded": false, "good": true, "jCanonical": true, "jFixType": "NoFixNeeded", "jId": "TRBJ2-1*01", "jStart": 9, "vCanonical": true, "vEnd": 4, "vFixType": "NoFixNeeded", "vId": "TRBV6-2*01"}	2
7659	TRB	CSARAGGGEAKNIQYF	TRBV20-1*01	TRBJ2-4*01	HomoSapiens	HLA-DRA*01:01	HLA-DRB5*01:01	MHCII	AAVVRFQEAANKQKQ	Rv3874	M.tuberculosis	PMID:28636589	{"identification": "antigen-loaded-targets", "frequency": "3/112", "singlecell": "yes", "sequencing": "amplicon-seq", "verification": "antigen-loaded-targets"}	{"study.id": "", "cell.subset": "CD4+CD154+CD69+", "subject.cohort": "QFN+", "subject.id": "03/0492", "replica.id": "", "clone.id": "TCR087", "epitope.id": "", "tissue": "PBMC", "donor.MHC": "", "donor.MHC.method": "sequencing", "structure.id": "", "samples.found": 1, "studies.found": 1}	{"cdr3": "CSARAGGGEAKNIQYF", "cdr3_old": "CSARAGGGEAKNIQYF", "fixNeeded": false, "good": true, "jCanonical": true, "jFixType": "NoFixNeeded", "jId": "TRBJ2-4*01", "jStart": 9, "vCanonical": true, "vEnd": 4, "vFixType": "NoFixNeeded", "vId": "TRBV20-1*01"}	2
7660	TRB	CSARASGGEAKNIQYF	TRBV20-1*01	TRBJ2-4*01	HomoSapiens	HLA-DRA*01:01	HLA-DRB5*01:01	MHCII	AAVVRFQEAANKQKQ	Rv3874	M.tuberculosis	PMID:28636589	{"identification": "antigen-loaded-targets", "frequency": "1/106", "singlecell": "yes", "sequencing": "amplicon-seq", "verification": "antigen-loaded-targets"}	{"study.id": "", "cell.subset": "CD4+CD154+CD69+", "subject.cohort": "QFN+", "subject.id": "01/0906", "replica.id": "", "clone.id": "TCR088", "epitope.id": "", "tissue": "PBMC", "donor.MHC": "", "donor.MHC.method": "sequencing", "structure.id": "", "samples.found": 1, "studies.found": 1}	{"cdr3": "CSARASGGEAKNIQYF", "cdr3_old": "CSARASGGEAKNIQYF", "fixNeeded": false, "good": true, "jCanonical": true, "jFixType": "NoFixNeeded", "jId": "TRBJ2-4*01", "jStart": 9, "vCanonical": true, "vEnd": 4, "vFixType": "NoFixNeeded", "vId": "TRBV20-1*01"}	2
7661	TRB	CSARKQGNEQFF	TRBV20-1*01	TRBJ2-1*01	HomoSapiens	HLA-DRA*01:01	HLA-DRB3*03:01	MHCII	PPQIAANRSQLISLV	PPE33	M.tuberculosis	PMID:32341563	{"identification": "antigen-loaded-targets", "frequency": "1/61", "singlecell": "yes", "sequencing": "amplicon-seq", "verification": "antigen-loaded-targets"}	{"study.id": "", "cell.subset": "CD4+CD154+CD69+", "subject.cohort": "QFN+", "subject.id": "09/0125", "replica.id": "", "clone.id": "TB121", "epitope.id": "", "tissue": "PBMC", "donor.MHC": "", "donor.MHC.method": "sequencing", "structure.id": "", "samples.found": 1, "studies.found": 1}	{"cdr3": "CSARKQGNEQFF", "cdr3_old": "CSARKQGNEQFF", "fixNeeded": false, "good": true, "jCanonical": true, "jFixType": "NoFixNeeded", "jId": "TRBJ2-1*01", "jStart": 7, "vCanonical": true, "vEnd": 4, "vFixType": "NoFixNeeded", "vId": "TRBV20-1*01"}	2
7662	TRB	CSARGQGNEQYF	TRBV20-1*01	TRBJ2-7*01	HomoSapiens	HLA-DRA*01:01	HLA-DRB3*03:01	MHCII	PPQIAANRSQLISLV	PPE33	M.tuberculosis	PMID:32341563	{"identification": "antigen-loaded-targets", "frequency": "1/127", "singlecell": "yes", "sequencing": "amplicon-seq", "verification": "antigen-loaded-targets"}	{"study.id": "", "cell.subset": "CD4+CD154+CD69+", "subject.cohort": "QFN+", "subject.id": "09/0125", "replica.id": "", "clone.id": "TB122", "epitope.id": "", "tissue": "PBMC", "donor.MHC": "", "donor.MHC.method": "sequencing", "structure.id": "", "samples.found": 1, "studies.found": 1}	{"cdr3": "CSARGQGNEQYF", "cdr3_old": "CSARGQGNEQYF", "fixNeeded": false, "good": true, "jCanonical": true, "jFixType": "NoFixNeeded", "jId": "TRBJ2-7*01", "jStart": 8, "vCanonical": true, "vEnd": 4, "vFixType": "NoFixNeeded", "vId": "TRBV20-1*01"}	2
7663	TRB	CASSPGTESNQPQHF	TRBV7-2*01	TRBJ1-5*01	HomoSapiens	HLA-DPA1*02:01	HLA-DPB1*13:01	MHCII	STRQALRPRADGPVG	Rv3616c	M.tuberculosis	PMID:32341563	{"identification": "antigen-loaded-targets", "frequency": "1/137", "singlecell": "yes", "sequencing": "amplicon-seq", "verification": "antigen-loaded-targets"}	{"study.id": "", "cell.subset": "CD4+CD154+CD69+", "subject.cohort": "QFN+", "subject.id": "03/0480", "replica.id": "", "clone.id": "TB131", "epitope.id": "", "tissue": "PBMC", "donor.MHC": "", "donor.MHC.method": "sequencing", "structure.id": "", "samples.found": 1, "studies.found": 1}	{"cdr3": "CASSPGTESNQPQHF", "cdr3_old": "CASSPGTESNQPQHF", "fixNeeded": false, "good": true, "jCanonical": true, "jFixType": "NoFixNeeded", "jId": "TRBJ1-5*01", "jStart": 8, "vCanonical": true, "vEnd": 4, "vFixType": "NoFixNeeded", "vId": "TRBV7-2*01"}	2
7664	TRB	CASSFGTESNQPQHF	TRBV7-2*01	TRBJ1-5*01	HomoSapiens	HLA-DPA1*02:01	HLA-DPB1*13:01	MHCII	STRQALRPRADGPVG	Rv3616c	M.tuberculosis	PMID:32341563	{"identification": "antigen-loaded-targets", "frequency": "1/48", "singlecell": "yes", "sequencing": "amplicon-seq", "verification": "antigen-loaded-targets"}	{"study.id": "", "cell.subset": "CD4+CD154+CD69+", "subject.cohort": "QFN+", "subject.id": "03/0480", "replica.id": "", "clone.id": "TB132", "epitope.id": "", "tissue": "PBMC", "donor.MHC": "", "donor.MHC.method": "sequencing", "structure.id": "", "samples.found": 1, "studies.found": 1}	{"cdr3": "CASSFGTESNQPQHF", "cdr3_old": "CASSFGTESNQPQHF", "fixNeeded": false, "good": true, "jCanonical": true, "jFixType": "NoFixNeeded", "jId": "TRBJ1-5*01", "jStart": 8, "vCanonical": true, "vEnd": 4, "vFixType": "NoFixNeeded", "vId": "TRBV7-2*01"}	2
7665	TRB	CASSLGTESNQPQHF	TRBV7-2*01	TRBJ1-5*01	HomoSapiens	HLA-DPA1*02:01	HLA-DPB1*13:01	MHCII	STRQALRPRADGPVG	Rv3616c	M.tuberculosis	PMID:32341563	{"identification": "antigen-loaded-targets", "frequency": "3/169", "singlecell": "yes", "sequencing": "amplicon-seq", "verification": "antigen-loaded-targets"}	{"study.id": "", "cell.subset": "CD4+CD154+CD69+", "subject.cohort": "QFN+", "subject.id": "01/1013", "replica.id": "", "clone.id": "TB133", "epitope.id": "", "tissue": "PBMC", "donor.MHC": "", "donor.MHC.method": "sequencing", "structure.id": "", "samples.found": 1, "studies.found": 1}	{"cdr3": "CASSLGTESNQPQHF", "cdr3_old": "CASSLGTESNQPQHF", "fixNeeded": false, "good": true, "jCanonical": true, "jFixType": "NoFixNeeded", "jId": "TRBJ1-5*01", "jStart": 8, "vCanonical": true, "vEnd": 5, "vFixType": "NoFixNeeded", "vId": "TRBV7-2*01"}	2
0	TRB	CAISFVTESNQPQHF	TRBV7-2*01	TRBJ1-5*01	HomoSapiens	HLA-DPA1*02:01	HLA-DPB1*13:01	MHCII	STRQALRPRADGPVG	Rv3616c	M.tuberculosis	PMID:32341563	{"identification": "antigen-loaded-targets", "frequency": "4/156", "singlecell": "yes", "sequencing": "amplicon-seq", "verification": "antigen-loaded-targets"}	{"study.id": "", "cell.subset": "CD4+CD154+CD69+", "subject.cohort": "QFN+", "subject.id": "03/0490", "replica.id": "", "clone.id": "TB134", "epitope.id": "", "tissue": "PBMC", "donor.MHC": "", "donor.MHC.method": "sequencing", "structure.id": "", "samples.found": 1, "studies.found": 1}	{"cdr3": "CAISFVTESNQPQHF", "cdr3_old": "CAISFVTESNQPQHF", "fixNeeded": false, "good": true, "jCanonical": true, "jFixType": "NoFixNeeded", "jId": "TRBJ1-5*01", "jStart": 8, "vCanonical": true, "vEnd": 2, "vFixType": "NoFixNeeded", "vId": "TRBV7-2*01"}	2
0	TRB	CASSFVTESNQPQHF	TRBV7-2*01	TRBJ1-5*01	HomoSapiens	HLA-DPA1*02:01	HLA-DPB1*13:01	MHCII	STRQALRPRADGPVG	Rv3616c	M.tuberculosis	PMID:32341563	{"identification": "antigen-loaded-targets", "frequency": "1/112", "singlecell": "yes", "sequencing": "amplicon-seq", "verification": "antigen-loaded-targets"}	{"study.id": "", "cell.subset": "CD4+CD154+CD69+", "subject.cohort": "QFN+", "subject.id": "01/1016", "replica.id": "", "clone.id": "TB135", "epitope.id": "", "tissue": "PBMC", "donor.MHC": "", "donor.MHC.method": "sequencing", "structure.id": "", "samples.found": 1, "studies.found": 1}	{"cdr3": "CASSFVTESNQPQHF", "cdr3_old": "CASSFVTESNQPQHF", "fixNeeded": false, "good": true, "jCanonical": true, "jFixType": "NoFixNeeded", "jId": "TRBJ1-5*01", "jStart": 8, "vCanonical": true, "vEnd": 4, "vFixType": "NoFixNeeded", "vId": "TRBV7-2*01"}	2
0	TRB	CASSPGTESNSPLHF	TRBV7-2*01	TRBJ1-6*01	HomoSapiens	HLA-DPA1*02:01	HLA-DPB1*13:01	MHCII	STRQALRPRADGPVG	Rv3616c	M.tuberculosis	PMID:32341563	{"identification": "antigen-loaded-targets", "frequency": "1/140", "singlecell": "yes", "sequencing": "amplicon-seq", "verification": "antigen-loaded-targets"}	{"study.id": "", "cell.subset": "CD4+CD154+CD69+", "subject.cohort": "QFN+", "subject.id": "03/0480", "replica.id": "", "clone.id": "TB136", "epitope.id": "", "tissue": "PBMC", "donor.MHC": "", "donor.MHC.method": "sequencing", "structure.id": "", "samples.found": 1, "studies.found": 1}	{"cdr3": "CASSPGTESNSPLHF", "cdr3_old": "CASSPGTESNSPLHF", "fixNeeded": false, "good": true, "jCanonical": true, "jFixType": "NoFixNeeded", "jId": "TRBJ1-6*01", "jStart": 9, "vCanonical": true, "vEnd": 4, "vFixType": "NoFixNeeded", "vId": "TRBV7-2*01"}	2
7666	TRB	CASSRGTESNTEAFF	TRBV5-1*01	TRBJ1-1*01	HomoSapiens	HLA-DPA1*02:01	HLA-DPB1*13:01	MHCII	STRQALRPRADGPVG	Rv3616c	M.tuberculosis	PMID:32341563	{"identification": "antigen-loaded-targets", "frequency": "1/49", "singlecell": "yes", "sequencing": "amplicon-seq", "verification": "antigen-loaded-targets"}	{"study.id": "", "cell.subset": "CD4+CD154+CD69+", "subject.cohort": "QFN+", "subject.id": "01/0882", "replica.id": "", "clone.id": "TB140", "epitope.id": "", "tissue": "PBMC", "donor.MHC": "", "donor.MHC.method": "sequencing", "structure.id": "", "samples.found": 1, "studies.found": 1}	{"cdr3": "CASSRGTESNTEAFF", "cdr3_old": "CASSRGTESNTEAFF", "fixNeeded": false, "good": true, "jCanonical": true, "jFixType": "NoFixNeeded", "jId": "TRBJ1-1*01", "jStart": 9, "vCanonical": true, "vEnd": 4, "vFixType": "NoFixNeeded", "vId": "TRBV5-1*01"}	2
0	TRB	CASSSGTESNQPQHF	TRBV7-2*01	TRBJ1-5*01	HomoSapiens	HLA-DPA1*02:01	HLA-DPB1*13:01	MHCII	STRQALRPRADGPVG	Rv3616c	M.tuberculosis	PMID:32341563	{"identification": "antigen-loaded-targets", "frequency": "1/118", "singlecell": "yes", "sequencing": "amplicon-seq", "verification": "antigen-loaded-targets"}	{"study.id": "", "cell.subset": "CD4+CD154+CD69+", "subject.cohort": "QFN+", "subject.id": "01/0873", "replica.id": "", "clone.id": "TB137", "epitope.id": "", "tissue": "PBMC", "donor.MHC": "", "donor.MHC.method": "sequencing", "structure.id": "", "samples.found": 1, "studies.found": 1}	{"cdr3": "CASSSGTESNQPQHF", "cdr3_old": "CASSSGTESNQPQHF", "fixNeeded": false, "good": true, "jCanonical": true, "jFixType": "NoFixNeeded", "jId": "TRBJ1-5*01", "jStart": 8, "vCanonical": true, "vEnd": 4, "vFixType": "NoFixNeeded", "vId": "TRBV7-2*01"}	2
7667	TRB	CASSTGTESNQPQHF	TRBV7-2*01	TRBJ1-5*01	HomoSapiens	HLA-DPA1*02:01	HLA-DPB1*13:01	MHCII	STRQALRPRADGPVG	Rv3616c	M.tuberculosis	PMID:32341563	{"identification": "antigen-loaded-targets", "frequency": "1/160", "singlecell": "yes", "sequencing": "amplicon-seq", "verification": "antigen-loaded-targets"}	{"study.id": "", "cell.subset": "CD4+CD154+CD69+", "subject.cohort": "QFN+", "subject.id": "03/0480", "replica.id": "", "clone.id": "TB138", "epitope.id": "", "tissue": "PBMC", "donor.MHC": "", "donor.MHC.method": "sequencing", "structure.id": "", "samples.found": 1, "studies.found": 1}	{"cdr3": "CASSTGTESNQPQHF", "cdr3_old": "CASSTGTESNQPQHF", "fixNeeded": false, "good": true, "jCanonical": true, "jFixType": "NoFixNeeded", "jId": "TRBJ1-5*01", "jStart": 8, "vCanonical": true, "vEnd": 4, "vFixType": "NoFixNeeded", "vId": "TRBV7-2*01"}	2
7668	TRB	CASTGGTESNQPQHF	TRBV6-1*01	TRBJ1-5*01	HomoSapiens	HLA-DPA1*02:01	HLA-DPB1*13:01	MHCII	STRQALRPRADGPVG	Rv3616c	M.tuberculosis	PMID:32341563	{"identification": "antigen-loaded-targets", "frequency": "1/58", "singlecell": "yes", "sequencing": "amplicon-seq", "verification": "antigen-loaded-targets"}	{"study.id": "", "cell.subset": "CD4+CD154+CD69+", "subject.cohort": "QFN+", "subject.id": "03/0480", "replica.id": "", "clone.id": "TB139", "epitope.id": "", "tissue": "PBMC", "donor.MHC": "", "donor.MHC.method": "sequencing", "structure.id": "", "samples.found": 1, "studies.found": 1}	{"cdr3": "CASTGGTESNQPQHF", "cdr3_old": "CASTGGTESNQPQHF", "fixNeeded": false, "good": true, "jCanonical": true, "jFixType": "NoFixNeeded", "jId": "TRBJ1-5*01", "jStart": 8, "vCanonical": true, "vEnd": 3, "vFixType": "NoFixNeeded", "vId": "TRBV6-1*01"}	2
7669	TRB	CASSLRSRGYEQYF	TRBV5-6*01	TRBJ2-7*01	HomoSapiens	HLA-DQA1*01:02	HLA-DQB1*06:02	MHCII	LTDEQRAAALEKAAA	Rv1388	M.tuberculosis	PMID:32341563	{"identification": "antigen-loaded-targets", "frequency": "4/180", "singlecell": "yes", "sequencing": "amplicon-seq", "verification": "antigen-loaded-targets"}	{"study.id": "", "cell.subset": "CD4+CD154+CD69+", "subject.cohort": "QFN+", "subject.id": "01/0906", "replica.id": "", "clone.id": "TB123", "epitope.id": "", "tissue": "PBMC", "donor.MHC": "", "donor.MHC.method": "sequencing", "structure.id": "", "samples.found": 1, "studies.found": 1}	{"cdr3": "CASSLRSRGYEQYF", "cdr3_old": "CASSLRSRGYEQYF", "fixNeeded": false, "good": true, "jCanonical": true, "jFixType": "NoFixNeeded", "jId": "TRBJ2-7*01", "jStart": 9, "vCanonical": true, "vEnd": 5, "vFixType": "NoFixNeeded", "vId": "TRBV5-6*01"}	2
7670	TRB	CASSLRSRSYEQYF	TRBV5-6*01	TRBJ2-7*01	HomoSapiens	HLA-DQA1*01:02	HLA-DQB1*06:02	MHCII	LTDEQRAAALEKAAA	Rv1388	M.tuberculosis	PMID:32341563	{"identification": "antigen-loaded-targets", "frequency": "4/80", "singlecell": "yes", "sequencing": "amplicon-seq", "verification": "antigen-loaded-targets"}	{"study.id": "", "cell.subset": "CD4+CD154+CD69+", "subject.cohort": "QFN+", "subject.id": "01/0906", "replica.id": "", "clone.id": "TB124", "epitope.id": "", "tissue": "PBMC", "donor.MHC": "", "donor.MHC.method": "sequencing", "structure.id": "", "samples.found": 1, "studies.found": 1}	{"cdr3": "CASSLRSRSYEQYF", "cdr3_old": "CASSLRSRSYEQYF", "fixNeeded": false, "good": true, "jCanonical": true, "jFixType": "NoFixNeeded", "jId": "TRBJ2-7*01", "jStart": 8, "vCanonical": true, "vEnd": 5, "vFixType": "NoFixNeeded", "vId": "TRBV5-6*01"}	2
7671	TRB	CASSLRSRAYEQYF	TRBV5-6*01	TRBJ2-7*01	HomoSapiens	HLA-DQA1*01:02	HLA-DQB1*06:02	MHCII	LTDEQRAAALEKAAA	Rv1388	M.tuberculosis	PMID:32341563	{"identification": "antigen-loaded-targets", "frequency": "1/113", "singlecell": "yes", "sequencing": "amplicon-seq", "verification": "antigen-loaded-targets"}	{"study.id": "", "cell.subset": "CD4+CD154+CD69+", "subject.cohort": "QFN+", "subject.id": "01/0906", "replica.id": "", "clone.id": "TB125", "epitope.id": "", "tissue": "PBMC", "donor.MHC": "", "donor.MHC.method": "sequencing", "structure.id": "", "samples.found": 1, "studies.found": 1}	{"cdr3": "CASSLRSRAYEQYF", "cdr3_old": "CASSLRSRAYEQYF", "fixNeeded": false, "good": true, "jCanonical": true, "jFixType": "NoFixNeeded", "jId": "TRBJ2-7*01", "jStart": 9, "vCanonical": true, "vEnd": 5, "vFixType": "NoFixNeeded", "vId": "TRBV5-6*01"}	2
10867	TRB	CASSYSIRGSRGEQFF	TRBV6-5*01	TRBJ2-1*01	HomoSapiens	HLA-E*01:03	B2M	MHCI	RLPAKAPLL	ENR	M.tuberculosis	PMID:35108401	{"identification": "", "frequency": "", "singlecell": "", "sequencing": "", "verification": ""}	{"study.id": "", "cell.subset": "", "subject.cohort": "", "subject.id": "", "replica.id": "", "clone.id": "", "epitope.id": "", "tissue": "", "donor.MHC": "", "donor.MHC.method": "", "structure.id": "6zkw", "samples.found": 1, "studies.found": 1}	{"cdr3": "CASSYSIRGSRGEQFF", "cdr3_old": "CASSYSIRGSRGEQFF", "fixNeeded": false, "good": true, "jCanonical": true, "jFixType": "NoFixNeeded", "jId": "TRBJ2-1*01", "jStart": 12, "vCanonical": true, "vEnd": 5, "vFixType": "NoFixNeeded", "vId": "TRBV6-5*01"}	3
10868	TRB	CASSYSIRGSRGEQFF	TRBV6-5*01	TRBJ2-1*01	HomoSapiens	HLA-E*01:03	B2M	MHCI	RLPAKAPLLGCG	ENR	M.tuberculosis	PMID:35108401	{"identification": "", "frequency": "", "singlecell": "", "sequencing": "", "verification": ""}	{"study.id": "", "cell.subset": "", "subject.cohort": "", "subject.id": "", "replica.id": "", "clone.id": "", "epitope.id": "", "tissue": "", "donor.MHC": "", "donor.MHC.method": "", "structure.id": "6zkx", "samples.found": 1, "studies.found": 1}	{"cdr3": "CASSYSIRGSRGEQFF", "cdr3_old": "CASSYSIRGSRGEQFF", "fixNeeded": false, "good": true, "jCanonical": true, "jFixType": "NoFixNeeded", "jId": "TRBJ2-1*01", "jStart": 12, "vCanonical": true, "vEnd": 5, "vFixType": "NoFixNeeded", "vId": "TRBV6-5*01"}	3
10869	TRB	CASSYSIRGSRGEQFF	TRBV6-5*01	TRBJ2-1*01	HomoSapiens	HLA-E*01:03	B2M	MHCI	RLPAKAPL	ENR	M.tuberculosis	PMID:35108401	{"identification": "", "frequency": "", "singlecell": "", "sequencing": "", "verification": ""}	{"study.id": "", "cell.subset": "", "subject.cohort": "", "subject.id": "", "replica.id": "", "clone.id": "", "epitope.id": "", "tissue": "", "donor.MHC": "", "donor.MHC.method": "", "structure.id": "6zky", "samples.found": 1, "studies.found": 1}	{"cdr3": "CASSYSIRGSRGEQFF", "cdr3_old": "CASSYSIRGSRGEQFF", "fixNeeded": false, "good": true, "jCanonical": true, "jFixType": "NoFixNeeded", "jId": "TRBJ2-1*01", "jStart": 12, "vCanonical": true, "vEnd": 5, "vFixType": "NoFixNeeded", "vId": "TRBV6-5*01"}	3
6536	TRA	CAGFLMNRDDKIIF	TRAV27*01	TRAJ30*01	HomoSapiens	HLA-E*01:03	B2M	MHCI	VMTTVLATL	Rv1734c	M.tuberculosis	PMID:38439958	{"identification": "tetramer-sort", "frequency": "", "singlecell": "", "sequencing": "sanger", "verification": ""}	{"study.id": "", "cell.subset": "CD8+", "subject.cohort": "LTBI", "subject.id": "", "replica.id": "", "clone.id": "", "epitope.id": "", "tissue": "PBMC", "donor.MHC": "", "donor.MHC.method": "", "structure.id": "", "samples.found": 1, "studies.found": 1}	{"cdr3": "CAGFLMNRDDKIIF", "cdr3_old": "CAGFLMNRDDKIIF", "fixNeeded": false, "good": true, "jCanonical": true, "jFixType": "NoFixNeeded", "jId": "TRAJ30*01", "jStart": 6, "vCanonical": true, "vEnd": 3, "vFixType": "NoFixNeeded", "vId": "TRAV27*01"}	0
6537	TRA	CAYRSALSDGNKLVF	TRAV38-1*01	TRAJ47*01	HomoSapiens	HLA-E*01:03	B2M	MHCI	VMTTVLATL	Rv1734c	M.tuberculosis	PMID:38439958	{"identification": "tetramer-sort", "frequency": "", "singlecell": "", "sequencing": "sanger", "verification": ""}	{"study.id": "", "cell.subset": "CD8+", "subject.cohort": "LTBI", "subject.id": "", "replica.id": "", "clone.id": "", "epitope.id": "", "tissue": "PBMC", "donor.MHC": "", "donor.MHC.method": "", "structure.id": "", "samples.found": 1, "studies.found": 1}	{"cdr3": "CAYRSALSDGNKLVF", "cdr3_old": "CAYRSALSDGNKLVF", "fixNeeded": false, "good": true, "jCanonical": true, "jFixType": "NoFixNeeded", "jId": "TRAJ47*01", "jStart": 9, "vCanonical": true, "vEnd": 2, "vFixType": "NoFixNeeded", "vId": "TRAV38-1*01"}	0
6538	TRA	CASHMNNARLMF	TRAV38-1*01	TRAJ31*01	HomoSapiens	HLA-E*01:03	B2M	MHCI	VMTTVLATL	Rv1734c	M.tuberculosis	PMID:38439958	{"identification": "tetramer-sort", "frequency": "", "singlecell": "", "sequencing": "sanger", "verification": ""}	{"study.id": "", "cell.subset": "CD8+", "subject.cohort": "LTBI", "subject.id": "", "replica.id": "", "clone.id": "", "epitope.id": "", "tissue": "PBMC", "donor.MHC": "", "donor.MHC.method": "", "structure.id": "", "samples.found": 1, "studies.found": 1}	{"cdr3": "CASHMNNARLMF", "cdr3_old": "CASHMNNARLMF", "fixNeeded": false, "good": true, "jCanonical": true, "jFixType": "NoFixNeeded", "jId": "TRAJ31*01", "jStart": 5, "vCanonical": true, "vEnd": 2, "vFixType": "NoFixNeeded", "vId": "TRAV38-1*01"}	0
6539	TRA	CALPHYGGSQGNLIF	TRAV1-1*01	TRAJ42*01	HomoSapiens	HLA-E*01:03	B2M	MHCI	VMTTVLATL	Rv1734c	M.tuberculosis	PMID:38439958	{"identification": "tetramer-sort", "frequency": "", "singlecell": "", "sequencing": "sanger", "verification": ""}	{"study.id": "", "cell.subset": "CD8+", "subject.cohort": "LTBI", "subject.id": "", "replica.id": "", "clone.id": "", "epitope.id": "", "tissue": "PBMC", "donor.MHC": "", "donor.MHC.method": "", "structure.id": "", "samples.found": 1, "studies.found": 1}	{"cdr3": "CALPHYGGSQGNLIF", "cdr3_old": "CALPHYGGSQGNLIF", "fixNeeded": false, "good": true, "jCanonical": true, "jFixType": "NoFixNeeded", "jId": "TRAJ42*01", "jStart": 5, "vCanonical": true, "vEnd": 2, "vFixType": "NoFixNeeded", "vId": "TRAV1-1*01"}	0
6540	TRA	CALPHYGGSQGNLIF	TRAV1-1*01	TRAJ42*01	HomoSapiens	HLA-E*01:03	B2M	MHCI	VMTTVLATL	Rv1734c	M.tuberculosis	PMID:38439958	{"identification": "tetramer-sort", "frequency": "", "singlecell": "", "sequencing": "sanger", "verification": ""}	{"study.id": "", "cell.subset": "CD8+", "subject.cohort": "LTBI", "subject.id": "", "replica.id": "", "clone.id": "", "epitope.id": "", "tissue": "PBMC", "donor.MHC": "", "donor.MHC.method": "", "structure.id": "", "samples.found": 1, "studies.found": 1}	{"cdr3": "CALPHYGGSQGNLIF", "cdr3_old": "CALPHYGGSQGNLIF", "fixNeeded": false, "good": true, "jCanonical": true, "jFixType": "NoFixNeeded", "jId": "TRAJ42*01", "jStart": 5, "vCanonical": true, "vEnd": 2, "vFixType": "NoFixNeeded", "vId": "TRAV1-1*01"}	0
6541	TRA	CALPHYGGSQGNLIF	TRAV1-1*01	TRAJ42*01	HomoSapiens	HLA-E*01:03	B2M	MHCI	VMTTVLATL	Rv1734c	M.tuberculosis	PMID:38439958	{"identification": "tetramer-sort", "frequency": "", "singlecell": "", "sequencing": "sanger", "verification": ""}	{"study.id": "", "cell.subset": "CD8+", "subject.cohort": "LTBI", "subject.id": "", "replica.id": "", "clone.id": "", "epitope.id": "", "tissue": "PBMC", "donor.MHC": "", "donor.MHC.method": "", "structure.id": "", "samples.found": 1, "studies.found": 1}	{"cdr3": "CALPHYGGSQGNLIF", "cdr3_old": "CALPHYGGSQGNLIF", "fixNeeded": false, "good": true, "jCanonical": true, "jFixType": "NoFixNeeded", "jId": "TRAJ42*01", "jStart": 5, "vCanonical": true, "vEnd": 2, "vFixType": "NoFixNeeded", "vId": "TRAV1-1*01"}	0
6542	TRA	ILTGGGNKLTF	TRAV8-6*01	TRAJ10*01	HomoSapiens	HLA-E*01:03	B2M	MHCI	VMTTVLATL	Rv1734c	M.tuberculosis	PMID:38439958	{"identification": "tetramer-sort", "frequency": "", "singlecell": "", "sequencing": "sanger", "verification": ""}	{"study.id": "", "cell.subset": "CD8+", "subject.cohort": "LTBI", "subject.id": "", "replica.id": "", "clone.id": "", "epitope.id": "", "tissue": "PBMC", "donor.MHC": "", "donor.MHC.method": "", "structure.id": "", "samples.found": 1, "studies.found": 1}	{"cdr3": "ILTGGGNKLTF", "cdr3_old": "CAASGPVLGSSSTGKLIF", "fixNeeded": true, "good": false, "jCanonical": true, "jFixType": "FailedReplace", "jId": "TRAJ10*01", "jStart": -1, "vCanonical": false, "vEnd": 2, "vFixType": "NoFixNeeded", "vId": "TRAV8-6*01"}	0
6543	TRA	CAGQDNQAGTALIF	TRAV35*01	TRAJ15*01	HomoSapiens	HLA-E*01:03	B2M	MHCI	VMTTVLATL	Rv1734c	M.tuberculosis	PMID:38439958	{"identification": "tetramer-sort", "frequency": "", "singlecell": "", "sequencing": "sanger", "verification": ""}	{"study.id": "", "cell.subset": "CD8+", "subject.cohort": "LTBI", "subject.id": "", "replica.id": "", "clone.id": "", "epitope.id": "", "tissue": "PBMC", "donor.MHC": "", "donor.MHC.method": "", "structure.id": "", "samples.found": 1, "studies.found": 1}	{"cdr3": "CAGQDNQAGTALIF", "cdr3_old": "CAGQDNQAGTALIF", "fixNeeded": false, "good": true, "jCanonical": true, "jFixType": "NoFixNeeded", "jId": "TRAJ15*01", "jStart": 5, "vCanonical": true, "vEnd": 4, "vFixType": "NoFixNeeded", "vId": "TRAV35*01"}	0
6544	TRA	CAMRDENRDDKIIF	TRAV14/DV4*01	TRAJ30*01	HomoSapiens	HLA-E*01:03	B2M	MHCI	VMTTVLATL	Rv1734c	M.tuberculosis	PMID:38439958	{"identification": "tetramer-sort", "frequency": "", "singlecell": "", "sequencing": "sanger", "verification": ""}	{"study.id": "", "cell.subset": "CD8+", "subject.cohort": "LTBI", "subject.id": "", "replica.id": "", "clone.id": "", "epitope.id": "", "tissue": "PBMC", "donor.MHC": "", "donor.MHC.method": "", "structure.id": "", "samples.found": 1, "studies.found": 1}	{"cdr3": "CAMRDENRDDKIIF", "cdr3_old": "CAMRDENRDDKIIF", "fixNeeded": false, "good": true, "jCanonical": true, "jFixType": "NoFixNeeded", "jId": "TRAJ30*01", "jStart": 6, "vCanonical": true, "vEnd": 4, "vFixType": "NoFixNeeded", "vId": "TRAV14/DV4*01"}	0
6545	TRA	CAYRSALSDGNKLVF	TRAV38-1*01	TRAJ47*01	HomoSapiens	HLA-E*01:03	B2M	MHCI	VMTTVLATL	Rv1734c	M.tuberculosis	PMID:38439958	{"identification": "tetramer-sort", "frequency": "", "singlecell": "", "sequencing": "sanger", "verification": ""}	{"study.id": "", "cell.subset": "CD8+", "subject.cohort": "LTBI", "subject.id": "", "replica.id": "", "clone.id": "", "epitope.id": "", "tissue": "PBMC", "donor.MHC": "", "donor.MHC.method": "", "structure.id": "", "samples.found": 1, "studies.found": 1}	{"cdr3": "CAYRSALSDGNKLVF", "cdr3_old": "CAYRSALSDGNKLVF", "fixNeeded": false, "good": true, "jCanonical": true, "jFixType": "NoFixNeeded", "jId": "TRAJ47*01", "jStart": 9, "vCanonical": true, "vEnd": 2, "vFixType": "NoFixNeeded", "vId": "TRAV38-1*01"}	0
6546	TRA	CLVGYIYNGGFKTIF	TRAV4*01	TRAJ9*01	HomoSapiens	HLA-E*01:03	B2M	MHCI	VMTTVLATL	Rv1734c	M.tuberculosis	PMID:38439958	{"identification": "tetramer-sort", "frequency": "", "singlecell": "", "sequencing": "sanger", "verification": ""}	{"study.id": "", "cell.subset": "CD8+", "subject.cohort": "LTBI", "subject.id": "", "replica.id": "", "clone.id": "", "epitope.id": "", "tissue": "PBMC", "donor.MHC": "", "donor.MHC.method": "", "structure.id": "", "samples.found": 1, "studies.found": 1}	{"cdr3": "CLVGYIYNGGFKTIF", "cdr3_old": "CLVGYIYNGGFKTIF", "fixNeeded": false, "good": true, "jCanonical": true, "jFixType": "NoFixNeeded", "jId": "TRAJ9*01", "jStart": 8, "vCanonical": true, "vEnd": 4, "vFixType": "NoFixNeeded", "vId": "TRAV4*01"}	0
6547	TRA	CAMSAVTAGGTSYGKLTF	TRAV14/DV4*01	TRAJ52*01	HomoSapiens	HLA-E*01:03	B2M	MHCI	VMTTVLATL	Rv1734c	M.tuberculosis	PMID:38439958	{"identification": "tetramer-sort", "frequency": "", "singlecell": "", "sequencing": "sanger", "verification": ""}	{"study.id": "", "cell.subset": "CD8+", "subject.cohort": "LTBI", "subject.id": "", "replica.id": "", "clone.id": "", "epitope.id": "", "tissue": "PBMC", "donor.MHC": "", "donor.MHC.method": "", "structure.id": "", "samples.found": 1, "studies.found": 1}	{"cdr3": "CAMSAVTAGGTSYGKLTF", "cdr3_old": "CAMSAVTAGGTSYGKLTF", "fixNeeded": false, "good": true, "jCanonical": true, "jFixType": "NoFixNeeded", "jId": "TRAJ52*01", "jStart": 7, "vCanonical": true, "vEnd": 3, "vFixType": "NoFixNeeded", "vId": "TRAV14/DV4*01"}	0
6548	TRA	CASHMNNARLMF	TRAV38-1*01	TRAJ31*01	HomoSapiens	HLA-E*01:03	B2M	MHCI	VMTTVLATL	Rv1734c	M.tuberculosis	PMID:38439958	{"identification": "tetramer-sort", "frequency": "", "singlecell": "", "sequencing": "sanger", "verification": ""}	{"study.id": "", "cell.subset": "CD8+", "subject.cohort": "LTBI", "subject.id": "", "replica.id": "", "clone.id": "", "epitope.id": "", "tissue": "PBMC", "donor.MHC": "", "donor.MHC.method": "", "structure.id": "", "samples.found": 1, "studies.found": 1}	{"cdr3": "CASHMNNARLMF", "cdr3_old": "CASHMNNARLMF", "fixNeeded": false, "good": true, "jCanonical": true, "jFixType": "NoFixNeeded", "jId": "TRAJ31*01", "jStart": 5, "vCanonical": true, "vEnd": 2, "vFixType": "NoFixNeeded", "vId": "TRAV38-1*01"}	0
6549	TRA	CAMREPLSGAGSYQLTF	TRAV14/DV4*01	TRAJ28*01	HomoSapiens	HLA-E*01:03	B2M	MHCI	VMTTVLATL	Rv1734c	M.tuberculosis	PMID:38439958	{"identification": "tetramer-sort", "frequency": "", "singlecell": "", "sequencing": "sanger", "verification": ""}	{"study.id": "", "cell.subset": "CD8+", "subject.cohort": "LTBI", "subject.id": "", "replica.id": "", "clone.id": "", "epitope.id": "", "tissue": "PBMC", "donor.MHC": "", "donor.MHC.method": "", "structure.id": "", "samples.found": 1, "studies.found": 1}	{"cdr3": "CAMREPLSGAGSYQLTF", "cdr3_old": "CAMREPLSGAGSYQLTF", "fixNeeded": false, "good": true, "jCanonical": true, "jFixType": "NoFixNeeded", "jId": "TRAJ28*01", "jStart": 7, "vCanonical": true, "vEnd": 5, "vFixType": "NoFixNeeded", "vId": "TRAV14/DV4*01"}	0
6550	TRA	CAEILYSSASKIIF	TRAV5*01	TRAJ3*01	HomoSapiens	HLA-E*01:03	B2M	MHCI	VMTTVLATL	Rv1734c	M.tuberculosis	PMID:38439958	{"identification": "tetramer-sort", "frequency": "", "singlecell": "", "sequencing": "sanger", "verification": ""}	{"study.id": "", "cell.subset": "CD8+", "subject.cohort": "LTBI", "subject.id": "", "replica.id": "", "clone.id": "", "epitope.id": "", "tissue": "PBMC", "donor.MHC": "", "donor.MHC.method": "", "structure.id": "", "samples.found": 1, "studies.found": 1}	{"cdr3": "CAEILYSSASKIIF", "cdr3_old": "CAEILYSSASKIIF", "fixNeeded": false, "good": true, "jCanonical": true, "jFixType": "NoFixNeeded", "jId": "TRAJ3*01", "jStart": 5, "vCanonical": true, "vEnd": 3, "vFixType": "NoFixNeeded", "vId": "TRAV5*01"}	0
6551	TRA	CAEISDSSASKIIF	TRAV5*01	TRAJ3*01	HomoSapiens	HLA-E*01:03	B2M	MHCI	VMTTVLATL	Rv1734c	M.tuberculosis	PMID:38439958	{"identification": "tetramer-sort", "frequency": "", "singlecell": "", "sequencing": "sanger", "verification": ""}	{"study.id": "", "cell.subset": "CD8+", "subject.cohort": "LTBI", "subject.id": "", "replica.id": "", "clone.id": "", "epitope.id": "", "tissue": "PBMC", "donor.MHC": "", "donor.MHC.method": "", "structure.id": "", "samples.found": 1, "studies.found": 1}	{"cdr3": "CAEISDSSASKIIF", "cdr3_old": "CAEISDSSASKIIF", "fixNeeded": false, "good": true, "jCanonical": true, "jFixType": "NoFixNeeded", "jId": "TRAJ3*01", "jStart": 6, "vCanonical": true, "vEnd": 3, "vFixType": "NoFixNeeded", "vId": "TRAV5*01"}	0
6552	TRA	CAVYSGGSQGNLIF	TRAV8-6*01	TRAJ42*01	HomoSapiens	HLA-E*01:03	B2M	MHCI	VMTTVLATL	Rv1734c	M.tuberculosis	PMID:38439958	{"identification": "tetramer-sort", "frequency": "", "singlecell": "", "sequencing": "sanger", "verification": ""}	{"study.id": "", "cell.subset": "CD8+", "subject.cohort": "LTBI", "subject.id": "", "replica.id": "", "clone.id": "", "epitope.id": "", "tissue": "PBMC", "donor.MHC": "", "donor.MHC.method": "", "structure.id": "", "samples.found": 1, "studies.found": 1}	{"cdr3": "CAVYSGGSQGNLIF", "cdr3_old": "CAVYSGGSQGNLIF", "fixNeeded": false, "good": true, "jCanonical": true, "jFixType": "NoFixNeeded", "jId": "TRAJ42*01", "jStart": 5, "vCanonical": true, "vEnd": 3, "vFixType": "NoFixNeeded", "vId": "TRAV8-6*01"}	0
6553	TRA	CAYYRGNEKLTF	TRAV38-1*01	TRAJ48*01	HomoSapiens	HLA-E*01:03	B2M	MHCI	VMTTVLATL	Rv1734c	M.tuberculosis	PMID:38439958	{"identification": "tetramer-sort", "frequency": "", "singlecell": "", "sequencing": "sanger", "verification": ""}	{"study.id": "", "cell.subset": "CD8+", "subject.cohort": "LTBI", "subject.id": "", "replica.id": "", "clone.id": "", "epitope.id": "", "tissue": "PBMC", "donor.MHC": "", "donor.MHC.method": "", "structure.id": "", "samples.found": 1, "studies.found": 1}	{"cdr3": "CAYYRGNEKLTF", "cdr3_old": "CAYYRGNEKLTF", "fixNeeded": false, "good": true, "jCanonical": true, "jFixType": "NoFixNeeded", "jId": "TRAJ48*01", "jStart": 5, "vCanonical": true, "vEnd": 2, "vFixType": "NoFixNeeded", "vId": "TRAV38-1*01"}	0
6554	TRA	CAENMVSNDYKLSF	TRAV13-2*01	TRAJ20*01	HomoSapiens	HLA-E*01:03	B2M	MHCI	VMTTVLATL	Rv1734c	M.tuberculosis	PMID:38439958	{"identification": "tetramer-sort", "frequency": "", "singlecell": "", "sequencing": "sanger", "verification": ""}	{"study.id": "", "cell.subset": "CD8+", "subject.cohort": "LTBI", "subject.id": "", "replica.id": "", "clone.id": "", "epitope.id": "", "tissue": "PBMC", "donor.MHC": "", "donor.MHC.method": "", "structure.id": "", "samples.found": 1, "studies.found": 1}	{"cdr3": "CAENMVSNDYKLSF", "cdr3_old": "CAENMVSNDYKLSF", "fixNeeded": false, "good": true, "jCanonical": true, "jFixType": "NoFixNeeded", "jId": "TRAJ20*01", "jStart": 6, "vCanonical": true, "vEnd": 4, "vFixType": "NoFixNeeded", "vId": "TRAV13-2*01"}	0
6555	TRA	CAENMVSNDYKLSF	TRAV13-2*01	TRAJ20*01	HomoSapiens	HLA-E*01:03	B2M	MHCI	VMTTVLATL	Rv1734c	M.tuberculosis	PMID:38439958	{"identification": "tetramer-sort", "frequency": "", "singlecell": "", "sequencing": "sanger", "verification": ""}	{"study.id": "", "cell.subset": "CD8+", "subject.cohort": "LTBI", "subject.id": "", "replica.id": "", "clone.id": "", "epitope.id": "", "tissue": "PBMC", "donor.MHC": "", "donor.MHC.method": "", "structure.id": "", "samples.found": 1, "studies.found": 1}	{"cdr3": "CAENMVSNDYKLSF", "cdr3_old": "CAENMVSNDYKLSF", "fixNeeded": false, "good": true, "jCanonical": true, "jFixType": "NoFixNeeded", "jId": "TRAJ20*01", "jStart": 6, "vCanonical": true, "vEnd": 4, "vFixType": "NoFixNeeded", "vId": "TRAV13-2*01"}	0
6556	TRA	CAATTLVGNQFYF	TRAV29/DV5*01	TRAJ49*01	HomoSapiens	HLA-E*01:03	B2M	MHCI	VMTTVLATL	Rv1734c	M.tuberculosis	PMID:38439958	{"identification": "tetramer-sort", "frequency": "", "singlecell": "", "sequencing": "sanger", "verification": ""}	{"study.id": "", "cell.subset": "CD8+", "subject.cohort": "LTBI", "subject.id": "", "replica.id": "", "clone.id": "", "epitope.id": "", "tissue": "PBMC", "donor.MHC": "", "donor.MHC.method": "", "structure.id": "", "samples.found": 1, "studies.found": 1}	{"cdr3": "CAATTLVGNQFYF", "cdr3_old": "CAATTLVGNQFYF", "fixNeeded": false, "good": true, "jCanonical": true, "jFixType": "NoFixNeeded", "jId": "TRAJ49*01", "jStart": 7, "vCanonical": true, "vEnd": 3, "vFixType": "NoFixNeeded", "vId": "TRAV29/DV5*01"}	0
6558	TRA	CAVHSKTGANNLFF	TRAV1-2*01	TRAJ36*01	HomoSapiens	HLA-E*01:03	B2M	MHCI	VMTTVLATL	Rv1734c	M.tuberculosis	PMID:38439958	{"identification": "tetramer-sort", "frequency": "", "singlecell": "", "sequencing": "sanger", "verification": ""}	{"study.id": "", "cell.subset": "CD8+", "subject.cohort": "LTBI", "subject.id": "", "replica.id": "", "clone.id": "", "epitope.id": "", "tissue": "PBMC", "donor.MHC": "", "donor.MHC.method": "", "structure.id": "", "samples.found": 1, "studies.found": 1}	{"cdr3": "CAVHSKTGANNLFF", "cdr3_old": "CAVHSKTGANNLFF", "fixNeeded": false, "good": true, "jCanonical": true, "jFixType": "NoFixNeeded", "jId": "TRAJ36*01", "jStart": 6, "vCanonical": true, "vEnd": 3, "vFixType": "NoFixNeeded", "vId": "TRAV1-2*01"}	0
6559	TRA	TTDSWGKFEF	TRAV1-1*01	TRAJ24*01	HomoSapiens	HLA-E*01:03	B2M	MHCI	VMTTVLATL	Rv1734c	M.tuberculosis	PMID:38439958	{"identification": "tetramer-sort", "frequency": "", "singlecell": "", "sequencing": "sanger", "verification": ""}	{"study.id": "", "cell.subset": "CD8+", "subject.cohort": "LTBI", "subject.id": "", "replica.id": "", "clone.id": "", "epitope.id": "", "tissue": "PBMC", "donor.MHC": "", "donor.MHC.method": "", "structure.id": "", "samples.found": 1, "studies.found": 1}	{"cdr3": "TTDSWGKFEF", "cdr3_old": "CARTDSWGKLQF", "fixNeeded": true, "good": false, "jCanonical": true, "jFixType": "FailedReplace", "jId": "TRAJ24*01", "jStart": -1, "vCanonical": false, "vEnd": 2, "vFixType": "NoFixNeeded", "vId": "TRAV1-1*01"}	0
6560	TRA	CAVRDSNYQLIW	TRAV1-2*01	TRAJ33*01	HomoSapiens	HLA-E*01:03	B2M	MHCI	VMTTVLATL	Rv1734c	M.tuberculosis	PMID:38439958	{"identification": "tetramer-sort", "frequency": "", "singlecell": "", "sequencing": "sanger", "verification": ""}	{"study.id": "", "cell.subset": "CD8+", "subject.cohort": "LTBI", "subject.id": "", "replica.id": "", "clone.id": "", "epitope.id": "", "tissue": "PBMC", "donor.MHC": "", "donor.MHC.method": "", "structure.id": "", "samples.found": 1, "studies.found": 1}	{"cdr3": "CAVRDSNYQLIW", "cdr3_old": "CAVRDSNYQLIW", "fixNeeded": false, "good": true, "jCanonical": true, "jFixType": "NoFixNeeded", "jId": "TRAJ33*01", "jStart": 4, "vCanonical": true, "vEnd": 4, "vFixType": "NoFixNeeded", "vId": "TRAV1-2*01"}	0
6561	TRA	CAVSGNAGNQFYF	TRAV8-6*01	TRAJ49*01	HomoSapiens	HLA-E*01:03	B2M	MHCI	VMTTVLATL	Rv1734c	M.tuberculosis	PMID:38439958	{"identification": "tetramer-sort", "frequency": "", "singlecell": "", "sequencing": "sanger", "verification": ""}	{"study.id": "", "cell.subset": "CD8+", "subject.cohort": "LTBI", "subject.id": "", "replica.id": "", "clone.id": "", "epitope.id": "", "tissue": "PBMC", "donor.MHC": "", "donor.MHC.method": "", "structure.id": "", "samples.found": 1, "studies.found": 1}	{"cdr3": "CAVSGNAGNQFYF", "cdr3_old": "CAVSGNAGNQFYF", "fixNeeded": false, "good": true, "jCanonical": true, "jFixType": "NoFixNeeded", "jId": "TRAJ49*01", "jStart": 7, "vCanonical": true, "vEnd": 4, "vFixType": "NoFixNeeded", "vId": "TRAV8-6*01"}	0
6562	TRA	CAEMEDSSYKLIF	TRAV13-2*01	TRAJ12*01	HomoSapiens	HLA-E*01:03	B2M	MHCI	VMTTVLATL	Rv1734c	M.tuberculosis	PMID:38439958	{"identification": "tetramer-sort", "frequency": "", "singlecell": "", "sequencing": "sanger", "verification": ""}	{"study.id": "", "cell.subset": "CD8+", "subject.cohort": "LTBI", "subject.id": "", "replica.id": "", "clone.id": "", "epitope.id": "", "tissue": "PBMC", "donor.MHC": "", "donor.MHC.method": "", "structure.id": "", "samples.found": 1, "studies.found": 1}	{"cdr3": "CAEMEDSSYKLIF", "cdr3_old": "CAEMEDSSYKLIF", "fixNeeded": false, "good": true, "jCanonical": true, "jFixType": "NoFixNeeded", "jId": "TRAJ12*01", "jStart": 5, "vCanonical": true, "vEnd": 3, "vFixType": "NoFixNeeded", "vId": "TRAV13-2*01"}	0
6563	TRA	CIPSFGNEKLTF	TRAV26-2*01	TRAJ48*01	HomoSapiens	HLA-E*01:03	B2M	MHCI	VMTTVLATL	Rv1734c	M.tuberculosis	PMID:38439958	{"identification": "tetramer-sort", "frequency": "", "singlecell": "", "sequencing": "sanger", "verification": ""}	{"study.id": "", "cell.subset": "CD8+", "subject.cohort": "LTBI", "subject.id": "", "replica.id": "", "clone.id": "", "epitope.id": "", "tissue": "PBMC", "donor.MHC": "", "donor.MHC.method": "", "structure.id": "", "samples.found": 1, "studies.found": 1}	{"cdr3": "CIPSFGNEKLTF", "cdr3_old": "CIPSFGNEKLTF", "fixNeeded": false, "good": true, "jCanonical": true, "jFixType": "NoFixNeeded", "jId": "TRAJ48*01", "jStart": 4, "vCanonical": true, "vEnd": 2, "vFixType": "NoFixNeeded", "vId": "TRAV26-2*01"}	0
6564	TRA	CALRRNTGFQKLVF	TRAV1-2*01	TRAJ8*01	HomoSapiens	HLA-E*01:03	B2M	MHCI	VMTTVLATL	Rv1734c	M.tuberculosis	PMID:38439958	{"identification": "tetramer-sort", "frequency": "", "singlecell": "", "sequencing": "sanger", "verification": ""}	{"study.id": "", "cell.subset": "CD8+", "subject.cohort": "LTBI", "subject.id": "", "replica.id": "", "clone.id": "", "epitope.id": "", "tissue": "PBMC", "donor.MHC": "", "donor.MHC.method": "", "structure.id": "", "samples.found": 1, "studies.found": 1}	{"cdr3": "CALRRNTGFQKLVF", "cdr3_old": "CALRRNTGFQKLVF", "fixNeeded": false, "good": true, "jCanonical": true, "jFixType": "NoFixNeeded", "jId": "TRAJ8*01", "jStart": 5, "vCanonical": true, "vEnd": 2, "vFixType": "NoFixNeeded", "vId": "TRAV1-2*01"}	0
6565	TRA	CALIRNTGGFKTIF	TRAV4*01	TRAJ9*01	HomoSapiens	HLA-E*01:03	B2M	MHCI	VMTTVLATL	Rv1734c	M.tuberculosis	PMID:38439958	{"identification": "tetramer-sort", "frequency": "", "singlecell": "", "sequencing": "sanger", "verification": ""}	{"study.id": "", "cell.subset": "CD8+", "subject.cohort": "LTBI", "subject.id": "", "replica.id": "", "clone.id": "", "epitope.id": "", "tissue": "PBMC", "donor.MHC": "", "donor.MHC.method": "", "structure.id": "", "samples.found": 1, "studies.found": 1}	{"cdr3": "CALIRNTGGFKTIF", "cdr3_old": "CALIRNTGGFKTIF", "fixNeeded": false, "good": false, "jCanonical": true, "jFixType": "NoFixNeeded", "jId": "TRAJ9*01", "jStart": 5, "vCanonical": true, "vEnd": -1, "vFixType": "FailedNoAlignment", "vId": "TRAV4*01"}	0
6566	TRA	GNTGGFKTIF	TRAV9-2*01	TRAJ9*01	HomoSapiens	HLA-E*01:03	B2M	MHCI	VMTTVLATL	Rv1734c	M.tuberculosis	PMID:38439958	{"identification": "tetramer-sort", "frequency": "", "singlecell": "", "sequencing": "sanger", "verification": ""}	{"study.id": "", "cell.subset": "CD8+", "subject.cohort": "LTBI", "subject.id": "", "replica.id": "", "clone.id": "", "epitope.id": "", "tissue": "PBMC", "donor.MHC": "", "donor.MHC.method": "", "structure.id": "", "samples.found": 1, "studies.found": 1}	{"cdr3": "GNTGGFKTIF", "cdr3_old": "FAHTLNEGGFRIMF", "fixNeeded": true, "good": false, "jCanonical": true, "jFixType": "FailedReplace", "jId": "TRAJ9*01", "jStart": -1, "vCanonical": false, "vEnd": -1, "vFixType": "FailedNoAlignment", "vId": "TRAV9-2*01"}	0
6567	TRA	CAVMDSNYQLIW	TRAV1-2*01	TRAJ33*01	HomoSapiens	HLA-E*01:03	B2M	MHCI	VMTTVLATL	Rv1734c	M.tuberculosis	PMID:38439958	{"identification": "tetramer-sort", "frequency": "", "singlecell": "", "sequencing": "sanger", "verification": ""}	{"study.id": "", "cell.subset": "CD8+", "subject.cohort": "LTBI", "subject.id": "", "replica.id": "", "clone.id": "", "epitope.id": "", "tissue": "PBMC", "donor.MHC": "", "donor.MHC.method": "", "structure.id": "", "samples.found": 1, "studies.found": 1}	{"cdr3": "CAVMDSNYQLIW", "cdr3_old": "CAVMDSNYQLIW", "fixNeeded": false, "good": true, "jCanonical": true, "jFixType": "NoFixNeeded", "jId": "TRAJ33*01", "jStart": 4, "vCanonical": true, "vEnd": 3, "vFixType": "NoFixNeeded", "vId": "TRAV1-2*01"}	0
6568	TRA	CAGHQQGGSEKLVF	TRAV35*01	TRAJ57*01	HomoSapiens	HLA-E*01:03	B2M	MHCI	VMTTVLATL	Rv1734c	M.tuberculosis	PMID:38439958	{"identification": "tetramer-sort", "frequency": "", "singlecell": "", "sequencing": "sanger", "verification": ""}	{"study.id": "", "cell.subset": "CD8+", "subject.cohort": "LTBI", "subject.id": "", "replica.id": "", "clone.id": "", "epitope.id": "", "tissue": "PBMC", "donor.MHC": "", "donor.MHC.method": "", "structure.id": "", "samples.found": 1, "studies.found": 1}	{"cdr3": "CAGHQQGGSEKLVF", "cdr3_old": "CAGHQQGGSEKLVF", "fixNeeded": false, "good": true, "jCanonical": true, "jFixType": "NoFixNeeded", "jId": "TRAJ57*01", "jStart": 5, "vCanonical": true, "vEnd": 3, "vFixType": "NoFixNeeded", "vId": "TRAV35*01"}	0
6569	TRA	CATDAHSGGGADGLTF	TRAV17*01	TRAJ45*01	HomoSapiens	HLA-E*01:03	B2M	MHCI	VMTTVLATL	Rv1734c	M.tuberculosis	PMID:38439958	{"identification": "tetramer-sort", "frequency": "", "singlecell": "", "sequencing": "sanger", "verification": ""}	{"study.id": "", "cell.subset": "CD8+", "subject.cohort": "LTBI", "subject.id": "", "replica.id": "", "clone.id": "", "epitope.id": "", "tissue": "PBMC", "donor.MHC": "", "donor.MHC.method": "", "structure.id": "", "samples.found": 1, "studies.found": 1}	{"cdr3": "CATDAHSGGGADGLTF", "cdr3_old": "CATDAHSGGGADGLTF", "fixNeeded": false, "good": true, "jCanonical": true, "jFixType": "NoFixNeeded", "jId": "TRAJ45*01", "jStart": 6, "vCanonical": true, "vEnd": 4, "vFixType": "NoFixNeeded", "vId": "TRAV17*01"}	0
6571	TRA	CAMGDSNYQLIW	TRAV12-3*01	TRAJ33*01	HomoSapiens	HLA-E*01:03	B2M	MHCI	VMTTVLATL	Rv1734c	M.tuberculosis	PMID:38439958	{"identification": "tetramer-sort", "frequency": "", "singlecell": "", "sequencing": "sanger", "verification": ""}	{"study.id": "", "cell.subset": "CD8+", "subject.cohort": "LTBI", "subject.id": "", "replica.id": "", "clone.id": "", "epitope.id": "", "tissue": "PBMC", "donor.MHC": "", "donor.MHC.method": "", "structure.id": "", "samples.found": 1, "studies.found": 1}	{"cdr3": "CAMGDSNYQLIW", "cdr3_old": "CAMGDSNYQLIW", "fixNeeded": false, "good": true, "jCanonical": true, "jFixType": "NoFixNeeded", "jId": "TRAJ33*01", "jStart": 4, "vCanonical": true, "vEnd": 3, "vFixType": "NoFixNeeded", "vId": "TRAV12-3*01"}	0
6572	TRA	CALLTGGGADGLTF	TRAV9-2*01	TRAJ45*01	HomoSapiens	HLA-E*01:03	B2M	MHCI	VMTTVLATL	Rv1734c	M.tuberculosis	PMID:38439958	{"identification": "tetramer-sort", "frequency": "", "singlecell": "", "sequencing": "sanger", "verification": ""}	{"study.id": "", "cell.subset": "CD8+", "subject.cohort": "LTBI", "subject.id": "", "replica.id": "", "clone.id": "", "epitope.id": "", "tissue": "PBMC", "donor.MHC": "", "donor.MHC.method": "", "structure.id": "", "samples.found": 1, "studies.found": 1}	{"cdr3": "CALLTGGGADGLTF", "cdr3_old": "CALLTGGGADGLTF", "fixNeeded": false, "good": true, "jCanonical": true, "jFixType": "NoFixNeeded", "jId": "TRAJ45*01", "jStart": 5, "vCanonical": true, "vEnd": 3, "vFixType": "NoFixNeeded", "vId": "TRAV9-2*01"}	0
6573	TRA	CALLTGGGADGLTF	TRAV9-2*01	TRAJ45*01	HomoSapiens	HLA-E*01:03	B2M	MHCI	VMTTVLATL	Rv1734c	M.tuberculosis	PMID:38439958	{"identification": "tetramer-sort", "frequency": "", "singlecell": "", "sequencing": "sanger", "verification": ""}	{"study.id": "", "cell.subset": "CD8+", "subject.cohort": "LTBI", "subject.id": "", "replica.id": "", "clone.id": "", "epitope.id": "", "tissue": "PBMC", "donor.MHC": "", "donor.MHC.method": "", "structure.id": "", "samples.found": 1, "studies.found": 1}	{"cdr3": "CALLTGGGADGLTF", "cdr3_old": "CALLTGGGADGLTF", "fixNeeded": false, "good": true, "jCanonical": true, "jFixType": "NoFixNeeded", "jId": "TRAJ45*01", "jStart": 5, "vCanonical": true, "vEnd": 3, "vFixType": "NoFixNeeded", "vId": "TRAV9-2*01"}	0
6574	TRA	CIVWDGTSYGKLTF	TRAV26-1*01	TRAJ52*01	HomoSapiens	HLA-E*01:03	B2M	MHCI	VMTTVLATL	Rv1734c	M.tuberculosis	PMID:38439958	{"identification": "tetramer-sort", "frequency": "", "singlecell": "", "sequencing": "sanger", "verification": ""}	{"study.id": "", "cell.subset": "CD8+", "subject.cohort": "LTBI", "subject.id": "", "replica.id": "", "clone.id": "", "epitope.id": "", "tissue": "PBMC", "donor.MHC": "", "donor.MHC.method": "", "structure.id": "", "samples.found": 1, "studies.found": 1}	{"cdr3": "CIVWDGTSYGKLTF", "cdr3_old": "CIVWDGTSYGKLTF", "fixNeeded": false, "good": true, "jCanonical": true, "jFixType": "NoFixNeeded", "jId": "TRAJ52*01", "jStart": 5, "vCanonical": true, "vEnd": 3, "vFixType": "NoFixNeeded", "vId": "TRAV26-1*01"}	0
6575	TRA	CAASFLPGAQKLVF	TRAV29/DV5*01	TRAJ54*01	HomoSapiens	HLA-E*01:03	B2M	MHCI	VMTTVLATL	Rv1734c	M.tuberculosis	PMID:38439958	{"identification": "tetramer-sort", "frequency": "", "singlecell": "", "sequencing": "sanger", "verification": ""}	{"study.id": "", "cell.subset": "CD8+", "subject.cohort": "LTBI", "subject.id": "", "replica.id": "", "clone.id": "", "epitope.id": "", "tissue": "PBMC", "donor.MHC": "", "donor.MHC.method": "", "structure.id": "", "samples.found": 1, "studies.found": 1}	{"cdr3": "CAASFLPGAQKLVF", "cdr3_old": "CAASFLPGAQKLVF", "fixNeeded": false, "good": true, "jCanonical": true, "jFixType": "NoFixNeeded", "jId": "TRAJ54*01", "jStart": 7, "vCanonical": true, "vEnd": 4, "vFixType": "NoFixNeeded", "vId": "TRAV29/DV5*01"}	0
6576	TRA	CGTGVLNKFYF	TRAV9-2*01	TRAJ21*01	HomoSapiens	HLA-E*01:03	B2M	MHCI	VMTTVLATL	Rv1734c	M.tuberculosis	PMID:38439958	{"identification": "tetramer-sort", "frequency": "", "singlecell": "", "sequencing": "sanger", "verification": ""}	{"study.id": "", "cell.subset": "CD8+", "subject.cohort": "LTBI", "subject.id": "", "replica.id": "", "clone.id": "", "epitope.id": "", "tissue": "PBMC", "donor.MHC": "", "donor.MHC.method": "", "structure.id": "", "samples.found": 1, "studies.found": 1}	{"cdr3": "CGTGVLNKFYF", "cdr3_old": "CGTGVLNKFYF", "fixNeeded": false, "good": false, "jCanonical": true, "jFixType": "NoFixNeeded", "jId": "TRAJ21*01", "jStart": 6, "vCanonical": true, "vEnd": -1, "vFixType": "FailedNoAlignment", "vId": "TRAV9-2*01"}	0
6577	TRA	CAAPYGGSQGNLIF	TRAV20*01	TRAJ42*01	HomoSapiens	HLA-E*01:03	B2M	MHCI	VMTTVLATL	Rv1734c	M.tuberculosis	PMID:38439958	{"identification": "tetramer-sort", "frequency": "", "singlecell": "", "sequencing": "sanger", "verification": ""}	{"study.id": "", "cell.subset": "CD8+", "subject.cohort": "LTBI", "subject.id": "", "replica.id": "", "clone.id": "", "epitope.id": "", "tissue": "PBMC", "donor.MHC": "", "donor.MHC.method": "", "structure.id": "", "samples.found": 1, "studies.found": 1}	{"cdr3": "CAAPYGGSQGNLIF", "cdr3_old": "CAAPYGGSQGNLIF", "fixNeeded": false, "good": true, "jCanonical": true, "jFixType": "NoFixNeeded", "jId": "TRAJ42*01", "jStart": 4, "vCanonical": true, "vEnd": 2, "vFixType": "NoFixNeeded", "vId": "TRAV20*01"}	0
6578	TRA	CAMREVIYNFNKFYF	TRAV14/DV4*01	TRAJ21*01	HomoSapiens	HLA-E*01:03	B2M	MHCI	VMTTVLATL	Rv1734c	M.tuberculosis	PMID:38439958	{"identification": "tetramer-sort", "frequency": "", "singlecell": "", "sequencing": "sanger", "verification": ""}	{"study.id": "", "cell.subset": "CD8+", "subject.cohort": "LTBI", "subject.id": "", "replica.id": "", "clone.id": "", "epitope.id": "", "tissue": "PBMC", "donor.MHC": "", "donor.MHC.method": "", "structure.id": "", "samples.found": 1, "studies.found": 1}	{"cdr3": "CAMREVIYNFNKFYF", "cdr3_old": "CAMREVIYNFNKFYF", "fixNeeded": false, "good": true, "jCanonical": true, "jFixType": "NoFixNeeded", "jId": "TRAJ21*01", "jStart": 7, "vCanonical": true, "vEnd": 5, "vFixType": "NoFixNeeded", "vId": "TRAV14/DV4*01"}	0
6579	TRA	CAVMDSNYQLIW	TRAV1-2*01	TRAJ33*01	HomoSapiens	HLA-E*01:03	B2M	MHCI	VMTTVLATL	Rv1734c	M.tuberculosis	PMID:38439958	{"identification": "tetramer-sort", "frequency": "", "singlecell": "", "sequencing": "sanger", "verification": ""}	{"study.id": "", "cell.subset": "CD8+", "subject.cohort": "LTBI", "subject.id": "", "replica.id": "", "clone.id": "", "epitope.id": "", "tissue": "PBMC", "donor.MHC": "", "donor.MHC.method": "", "structure.id": "", "samples.found": 1, "studies.found": 1}	{"cdr3": "CAVMDSNYQLIW", "cdr3_old": "CAVMDSNYQLIW", "fixNeeded": false, "good": true, "jCanonical": true, "jFixType": "NoFixNeeded", "jId": "TRAJ33*01", "jStart": 4, "vCanonical": true, "vEnd": 3, "vFixType": "NoFixNeeded", "vId": "TRAV1-2*01"}	0
6580	TRA	CAEKGALDNAGNMLTF	TRAV13-2*01	TRAJ39*01	HomoSapiens	HLA-E*01:03	B2M	MHCI	VMTTVLATL	Rv1734c	M.tuberculosis	PMID:38439958	{"identification": "tetramer-sort", "frequency": "", "singlecell": "", "sequencing": "sanger", "verification": ""}	{"study.id": "", "cell.subset": "CD8+", "subject.cohort": "LTBI", "subject.id": "", "replica.id": "", "clone.id": "", "epitope.id": "", "tissue": "PBMC", "donor.MHC": "", "donor.MHC.method": "", "structure.id": "", "samples.found": 1, "studies.found": 1}	{"cdr3": "CAEKGALDNAGNMLTF", "cdr3_old": "CAEKGALDNAGNMLTF", "fixNeeded": false, "good": true, "jCanonical": true, "jFixType": "NoFixNeeded", "jId": "TRAJ39*01", "jStart": 8, "vCanonical": true, "vEnd": 3, "vFixType": "NoFixNeeded", "vId": "TRAV13-2*01"}	0
6581	TRA	CAVRDDSNYQLIW	TRAV1-2*01	TRAJ33*01	HomoSapiens	HLA-E*01:03	B2M	MHCI	VMTTVLATL	Rv1734c	M.tuberculosis	PMID:38439958	{"identification": "tetramer-sort", "frequency": "", "singlecell": "", "sequencing": "sanger", "verification": ""}	{"study.id": "", "cell.subset": "CD8+", "subject.cohort": "LTBI", "subject.id": "", "replica.id": "", "clone.id": "", "epitope.id": "", "tissue": "PBMC", "donor.MHC": "", "donor.MHC.method": "", "structure.id": "", "samples.found": 1, "studies.found": 1}	{"cdr3": "CAVRDDSNYQLIW", "cdr3_old": "CAVRDDSNYQLIW", "fixNeeded": false, "good": true, "jCanonical": true, "jFixType": "NoFixNeeded", "jId": "TRAJ33*01", "jStart": 5, "vCanonical": true, "vEnd": 4, "vFixType": "NoFixNeeded", "vId": "TRAV1-2*01"}	0
6582	TRA	CAVSAMTQFYF	TRAV8-4*01	TRAJ49*01	HomoSapiens	HLA-E*01:03	B2M	MHCI	VMTTVLATL	Rv1734c	M.tuberculosis	PMID:38439958	{"identification": "tetramer-sort", "frequency": "", "singlecell": "", "sequencing": "sanger", "verification": ""}	{"study.id": "", "cell.subset": "CD8+", "subject.cohort": "LTBI", "subject.id": "", "replica.id": "", "clone.id": "", "epitope.id": "", "tissue": "PBMC", "donor.MHC": "", "donor.MHC.method": "", "structure.id": "", "samples.found": 1, "studies.found": 1}	{"cdr3": "CAVSAMTQFYF", "cdr3_old": "CAVSAMTQFYF", "fixNeeded": false, "good": true, "jCanonical": true, "jFixType": "NoFixNeeded", "jId": "TRAJ49*01", "jStart": 7, "vCanonical": true, "vEnd": 4, "vFixType": "NoFixNeeded", "vId": "TRAV8-4*01"}	0
6583	TRA	CVVTSNTGKLIF	TRAV8-2*01	TRAJ37*01	HomoSapiens	HLA-E*01:03	B2M	MHCI	VMTTVLATL	Rv1734c	M.tuberculosis	PMID:38439958	{"identification": "tetramer-sort", "frequency": "", "singlecell": "", "sequencing": "sanger", "verification": ""}	{"study.id": "", "cell.subset": "CD8+", "subject.cohort": "LTBI", "subject.id": "", "replica.id": "", "clone.id": "", "epitope.id": "", "tissue": "PBMC", "donor.MHC": "", "donor.MHC.method": "", "structure.id": "", "samples.found": 1, "studies.found": 1}	{"cdr3": "CVVTSNTGKLIF", "cdr3_old": "CVVTSNTGKLIF", "fixNeeded": false, "good": true, "jCanonical": true, "jFixType": "NoFixNeeded", "jId": "TRAJ37*01", "jStart": 5, "vCanonical": true, "vEnd": 3, "vFixType": "NoFixNeeded", "vId": "TRAV8-2*01"}	0
6584	TRA	CLVGAALSGGYNKLIF	TRAV4*01	TRAJ4*01	HomoSapiens	HLA-E*01:03	B2M	MHCI	VMTTVLATL	Rv1734c	M.tuberculosis	PMID:38439958	{"identification": "tetramer-sort", "frequency": "", "singlecell": "", "sequencing": "sanger", "verification": ""}	{"study.id": "", "cell.subset": "CD8+", "subject.cohort": "LTBI", "subject.id": "", "replica.id": "", "clone.id": "", "epitope.id": "", "tissue": "PBMC", "donor.MHC": "", "donor.MHC.method": "", "structure.id": "", "samples.found": 1, "studies.found": 1}	{"cdr3": "CLVGAALSGGYNKLIF", "cdr3_old": "CLVGAALSGGYNKLIF", "fixNeeded": false, "good": true, "jCanonical": true, "jFixType": "NoFixNeeded", "jId": "TRAJ4*01", "jStart": 7, "vCanonical": true, "vEnd": 4, "vFixType": "NoFixNeeded", "vId": "TRAV4*01"}	0
6585	TRA	CIVRIPTF	TRAV26-1*01	TRAJ6*01	HomoSapiens	HLA-E*01:03	B2M	MHCI	VMTTVLATL	Rv1734c	M.tuberculosis	PMID:38439958	{"identification": "tetramer-sort", "frequency": "", "singlecell": "", "sequencing": "sanger", "verification": ""}	{"study.id": "", "cell.subset": "CD8+", "subject.cohort": "LTBI", "subject.id": "", "replica.id": "", "clone.id": "", "epitope.id": "", "tissue": "PBMC", "donor.MHC": "", "donor.MHC.method": "", "structure.id": "", "samples.found": 1, "studies.found": 1}	{"cdr3": "CIVRIPTF", "cdr3_old": "CIVRIPTF", "fixNeeded": false, "good": true, "jCanonical": true, "jFixType": "NoFixNeeded", "jId": "TRAJ6*01", "jStart": 4, "vCanonical": true, "vEnd": 4, "vFixType": "NoFixNeeded", "vId": "TRAV26-1*01"}	0
6586	TRA	CAVRFWGAQKLVF	TRAV12-2*01	TRAJ54*01	HomoSapiens	HLA-E*01:03	B2M	MHCI	VMTTVLATL	Rv1734c	M.tuberculosis	PMID:38439958	{"identification": "tetramer-sort", "frequency": "", "singlecell": "", "sequencing": "sanger", "verification": ""}	{"study.id": "", "cell.subset": "CD8+", "subject.cohort": "LTBI", "subject.id": "", "replica.id": "", "clone.id": "", "epitope.id": "", "tissue": "PBMC", "donor.MHC": "", "donor.MHC.method": "", "structure.id": "", "samples.found": 1, "studies.found": 1}	{"cdr3": "CAVRFWGAQKLVF", "cdr3_old": "CAVRFWGAQKLVF", "fixNeeded": false, "good": true, "jCanonical": true, "jFixType": "NoFixNeeded", "jId": "TRAJ54*01", "jStart": 6, "vCanonical": true, "vEnd": 3, "vFixType": "NoFixNeeded", "vId": "TRAV12-2*01"}	0
6587	TRA	CAPPTANRKLIW	TRAV16*01	TRAJ38*01	HomoSapiens	HLA-E*01:03	B2M	MHCI	VMTTVLATL	Rv1734c	M.tuberculosis	PMID:38439958	{"identification": "tetramer-sort", "frequency": "", "singlecell": "", "sequencing": "sanger", "verification": ""}	{"study.id": "", "cell.subset": "CD8+", "subject.cohort": "LTBI", "subject.id": "", "replica.id": "", "clone.id": "", "epitope.id": "", "tissue": "PBMC", "donor.MHC": "", "donor.MHC.method": "", "structure.id": "", "samples.found": 1, "studies.found": 1}	{"cdr3": "CAPPTANRKLIW", "cdr3_old": "CAPPTANRKLIW", "fixNeeded": false, "good": true, "jCanonical": true, "jFixType": "NoFixNeeded", "jId": "TRAJ38*01", "jStart": 6, "vCanonical": true, "vEnd": 2, "vFixType": "NoFixNeeded", "vId": "TRAV16*01"}	0
6588	TRA	CAALAAGGTSYGKLTF	TRAV20*01	TRAJ52*01	HomoSapiens	HLA-E*01:03	B2M	MHCI	VMTTVLATL	Rv1734c	M.tuberculosis	PMID:38439958	{"identification": "tetramer-sort", "frequency": "", "singlecell": "", "sequencing": "sanger", "verification": ""}	{"study.id": "", "cell.subset": "CD8+", "subject.cohort": "LTBI", "subject.id": "", "replica.id": "", "clone.id": "", "epitope.id": "", "tissue": "PBMC", "donor.MHC": "", "donor.MHC.method": "", "structure.id": "", "samples.found": 1, "studies.found": 1}	{"cdr3": "CAALAAGGTSYGKLTF", "cdr3_old": "CAALAAGGTSYGKLTF", "fixNeeded": false, "good": true, "jCanonical": true, "jFixType": "NoFixNeeded", "jId": "TRAJ52*01", "jStart": 5, "vCanonical": true, "vEnd": 2, "vFixType": "NoFixNeeded", "vId": "TRAV20*01"}	0
6589	TRA	QTGANNLFF	TRAV29/DV5*01	TRAJ36*01	HomoSapiens	HLA-E*01:03	B2M	MHCI	VMTTVLATL	Rv1734c	M.tuberculosis	PMID:38439958	{"identification": "tetramer-sort", "frequency": "", "singlecell": "", "sequencing": "sanger", "verification": ""}	{"study.id": "", "cell.subset": "CD8+", "subject.cohort": "LTBI", "subject.id": "", "replica.id": "", "clone.id": "", "epitope.id": "", "tissue": "PBMC", "donor.MHC": "", "donor.MHC.method": "", "structure.id": "", "samples.found": 1, "studies.found": 1}	{"cdr3": "QTGANNLFF", "cdr3_old": "CAASAASGANNHFF", "fixNeeded": true, "good": false, "jCanonical": true, "jFixType": "FailedReplace", "jId": "TRAJ36*01", "jStart": -1, "vCanonical": false, "vEnd": 4, "vFixType": "NoFixNeeded", "vId": "TRAV29/DV5*01"}	0
6590	TRA	CAALNSGSSTLTF	TRAV1-1*01	TRAJ11*01	HomoSapiens	HLA-E*01:03	B2M	MHCI	VMTTVLATL	Rv1734c	M.tuberculosis	PMID:38439958	{"identification": "tetramer-sort", "frequency": "", "singlecell": "", "sequencing": "sanger", "verification": ""}	{"study.id": "", "cell.subset": "CD8+", "subject.cohort": "LTBI", "subject.id": "", "replica.id": "", "clone.id": "", "epitope.id": "", "tissue": "PBMC", "donor.MHC": "", "donor.MHC.method": "", "structure.id": "", "samples.found": 1, "studies.found": 1}	{"cdr3": "CAALNSGSSTLTF", "cdr3_old": "CAALNSGSSTLTF", "fixNeeded": false, "good": true, "jCanonical": true, "jFixType": "NoFixNeeded", "jId": "TRAJ11*01", "jStart": 8, "vCanonical": true, "vEnd": 2, "vFixType": "NoFixNeeded", "vId": "TRAV1-1*01"}	0
6591	TRA	CAMREDHTGGSQGNLIF	TRAV14/DV4*01	TRAJ42*01	HomoSapiens	HLA-E*01:03	B2M	MHCI	VMTTVLATL	Rv1734c	M.tuberculosis	PMID:38439958	{"identification": "tetramer-sort", "frequency": "", "singlecell": "", "sequencing": "sanger", "verification": ""}	{"study.id": "", "cell.subset": "CD8+", "subject.cohort": "LTBI", "subject.id": "", "replica.id": "", "clone.id": "", "epitope.id": "", "tissue": "PBMC", "donor.MHC": "", "donor.MHC.method": "", "structure.id": "", "samples.found": 1, "studies.found": 1}	{"cdr3": "CAMREDHTGGSQGNLIF", "cdr3_old": "CAMREDHTGGSQGNLIF", "fixNeeded": false, "good": true, "jCanonical": true, "jFixType": "NoFixNeeded", "jId": "TRAJ42*01", "jStart": 8, "vCanonical": true, "vEnd": 5, "vFixType": "NoFixNeeded", "vId": "TRAV14/DV4*01"}	0
6592	TRA	CAGQLKDKYGQNFVF	TRAV35*01	TRAJ26*01	HomoSapiens	HLA-E*01:03	B2M	MHCI	VMTTVLATL	Rv1734c	M.tuberculosis	PMID:38439958	{"identification": "tetramer-sort", "frequency": "", "singlecell": "", "sequencing": "sanger", "verification": ""}	{"study.id": "", "cell.subset": "CD8+", "subject.cohort": "LTBI", "subject.id": "", "replica.id": "", "clone.id": "", "epitope.id": "", "tissue": "PBMC", "donor.MHC": "", "donor.MHC.method": "", "structure.id": "", "samples.found": 1, "studies.found": 1}	{"cdr3": "CAGQLKDKYGQNFVF", "cdr3_old": "CAGQLKDKYGQNFVF", "fixNeeded": false, "good": true, "jCanonical": true, "jFixType": "NoFixNeeded", "jId": "TRAJ26*01", "jStart": 8, "vCanonical": true, "vEnd": 4, "vFixType": "NoFixNeeded", "vId": "TRAV35*01"}	0
6593	TRA	CIVRRPNTGNQFYF	TRAV26-1*01	TRAJ49*01	HomoSapiens	HLA-E*01:03	B2M	MHCI	VMTTVLATL	Rv1734c	M.tuberculosis	PMID:38439958	{"identification": "tetramer-sort", "frequency": "", "singlecell": "", "sequencing": "sanger", "verification": ""}	{"study.id": "", "cell.subset": "CD8+", "subject.cohort": "LTBI", "subject.id": "", "replica.id": "", "clone.id": "", "epitope.id": "", "tissue": "PBMC", "donor.MHC": "", "donor.MHC.method": "", "structure.id": "", "samples.found": 1, "studies.found": 1}	{"cdr3": "CIVRRPNTGNQFYF", "cdr3_old": "CIVRRPNTGNQFYF", "fixNeeded": false, "good": true, "jCanonical": true, "jFixType": "NoFixNeeded", "jId": "TRAJ49*01", "jStart": 6, "vCanonical": true, "vEnd": 4, "vFixType": "NoFixNeeded", "vId": "TRAV26-1*01"}	0
6594	TRA	CAYRSAKMTGNQFYF	TRAV38-1*01	TRAJ49*01	HomoSapiens	HLA-E*01:03	B2M	MHCI	VMTTVLATL	Rv1734c	M.tuberculosis	PMID:38439958	{"identification": "tetramer-sort", "frequency": "", "singlecell": "", "sequencing": "sanger", "verification": ""}	{"study.id": "", "cell.subset": "CD8+", "subject.cohort": "LTBI", "subject.id": "", "replica.id": "", "clone.id": "", "epitope.id": "", "tissue": "PBMC", "donor.MHC": "", "donor.MHC.method": "", "structure.id": "", "samples.found": 1, "studies.found": 1}	{"cdr3": "CAYRSAKMTGNQFYF", "cdr3_old": "CAYRSAKMTGNQFYF", "fixNeeded": false, "good": true, "jCanonical": true, "jFixType": "NoFixNeeded", "jId": "TRAJ49*01", "jStart": 8, "vCanonical": true, "vEnd": 2, "vFixType": "NoFixNeeded", "vId": "TRAV38-1*01"}	0
6595	TRA	CAAINSGNTPLVF	TRAV29/DV5*01	TRAJ29*01	HomoSapiens	HLA-E*01:03	B2M	MHCI	VMTTVLATL	Rv1734c	M.tuberculosis	PMID:38439958	{"identification": "tetramer-sort", "frequency": "", "singlecell": "", "sequencing": "sanger", "verification": ""}	{"study.id": "", "cell.subset": "CD8+", "subject.cohort": "LTBI", "subject.id": "", "replica.id": "", "clone.id": "", "epitope.id": "", "tissue": "PBMC", "donor.MHC": "", "donor.MHC.method": "", "structure.id": "", "samples.found": 1, "studies.found": 1}	{"cdr3": "CAAINSGNTPLVF", "cdr3_old": "CAAINSGNTPLVF", "fixNeeded": false, "good": true, "jCanonical": true, "jFixType": "NoFixNeeded", "jId": "TRAJ29*01", "jStart": 4, "vCanonical": true, "vEnd": 3, "vFixType": "NoFixNeeded", "vId": "TRAV29/DV5*01"}	0
6596	TRA	CALSEATGTASKLTF	TRAV19*01	TRAJ44*01	HomoSapiens	HLA-E*01:03	B2M	MHCI	VMTTVLATL	Rv1734c	M.tuberculosis	PMID:38439958	{"identification": "tetramer-sort", "frequency": "", "singlecell": "", "sequencing": "sanger", "verification": ""}	{"study.id": "", "cell.subset": "CD8+", "subject.cohort": "LTBI", "subject.id": "", "replica.id": "", "clone.id": "", "epitope.id": "", "tissue": "PBMC", "donor.MHC": "", "donor.MHC.method": "", "structure.id": "", "samples.found": 1, "studies.found": 1}	{"cdr3": "CALSEATGTASKLTF", "cdr3_old": "CALSEATGTASKLTF", "fixNeeded": false, "good": true, "jCanonical": true, "jFixType": "NoFixNeeded", "jId": "TRAJ44*01", "jStart": 6, "vCanonical": true, "vEnd": 5, "vFixType": "NoFixNeeded", "vId": "TRAV19*01"}	0
6597	TRA	CAMREVTKGGNEKLTF	TRAV14/DV4*01	TRAJ48*01	HomoSapiens	HLA-E*01:03	B2M	MHCI	VMTTVLATL	Rv1734c	M.tuberculosis	PMID:38439958	{"identification": "tetramer-sort", "frequency": "", "singlecell": "", "sequencing": "sanger", "verification": ""}	{"study.id": "", "cell.subset": "CD8+", "subject.cohort": "LTBI", "subject.id": "", "replica.id": "", "clone.id": "", "epitope.id": "", "tissue": "PBMC", "donor.MHC": "", "donor.MHC.method": "", "structure.id": "", "samples.found": 1, "studies.found": 1}	{"cdr3": "CAMREVTKGGNEKLTF", "cdr3_old": "CAMREVTKGGNEKLTF", "fixNeeded": false, "good": true, "jCanonical": true, "jFixType": "NoFixNeeded", "jId": "TRAJ48*01", "jStart": 9, "vCanonical": true, "vEnd": 5, "vFixType": "NoFixNeeded", "vId": "TRAV14/DV4*01"}	0
6598	TRA	CAVRDTAKHTPLVF	TRAV3*01	TRAJ29*01	HomoSapiens	HLA-E*01:03	B2M	MHCI	VMTTVLATL	Rv1734c	M.tuberculosis	PMID:38439958	{"identification": "tetramer-sort", "frequency": "", "singlecell": "", "sequencing": "sanger", "verification": ""}	{"study.id": "", "cell.subset": "CD8+", "subject.cohort": "LTBI", "subject.id": "", "replica.id": "", "clone.id": "", "epitope.id": "", "tissue": "PBMC", "donor.MHC": "", "donor.MHC.method": "", "structure.id": "", "samples.found": 1, "studies.found": 1}	{"cdr3": "CAVRDTAKHTPLVF", "cdr3_old": "CAVRDTAKHTPLVF", "fixNeeded": false, "good": true, "jCanonical": true, "jFixType": "NoFixNeeded", "jId": "TRAJ29*01", "jStart": 9, "vCanonical": true, "vEnd": 5, "vFixType": "NoFixNeeded", "vId": "TRAV3*01"}	0
6599	TRA	CAVPIRMDSSYKLIF	TRAV1-1*01	TRAJ12*01	HomoSapiens	HLA-E*01:03	B2M	MHCI	VMTTVLATL	Rv1734c	M.tuberculosis	PMID:38439958	{"identification": "tetramer-sort", "frequency": "", "singlecell": "", "sequencing": "sanger", "verification": ""}	{"study.id": "", "cell.subset": "CD8+", "subject.cohort": "LTBI", "subject.id": "", "replica.id": "", "clone.id": "", "epitope.id": "", "tissue": "PBMC", "donor.MHC": "", "donor.MHC.method": "", "structure.id": "", "samples.found": 1, "studies.found": 1}	{"cdr3": "CAVPIRMDSSYKLIF", "cdr3_old": "CAVPIRMDSSYKLIF", "fixNeeded": false, "good": true, "jCanonical": true, "jFixType": "NoFixNeeded", "jId": "TRAJ12*01", "jStart": 6, "vCanonical": true, "vEnd": 3, "vFixType": "NoFixNeeded", "vId": "TRAV1-1*01"}	0
6600	TRA	TTSGTYKYIF	TRAV4*01	TRAJ40*01	HomoSapiens	HLA-E*01:03	B2M	MHCI	VMTTVLATL	Rv1734c	M.tuberculosis	PMID:38439958	{"identification": "tetramer-sort", "frequency": "", "singlecell": "", "sequencing": "sanger", "verification": ""}	{"study.id": "", "cell.subset": "CD8+", "subject.cohort": "LTBI", "subject.id": "", "replica.id": "", "clone.id": "", "epitope.id": "", "tissue": "PBMC", "donor.MHC": "", "donor.MHC.method": "", "structure.id": "", "samples.found": 1, "studies.found": 1}	{"cdr3": "TTSGTYKYIF", "cdr3_old": "CLVGDAGASGTYKFIF", "fixNeeded": true, "good": false, "jCanonical": true, "jFixType": "FailedReplace", "jId": "TRAJ40*01", "jStart": -1, "vCanonical": false, "vEnd": 5, "vFixType": "NoFixNeeded", "vId": "TRAV4*01"}	0
6602	TRA	CAMSTGGGNKLTF	TRAV12-3*01	TRAJ10*01	HomoSapiens	HLA-E*01:03	B2M	MHCI	VMTTVLATL	Rv1734c	M.tuberculosis	PMID:38439958	{"identification": "tetramer-sort", "frequency": "", "singlecell": "", "sequencing": "sanger", "verification": ""}	{"study.id": "", "cell.subset": "CD8+", "subject.cohort": "LTBI", "subject.id": "", "replica.id": "", "clone.id": "", "epitope.id": "", "tissue": "PBMC", "donor.MHC": "", "donor.MHC.method": "", "structure.id": "", "samples.found": 1, "studies.found": 1}	{"cdr3": "CAMSTGGGNKLTF", "cdr3_old": "CAMSTGGGNKLTF", "fixNeeded": false, "good": true, "jCanonical": true, "jFixType": "NoFixNeeded", "jId": "TRAJ10*01", "jStart": 4, "vCanonical": true, "vEnd": 4, "vFixType": "NoFixNeeded", "vId": "TRAV12-3*01"}	0
6603	TRA	CLVVSGTASKLTF	TRAV4*01	TRAJ44*01	HomoSapiens	HLA-E*01:03	B2M	MHCI	VMTTVLATL	Rv1734c	M.tuberculosis	PMID:38439958	{"identification": "tetramer-sort", "frequency": "", "singlecell": "", "sequencing": "sanger", "verification": ""}	{"study.id": "", "cell.subset": "CD8+", "subject.cohort": "LTBI", "subject.id": "", "replica.id": "", "clone.id": "", "epitope.id": "", "tissue": "PBMC", "donor.MHC": "", "donor.MHC.method": "", "structure.id": "", "samples.found": 1, "studies.found": 1}	{"cdr3": "CLVVSGTASKLTF", "cdr3_old": "CLVVSGTASKLTF", "fixNeeded": false, "good": true, "jCanonical": true, "jFixType": "NoFixNeeded", "jId": "TRAJ44*01", "jStart": 5, "vCanonical": true, "vEnd": 3, "vFixType": "NoFixNeeded", "vId": "TRAV4*01"}	0
6604	TRA	CAAMDSNYQLIW	TRAV1-2*01	TRAJ33*01	HomoSapiens	HLA-E*01:03	B2M	MHCI	VMTTVLATL	Rv1734c	M.tuberculosis	PMID:38439958	{"identification": "tetramer-sort", "frequency": "", "singlecell": "", "sequencing": "sanger", "verification": ""}	{"study.id": "", "cell.subset": "CD8+", "subject.cohort": "LTBI", "subject.id": "", "replica.id": "", "clone.id": "", "epitope.id": "", "tissue": "PBMC", "donor.MHC": "", "donor.MHC.method": "", "structure.id": "", "samples.found": 1, "studies.found": 1}	{"cdr3": "CAAMDSNYQLIW", "cdr3_old": "CAAMDSNYQLIW", "fixNeeded": false, "good": true, "jCanonical": true, "jFixType": "NoFixNeeded", "jId": "TRAJ33*01", "jStart": 4, "vCanonical": true, "vEnd": 2, "vFixType": "NoFixNeeded", "vId": "TRAV1-2*01"}	0
6605	TRA	SNDYKLSF	TRAV3*01	TRAJ20*01	HomoSapiens	HLA-E*01:03	B2M	MHCI	VMTTVLATL	Rv1734c	M.tuberculosis	PMID:38439958	{"identification": "tetramer-sort", "frequency": "", "singlecell": "", "sequencing": "sanger", "verification": ""}	{"study.id": "", "cell.subset": "CD8+", "subject.cohort": "LTBI", "subject.id": "", "replica.id": "", "clone.id": "", "epitope.id": "", "tissue": "PBMC", "donor.MHC": "", "donor.MHC.method": "", "structure.id": "", "samples.found": 1, "studies.found": 1}	{"cdr3": "SNDYKLSF", "cdr3_old": "CAHPNDYKFSF", "fixNeeded": true, "good": false, "jCanonical": true, "jFixType": "FailedReplace", "jId": "TRAJ20*01", "jStart": -1, "vCanonical": false, "vEnd": 2, "vFixType": "NoFixNeeded", "vId": "TRAV3*01"}	0
6606	TRA	CAGVISNFGNEKLTF	TRAV27*01	TRAJ48*01	HomoSapiens	HLA-E*01:03	B2M	MHCI	VMTTVLATL	Rv1734c	M.tuberculosis	PMID:38439958	{"identification": "tetramer-sort", "frequency": "", "singlecell": "", "sequencing": "sanger", "verification": ""}	{"study.id": "", "cell.subset": "CD8+", "subject.cohort": "LTBI", "subject.id": "", "replica.id": "", "clone.id": "", "epitope.id": "", "tissue": "PBMC", "donor.MHC": "", "donor.MHC.method": "", "structure.id": "", "samples.found": 1, "studies.found": 1}	{"cdr3": "CAGVISNFGNEKLTF", "cdr3_old": "CAGVISNFGNEKLTF", "fixNeeded": false, "good": true, "jCanonical": true, "jFixType": "NoFixNeeded", "jId": "TRAJ48*01", "jStart": 5, "vCanonical": true, "vEnd": 3, "vFixType": "NoFixNeeded", "vId": "TRAV27*01"}	0
6607	TRA	CAGASAGGTSYGKLTF	TRAV27*01	TRAJ52*01	HomoSapiens	HLA-E*01:03	B2M	MHCI	VMTTVLATL	Rv1734c	M.tuberculosis	PMID:38439958	{"identification": "tetramer-sort", "frequency": "", "singlecell": "", "sequencing": "sanger", "verification": ""}	{"study.id": "", "cell.subset": "CD8+", "subject.cohort": "LTBI", "subject.id": "", "replica.id": "", "clone.id": "", "epitope.id": "", "tissue": "PBMC", "donor.MHC": "", "donor.MHC.method": "", "structure.id": "", "samples.found": 1, "studies.found": 1}	{"cdr3": "CAGASAGGTSYGKLTF", "cdr3_old": "CAGASAGGTSYGKLTF", "fixNeeded": false, "good": true, "jCanonical": true, "jFixType": "NoFixNeeded", "jId": "TRAJ52*01", "jStart": 5, "vCanonical": true, "vEnd": 3, "vFixType": "NoFixNeeded", "vId": "TRAV27*01"}	0
6608	TRA	CALSEASSGGGADGLTF	TRAV19*01	TRAJ45*01	HomoSapiens	HLA-E*01:03	B2M	MHCI	VMTTVLATL	Rv1734c	M.tuberculosis	PMID:38439958	{"identification": "tetramer-sort", "frequency": "", "singlecell": "", "sequencing": "sanger", "verification": ""}	{"study.id": "", "cell.subset": "CD8+", "subject.cohort": "LTBI", "subject.id": "", "replica.id": "", "clone.id": "", "epitope.id": "", "tissue": "PBMC", "donor.MHC": "", "donor.MHC.method": "", "structure.id": "", "samples.found": 1, "studies.found": 1}	{"cdr3": "CALSEASSGGGADGLTF", "cdr3_old": "CALSEASSGGGADGLTF", "fixNeeded": false, "good": true, "jCanonical": true, "jFixType": "NoFixNeeded", "jId": "TRAJ45*01", "jStart": 7, "vCanonical": true, "vEnd": 5, "vFixType": "NoFixNeeded", "vId": "TRAV19*01"}	0
6609	TRA	CAVIDSGYALNF	TRAV1-2*01	TRAJ41*01	HomoSapiens	HLA-E*01:03	B2M	MHCI	VMTTVLATL	Rv1734c	M.tuberculosis	PMID:38439958	{"identification": "tetramer-sort", "frequency": "", "singlecell": "", "sequencing": "sanger", "verification": ""}	{"study.id": "", "cell.subset": "CD8+", "subject.cohort": "LTBI", "subject.id": "", "replica.id": "", "clone.id": "", "epitope.id": "", "tissue": "PBMC", "donor.MHC": "", "donor.MHC.method": "", "structure.id": "", "samples.found": 1, "studies.found": 1}	{"cdr3": "CAVIDSGYALNF", "cdr3_old": "CAVIDSGYALNF", "fixNeeded": false, "good": true, "jCanonical": true, "jFixType": "NoFixNeeded", "jId": "TRAJ41*01", "jStart": 5, "vCanonical": true, "vEnd": 3, "vFixType": "NoFixNeeded", "vId": "TRAV1-2*01"}	0
6610	TRA	CAMSLKAAGNKLTF	TRAV12-3*01	TRAJ17*01	HomoSapiens	HLA-E*01:03	B2M	MHCI	VMTTVLATL	Rv1734c	M.tuberculosis	PMID:38439958	{"identification": "tetramer-sort", "frequency": "", "singlecell": "", "sequencing": "sanger", "verification": ""}	{"study.id": "", "cell.subset": "CD8+", "subject.cohort": "LTBI", "subject.id": "", "replica.id": "", "clone.id": "", "epitope.id": "", "tissue": "PBMC", "donor.MHC": "", "donor.MHC.method": "", "structure.id": "", "samples.found": 1, "studies.found": 1}	{"cdr3": "CAMSLKAAGNKLTF", "cdr3_old": "CAMSLKAAGNKLTF", "fixNeeded": false, "good": true, "jCanonical": true, "jFixType": "NoFixNeeded", "jId": "TRAJ17*01", "jStart": 5, "vCanonical": true, "vEnd": 4, "vFixType": "NoFixNeeded", "vId": "TRAV12-3*01"}	0
6611	TRA	CAMRQYSSASKIIF	TRAV14/DV4*01	TRAJ3*01	HomoSapiens	HLA-E*01:03	B2M	MHCI	VMTTVLATL	Rv1734c	M.tuberculosis	PMID:38439958	{"identification": "tetramer-sort", "frequency": "", "singlecell": "", "sequencing": "sanger", "verification": ""}	{"study.id": "", "cell.subset": "CD8+", "subject.cohort": "LTBI", "subject.id": "", "replica.id": "", "clone.id": "", "epitope.id": "", "tissue": "PBMC", "donor.MHC": "", "donor.MHC.method": "", "structure.id": "", "samples.found": 1, "studies.found": 1}	{"cdr3": "CAMRQYSSASKIIF", "cdr3_old": "CAMRQYSSASKIIF", "fixNeeded": false, "good": true, "jCanonical": true, "jFixType": "NoFixNeeded", "jId": "TRAJ3*01", "jStart": 5, "vCanonical": true, "vEnd": 4, "vFixType": "NoFixNeeded", "vId": "TRAV14/DV4*01"}	0
6612	TRA	CAVRGGSYIPTF	TRAV1-2*01	TRAJ6*01	HomoSapiens	HLA-E*01:03	B2M	MHCI	VMTTVLATL	Rv1734c	M.tuberculosis	PMID:38439958	{"identification": "tetramer-sort", "frequency": "", "singlecell": "", "sequencing": "sanger", "verification": ""}	{"study.id": "", "cell.subset": "CD8+", "subject.cohort": "LTBI", "subject.id": "", "replica.id": "", "clone.id": "", "epitope.id": "", "tissue": "PBMC", "donor.MHC": "", "donor.MHC.method": "", "structure.id": "", "samples.found": 1, "studies.found": 1}	{"cdr3": "CAVRGGSYIPTF", "cdr3_old": "CAVRGGSYIPTF", "fixNeeded": false, "good": true, "jCanonical": true, "jFixType": "NoFixNeeded", "jId": "TRAJ6*01", "jStart": 4, "vCanonical": true, "vEnd": 4, "vFixType": "NoFixNeeded", "vId": "TRAV1-2*01"}	0
6613	TRA	CAESWAGAGSYQLTF	TRAV13-2*01	TRAJ28*01	HomoSapiens	HLA-E*01:03	B2M	MHCI	VMTTVLATL	Rv1734c	M.tuberculosis	PMID:38439958	{"identification": "tetramer-sort", "frequency": "", "singlecell": "", "sequencing": "sanger", "verification": ""}	{"study.id": "", "cell.subset": "CD8+", "subject.cohort": "LTBI", "subject.id": "", "replica.id": "", "clone.id": "", "epitope.id": "", "tissue": "PBMC", "donor.MHC": "", "donor.MHC.method": "", "structure.id": "", "samples.found": 1, "studies.found": 1}	{"cdr3": "CAESWAGAGSYQLTF", "cdr3_old": "CAESWAGAGSYQLTF", "fixNeeded": false, "good": true, "jCanonical": true, "jFixType": "NoFixNeeded", "jId": "TRAJ28*01", "jStart": 6, "vCanonical": true, "vEnd": 3, "vFixType": "NoFixNeeded", "vId": "TRAV13-2*01"}	0
6614	TRA	CALSEDAGGTSYGKLTF	TRAV9-2*01	TRAJ52*01	HomoSapiens	HLA-E*01:03	B2M	MHCI	VMTTVLATL	Rv1734c	M.tuberculosis	PMID:38439958	{"identification": "tetramer-sort", "frequency": "", "singlecell": "", "sequencing": "sanger", "verification": ""}	{"study.id": "", "cell.subset": "CD8+", "subject.cohort": "LTBI", "subject.id": "", "replica.id": "", "clone.id": "", "epitope.id": "", "tissue": "PBMC", "donor.MHC": "", "donor.MHC.method": "", "structure.id": "", "samples.found": 1, "studies.found": 1}	{"cdr3": "CALSEDAGGTSYGKLTF", "cdr3_old": "CALSEDAGGTSYGKLTF", "fixNeeded": false, "good": true, "jCanonical": true, "jFixType": "NoFixNeeded", "jId": "TRAJ52*01", "jStart": 6, "vCanonical": true, "vEnd": 4, "vFixType": "NoFixNeeded", "vId": "TRAV9-2*01"}	0
6615	TRA	CAVQAPDYKLSF	TRAV20*01	TRAJ20*01	HomoSapiens	HLA-E*01:03	B2M	MHCI	VMTTVLATL	Rv1734c	M.tuberculosis	PMID:38439958	{"identification": "tetramer-sort", "frequency": "", "singlecell": "", "sequencing": "sanger", "verification": ""}	{"study.id": "", "cell.subset": "CD8+", "subject.cohort": "LTBI", "subject.id": "", "replica.id": "", "clone.id": "", "epitope.id": "", "tissue": "PBMC", "donor.MHC": "", "donor.MHC.method": "", "structure.id": "", "samples.found": 1, "studies.found": 1}	{"cdr3": "CAVQAPDYKLSF", "cdr3_old": "CAVQAPDYKLSF", "fixNeeded": false, "good": true, "jCanonical": true, "jFixType": "NoFixNeeded", "jId": "TRAJ20*01", "jStart": 6, "vCanonical": true, "vEnd": 4, "vFixType": "NoFixNeeded", "vId": "TRAV20*01"}	0
6616	TRA	CAVEGLGNVLHC	TRAV1-1*01	TRAJ35	HomoSapiens	HLA-E*01:03	B2M	MHCI	VMTTVLATL	Rv1734c	M.tuberculosis	PMID:38439958	{"identification": "tetramer-sort", "frequency": "", "singlecell": "", "sequencing": "sanger", "verification": ""}	{"study.id": "", "cell.subset": "CD8+", "subject.cohort": "LTBI", "subject.id": "", "replica.id": "", "clone.id": "", "epitope.id": "", "tissue": "PBMC", "donor.MHC": "", "donor.MHC.method": "", "structure.id": "", "samples.found": 1, "studies.found": 1}	{"cdr3": "CAVEGLGNVLHC", "cdr3_old": "CAVEGLGNVLHC", "fixNeeded": false, "good": false, "jCanonical": false, "jFixType": "FailedBadSegment", "jId": "TRAJ35", "jStart": -1, "vCanonical": true, "vEnd": 3, "vFixType": "NoFixNeeded", "vId": "TRAV1-1*01"}	0
6617	TRA	CAVRGAMDSNYQLIW	TRAV1-2*01	TRAJ33*01	HomoSapiens	HLA-E*01:03	B2M	MHCI	VMTTVLATL	Rv1734c	M.tuberculosis	PMID:38439958	{"identification": "tetramer-sort", "frequency": "", "singlecell": "", "sequencing": "sanger", "verification": ""}	{"study.id": "", "cell.subset": "CD8+", "subject.cohort": "LTBI", "subject.id": "", "replica.id": "", "clone.id": "", "epitope.id": "", "tissue": "PBMC", "donor.MHC": "", "donor.MHC.method": "", "structure.id": "", "samples.found": 1, "studies.found": 1}	{"cdr3": "CAVRGAMDSNYQLIW", "cdr3_old": "CAVRGAMDSNYQLIW", "fixNeeded": false, "good": true, "jCanonical": true, "jFixType": "NoFixNeeded", "jId": "TRAJ33*01", "jStart": 7, "vCanonical": true, "vEnd": 4, "vFixType": "NoFixNeeded", "vId": "TRAV1-2*01"}	0
6618	TRA	CAENSGGGADGLTF	TRAV13-2*01	TRAJ45*01	HomoSapiens	HLA-E*01:03	B2M	MHCI	VMTTVLATL	Rv1734c	M.tuberculosis	PMID:38439958	{"identification": "tetramer-sort", "frequency": "", "singlecell": "", "sequencing": "sanger", "verification": ""}	{"study.id": "", "cell.subset": "CD8+", "subject.cohort": "LTBI", "subject.id": "", "replica.id": "", "clone.id": "", "epitope.id": "", "tissue": "PBMC", "donor.MHC": "", "donor.MHC.method": "", "structure.id": "", "samples.found": 1, "studies.found": 1}	{"cdr3": "CAENSGGGADGLTF", "cdr3_old": "CAENSGGGADGLTF", "fixNeeded": false, "good": true, "jCanonical": true, "jFixType": "NoFixNeeded", "jId": "TRAJ45*01", "jStart": 4, "vCanonical": true, "vEnd": 4, "vFixType": "NoFixNeeded", "vId": "TRAV13-2*01"}	0
6619	TRA	CAASNQGGSDKLVF	TRAV23/DV6*01	TRAJ57*01	HomoSapiens	HLA-E*01:03	B2M	MHCI	VMTTVLATL	Rv1734c	M.tuberculosis	PMID:38439958	{"identification": "tetramer-sort", "frequency": "", "singlecell": "", "sequencing": "sanger", "verification": ""}	{"study.id": "", "cell.subset": "CD8+", "subject.cohort": "LTBI", "subject.id": "", "replica.id": "", "clone.id": "", "epitope.id": "", "tissue": "PBMC", "donor.MHC": "", "donor.MHC.method": "", "structure.id": "", "samples.found": 1, "studies.found": 1}	{"cdr3": "CAASNQGGSDKLVF", "cdr3_old": "CAASNQGGSDKLVF", "fixNeeded": false, "good": true, "jCanonical": true, "jFixType": "NoFixNeeded", "jId": "TRAJ57*01", "jStart": 10, "vCanonical": true, "vEnd": 4, "vFixType": "NoFixNeeded", "vId": "TRAV23/DV6*01"}	0
6620	TRA	CAVLGVRDYKLSF	TRAV22*01	TRAJ20*01	HomoSapiens	HLA-E*01:03	B2M	MHCI	VMTTVLATL	Rv1734c	M.tuberculosis	PMID:38439958	{"identification": "tetramer-sort", "frequency": "", "singlecell": "", "sequencing": "sanger", "verification": ""}	{"study.id": "", "cell.subset": "CD8+", "subject.cohort": "LTBI", "subject.id": "", "replica.id": "", "clone.id": "", "epitope.id": "", "tissue": "PBMC", "donor.MHC": "", "donor.MHC.method": "", "structure.id": "", "samples.found": 1, "studies.found": 1}	{"cdr3": "CAVLGVRDYKLSF", "cdr3_old": "CAVLGVRDYKLSF", "fixNeeded": false, "good": true, "jCanonical": true, "jFixType": "NoFixNeeded", "jId": "TRAJ20*01", "jStart": 7, "vCanonical": true, "vEnd": 3, "vFixType": "NoFixNeeded", "vId": "TRAV22*01"}	0
6621	TRA	CAENRETSYDKVIF	TRAV13-2*01	TRAJ50*01	HomoSapiens	HLA-E*01:03	B2M	MHCI	VMTTVLATL	Rv1734c	M.tuberculosis	PMID:38439958	{"identification": "tetramer-sort", "frequency": "", "singlecell": "", "sequencing": "sanger", "verification": ""}	{"study.id": "", "cell.subset": "CD8+", "subject.cohort": "LTBI", "subject.id": "", "replica.id": "", "clone.id": "", "epitope.id": "", "tissue": "PBMC", "donor.MHC": "", "donor.MHC.method": "", "structure.id": "", "samples.found": 1, "studies.found": 1}	{"cdr3": "CAENRETSYDKVIF", "cdr3_old": "CAENRETSYDKVIF", "fixNeeded": false, "good": true, "jCanonical": true, "jFixType": "NoFixNeeded", "jId": "TRAJ50*01", "jStart": 6, "vCanonical": true, "vEnd": 4, "vFixType": "NoFixNeeded", "vId": "TRAV13-2*01"}	0
6622	TRA	CAASTARGARLMF	TRAV29/DV5*01	TRAJ31*01	HomoSapiens	HLA-E*01:03	B2M	MHCI	VMTTVLATL	Rv1734c	M.tuberculosis	PMID:38439958	{"identification": "tetramer-sort", "frequency": "", "singlecell": "", "sequencing": "sanger", "verification": ""}	{"study.id": "", "cell.subset": "CD8+", "subject.cohort": "LTBI", "subject.id": "", "replica.id": "", "clone.id": "", "epitope.id": "", "tissue": "PBMC", "donor.MHC": "", "donor.MHC.method": "", "structure.id": "", "samples.found": 1, "studies.found": 1}	{"cdr3": "CAASTARGARLMF", "cdr3_old": "CAASTARGARLMF", "fixNeeded": false, "good": true, "jCanonical": true, "jFixType": "NoFixNeeded", "jId": "TRAJ31*01", "jStart": 8, "vCanonical": true, "vEnd": 4, "vFixType": "NoFixNeeded", "vId": "TRAV29/DV5*01"}	0
6623	TRA	CAVSAHTGTASKLTF	TRAV8-4*01	TRAJ44*01	HomoSapiens	HLA-E*01:03	B2M	MHCI	VMTTVLATL	Rv1734c	M.tuberculosis	PMID:38439958	{"identification": "tetramer-sort", "frequency": "", "singlecell": "", "sequencing": "sanger", "verification": ""}	{"study.id": "", "cell.subset": "CD8+", "subject.cohort": "LTBI", "subject.id": "", "replica.id": "", "clone.id": "", "epitope.id": "", "tissue": "PBMC", "donor.MHC": "", "donor.MHC.method": "", "structure.id": "", "samples.found": 1, "studies.found": 1}	{"cdr3": "CAVSAHTGTASKLTF", "cdr3_old": "CAVSAHTGTASKLTF", "fixNeeded": false, "good": true, "jCanonical": true, "jFixType": "NoFixNeeded", "jId": "TRAJ44*01", "jStart": 6, "vCanonical": true, "vEnd": 4, "vFixType": "NoFixNeeded", "vId": "TRAV8-4*01"}	0
6624	TRA	CAVQRMDSSYKLIF	TRAV20*01	TRAJ12*01	HomoSapiens	HLA-E*01:03	B2M	MHCI	VMTTVLATL	Rv1734c	M.tuberculosis	PMID:38439958	{"identification": "tetramer-sort", "frequency": "", "singlecell": "", "sequencing": "sanger", "verification": ""}	{"study.id": "", "cell.subset": "CD8+", "subject.cohort": "LTBI", "subject.id": "", "replica.id": "", "clone.id": "", "epitope.id": "", "tissue": "PBMC", "donor.MHC": "", "donor.MHC.method": "", "structure.id": "", "samples.found": 1, "studies.found": 1}	{"cdr3": "CAVQRMDSSYKLIF", "cdr3_old": "CAVQRMDSSYKLIF", "fixNeeded": false, "good": true, "jCanonical": true, "jFixType": "NoFixNeeded", "jId": "TRAJ12*01", "jStart": 5, "vCanonical": true, "vEnd": 4, "vFixType": "NoFixNeeded", "vId": "TRAV20*01"}	0
6625	TRA	CAMIYTNAGKSTF	TRAV14/DV4*01	TRAJ27*01	HomoSapiens	HLA-E*01:03	B2M	MHCI	VMTTVLATL	Rv1734c	M.tuberculosis	PMID:38439958	{"identification": "tetramer-sort", "frequency": "", "singlecell": "", "sequencing": "sanger", "verification": ""}	{"study.id": "", "cell.subset": "CD8+", "subject.cohort": "LTBI", "subject.id": "", "replica.id": "", "clone.id": "", "epitope.id": "", "tissue": "PBMC", "donor.MHC": "", "donor.MHC.method": "", "structure.id": "", "samples.found": 1, "studies.found": 1}	{"cdr3": "CAMIYTNAGKSTF", "cdr3_old": "CAMIYTNAGKSTF", "fixNeeded": false, "good": true, "jCanonical": true, "jFixType": "NoFixNeeded", "jId": "TRAJ27*01", "jStart": 5, "vCanonical": true, "vEnd": 3, "vFixType": "NoFixNeeded", "vId": "TRAV14/DV4*01"}	0
6626	TRA	CAVRDSGYKLSF	TRAV1-2*01	TRAJ20*01	HomoSapiens	HLA-E*01:03	B2M	MHCI	VMTTVLATL	Rv1734c	M.tuberculosis	PMID:38439958	{"identification": "tetramer-sort", "frequency": "", "singlecell": "", "sequencing": "sanger", "verification": ""}	{"study.id": "", "cell.subset": "CD8+", "subject.cohort": "LTBI", "subject.id": "", "replica.id": "", "clone.id": "", "epitope.id": "", "tissue": "PBMC", "donor.MHC": "", "donor.MHC.method": "", "structure.id": "", "samples.found": 1, "studies.found": 1}	{"cdr3": "CAVRDSGYKLSF", "cdr3_old": "CAVRDSGYKLSF", "fixNeeded": false, "good": true, "jCanonical": true, "jFixType": "NoFixNeeded", "jId": "TRAJ20*01", "jStart": 7, "vCanonical": true, "vEnd": 4, "vFixType": "NoFixNeeded", "vId": "TRAV1-2*01"}	0
6627	TRA	CAVNSGANSKLTF	TRAV12-2*01	TRAJ56*01	HomoSapiens	HLA-E*01:03	B2M	MHCI	VMTTVLATL	Rv1734c	M.tuberculosis	PMID:38439958	{"identification": "tetramer-sort", "frequency": "", "singlecell": "", "sequencing": "sanger", "verification": ""}	{"study.id": "", "cell.subset": "CD8+", "subject.cohort": "LTBI", "subject.id": "", "replica.id": "", "clone.id": "", "epitope.id": "", "tissue": "PBMC", "donor.MHC": "", "donor.MHC.method": "", "structure.id": "", "samples.found": 1, "studies.found": 1}	{"cdr3": "CAVNSGANSKLTF", "cdr3_old": "CAVNSGANSKLTF", "fixNeeded": false, "good": true, "jCanonical": true, "jFixType": "NoFixNeeded", "jId": "TRAJ56*01", "jStart": 5, "vCanonical": true, "vEnd": 4, "vFixType": "NoFixNeeded", "vId": "TRAV12-2*01"}	0
6628	TRA	CAMRNQAGTALIF	TRAV14/DV4*01	TRAJ15*01	HomoSapiens	HLA-E*01:03	B2M	MHCI	VMTTVLATL	Rv1734c	M.tuberculosis	PMID:38439958	{"identification": "tetramer-sort", "frequency": "", "singlecell": "", "sequencing": "sanger", "verification": ""}	{"study.id": "", "cell.subset": "CD8+", "subject.cohort": "LTBI", "subject.id": "", "replica.id": "", "clone.id": "", "epitope.id": "", "tissue": "PBMC", "donor.MHC": "", "donor.MHC.method": "", "structure.id": "", "samples.found": 1, "studies.found": 1}	{"cdr3": "CAMRNQAGTALIF", "cdr3_old": "CAMRNQAGTALIF", "fixNeeded": false, "good": true, "jCanonical": true, "jFixType": "NoFixNeeded", "jId": "TRAJ15*01", "jStart": 4, "vCanonical": true, "vEnd": 4, "vFixType": "NoFixNeeded", "vId": "TRAV14/DV4*01"}	0
6629	TRA	SNDYKLSF	TRAV17*01	TRAJ20*01	HomoSapiens	HLA-E*01:03	B2M	MHCI	VMTTVLATL	Rv1734c	M.tuberculosis	PMID:38439958	{"identification": "tetramer-sort", "frequency": "", "singlecell": "", "sequencing": "sanger", "verification": ""}	{"study.id": "", "cell.subset": "CD8+", "subject.cohort": "LTBI", "subject.id": "", "replica.id": "", "clone.id": "", "epitope.id": "", "tissue": "PBMC", "donor.MHC": "", "donor.MHC.method": "", "structure.id": "", "samples.found": 1, "studies.found": 1}	{"cdr3": "SNDYKLSF", "cdr3_old": "CAPTPLEDYKFSL", "fixNeeded": true, "good": false, "jCanonical": true, "jFixType": "FailedReplace", "jId": "TRAJ20*01", "jStart": -1, "vCanonical": false, "vEnd": 2, "vFixType": "NoFixNeeded", "vId": "TRAV17*01"}	0
6630	TRA	CARRGGSYIPTF	TRAV12-3*01	TRAJ6*01	HomoSapiens	HLA-E*01:03	B2M	MHCI	VMTTVLATL	Rv1734c	M.tuberculosis	PMID:38439958	{"identification": "tetramer-sort", "frequency": "", "singlecell": "", "sequencing": "sanger", "verification": ""}	{"study.id": "", "cell.subset": "CD8+", "subject.cohort": "LTBI", "subject.id": "", "replica.id": "", "clone.id": "", "epitope.id": "", "tissue": "PBMC", "donor.MHC": "", "donor.MHC.method": "", "structure.id": "", "samples.found": 1, "studies.found": 1}	{"cdr3": "CARRGGSYIPTF", "cdr3_old": "CARRGGSYIPTF", "fixNeeded": false, "good": true, "jCanonical": true, "jFixType": "NoFixNeeded", "jId": "TRAJ6*01", "jStart": 4, "vCanonical": true, "vEnd": 2, "vFixType": "NoFixNeeded", "vId": "TRAV12-3*01"}	0
6631	TRA	CAASAGKLSF	TRAV29/DV5*01	TRAJ20*01	HomoSapiens	HLA-E*01:03	B2M	MHCI	VMTTVLATL	Rv1734c	M.tuberculosis	PMID:38439958	{"identification": "tetramer-sort", "frequency": "", "singlecell": "", "sequencing": "sanger", "verification": ""}	{"study.id": "", "cell.subset": "CD8+", "subject.cohort": "LTBI", "subject.id": "", "replica.id": "", "clone.id": "", "epitope.id": "", "tissue": "PBMC", "donor.MHC": "", "donor.MHC.method": "", "structure.id": "", "samples.found": 1, "studies.found": 1}	{"cdr3": "CAASAGKLSF", "cdr3_old": "CAASAGKLSF", "fixNeeded": false, "good": true, "jCanonical": true, "jFixType": "NoFixNeeded", "jId": "TRAJ20*01", "jStart": 6, "vCanonical": true, "vEnd": 4, "vFixType": "NoFixNeeded", "vId": "TRAV29/DV5*01"}	0
6632	TRA	CAVRRAGNMLTF	TRAV12-2*01	TRAJ39*01	HomoSapiens	HLA-E*01:03	B2M	MHCI	VMTTVLATL	Rv1734c	M.tuberculosis	PMID:38439958	{"identification": "tetramer-sort", "frequency": "", "singlecell": "", "sequencing": "sanger", "verification": ""}	{"study.id": "", "cell.subset": "CD8+", "subject.cohort": "LTBI", "subject.id": "", "replica.id": "", "clone.id": "", "epitope.id": "", "tissue": "PBMC", "donor.MHC": "", "donor.MHC.method": "", "structure.id": "", "samples.found": 1, "studies.found": 1}	{"cdr3": "CAVRRAGNMLTF", "cdr3_old": "CAVRRAGNMLTF", "fixNeeded": false, "good": true, "jCanonical": true, "jFixType": "NoFixNeeded", "jId": "TRAJ39*01", "jStart": 5, "vCanonical": true, "vEnd": 3, "vFixType": "NoFixNeeded", "vId": "TRAV12-2*01"}	0
6633	TRA	CAVGAPWSYNTDKLIF	TRAV8-3*01	TRAJ34*01	HomoSapiens	HLA-E*01:03	B2M	MHCI	VMTTVLATL	Rv1734c	M.tuberculosis	PMID:38439958	{"identification": "tetramer-sort", "frequency": "", "singlecell": "", "sequencing": "sanger", "verification": ""}	{"study.id": "", "cell.subset": "CD8+", "subject.cohort": "LTBI", "subject.id": "", "replica.id": "", "clone.id": "", "epitope.id": "", "tissue": "PBMC", "donor.MHC": "", "donor.MHC.method": "", "structure.id": "", "samples.found": 1, "studies.found": 1}	{"cdr3": "CAVGAPWSYNTDKLIF", "cdr3_old": "CAVGAPWSYNTDKLIF", "fixNeeded": false, "good": true, "jCanonical": true, "jFixType": "NoFixNeeded", "jId": "TRAJ34*01", "jStart": 7, "vCanonical": true, "vEnd": 4, "vFixType": "NoFixNeeded", "vId": "TRAV8-3*01"}	0
6634	TRA	TTDSWGKFEF	TRAV19*01	TRAJ24*01	HomoSapiens	HLA-E*01:03	B2M	MHCI	VMTTVLATL	Rv1734c	M.tuberculosis	PMID:38439958	{"identification": "tetramer-sort", "frequency": "", "singlecell": "", "sequencing": "sanger", "verification": ""}	{"study.id": "", "cell.subset": "CD8+", "subject.cohort": "LTBI", "subject.id": "", "replica.id": "", "clone.id": "", "epitope.id": "", "tissue": "PBMC", "donor.MHC": "", "donor.MHC.method": "", "structure.id": "", "samples.found": 1, "studies.found": 1}	{"cdr3": "TTDSWGKFEF", "cdr3_old": "CALSEATYDSWGKLQF", "fixNeeded": true, "good": false, "jCanonical": true, "jFixType": "FailedReplace", "jId": "TRAJ24*01", "jStart": -1, "vCanonical": false, "vEnd": 5, "vFixType": "NoFixNeeded", "vId": "TRAV19*01"}	0
6635	TRA	CAVVYNFNKFYF	TRAV8-6*01	TRAJ21*01	HomoSapiens	HLA-E*01:03	B2M	MHCI	VMTTVLATL	Rv1734c	M.tuberculosis	PMID:38439958	{"identification": "tetramer-sort", "frequency": "", "singlecell": "", "sequencing": "sanger", "verification": ""}	{"study.id": "", "cell.subset": "CD8+", "subject.cohort": "LTBI", "subject.id": "", "replica.id": "", "clone.id": "", "epitope.id": "", "tissue": "PBMC", "donor.MHC": "", "donor.MHC.method": "", "structure.id": "", "samples.found": 1, "studies.found": 1}	{"cdr3": "CAVVYNFNKFYF", "cdr3_old": "CAVVYNFNKFYF", "fixNeeded": false, "good": true, "jCanonical": true, "jFixType": "NoFixNeeded", "jId": "TRAJ21*01", "jStart": 4, "vCanonical": true, "vEnd": 3, "vFixType": "NoFixNeeded", "vId": "TRAV8-6*01"}	0
6636	TRA	CAGVSGSARQLTF	TRAV35*01	TRAJ22*01	HomoSapiens	HLA-E*01:03	B2M	MHCI	VMTTVLATL	Rv1734c	M.tuberculosis	PMID:38439958	{"identification": "tetramer-sort", "frequency": "", "singlecell": "", "sequencing": "sanger", "verification": ""}	{"study.id": "", "cell.subset": "CD8+", "subject.cohort": "LTBI", "subject.id": "", "replica.id": "", "clone.id": "", "epitope.id": "", "tissue": "PBMC", "donor.MHC": "", "donor.MHC.method": "", "structure.id": "", "samples.found": 1, "studies.found": 1}	{"cdr3": "CAGVSGSARQLTF", "cdr3_old": "CAGVSGSARQLTF", "fixNeeded": false, "good": true, "jCanonical": true, "jFixType": "NoFixNeeded", "jId": "TRAJ22*01", "jStart": 4, "vCanonical": true, "vEnd": 3, "vFixType": "NoFixNeeded", "vId": "TRAV35*01"}	0
6638	TRA	CAAFTGTASKLTF	TRAV29/DV5*01	TRAJ44*01	HomoSapiens	HLA-E*01:03	B2M	MHCI	VMTTVLATL	Rv1734c	M.tuberculosis	PMID:38439958	{"identification": "tetramer-sort", "frequency": "", "singlecell": "", "sequencing": "sanger", "verification": ""}	{"study.id": "", "cell.subset": "CD8+", "subject.cohort": "LTBI", "subject.id": "", "replica.id": "", "clone.id": "", "epitope.id": "", "tissue": "PBMC", "donor.MHC": "", "donor.MHC.method": "", "structure.id": "", "samples.found": 1, "studies.found": 1}	{"cdr3": "CAAFTGTASKLTF", "cdr3_old": "CAAFTGTASKLTF", "fixNeeded": false, "good": true, "jCanonical": true, "jFixType": "NoFixNeeded", "jId": "TRAJ44*01", "jStart": 4, "vCanonical": true, "vEnd": 3, "vFixType": "NoFixNeeded", "vId": "TRAV29/DV5*01"}	0
6639	TRA	CAYRLLYNFNKFYF	TRAV38-1*01	TRAJ21*01	HomoSapiens	HLA-E*01:03	B2M	MHCI	VMTTVLATL	Rv1734c	M.tuberculosis	PMID:38439958	{"identification": "tetramer-sort", "frequency": "", "singlecell": "", "sequencing": "sanger", "verification": ""}	{"study.id": "", "cell.subset": "CD8+", "subject.cohort": "LTBI", "subject.id": "", "replica.id": "", "clone.id": "", "epitope.id": "", "tissue": "PBMC", "donor.MHC": "", "donor.MHC.method": "", "structure.id": "", "samples.found": 1, "studies.found": 1}	{"cdr3": "CAYRLLYNFNKFYF", "cdr3_old": "CAYRLLYNFNKFYF", "fixNeeded": false, "good": true, "jCanonical": true, "jFixType": "NoFixNeeded", "jId": "TRAJ21*01", "jStart": 6, "vCanonical": true, "vEnd": 2, "vFixType": "NoFixNeeded", "vId": "TRAV38-1*01"}	0
6640	TRA	CAVRDSAGKSTF	TRAV1-1*01	TRAJ27*01	HomoSapiens	HLA-E*01:03	B2M	MHCI	VMTTVLATL	Rv1734c	M.tuberculosis	PMID:38439958	{"identification": "tetramer-sort", "frequency": "", "singlecell": "", "sequencing": "sanger", "verification": ""}	{"study.id": "", "cell.subset": "CD8+", "subject.cohort": "LTBI", "subject.id": "", "replica.id": "", "clone.id": "", "epitope.id": "", "tissue": "PBMC", "donor.MHC": "", "donor.MHC.method": "", "structure.id": "", "samples.found": 1, "studies.found": 1}	{"cdr3": "CAVRDSAGKSTF", "cdr3_old": "CAVRDSAGKSTF", "fixNeeded": false, "good": true, "jCanonical": true, "jFixType": "NoFixNeeded", "jId": "TRAJ27*01", "jStart": 6, "vCanonical": true, "vEnd": 4, "vFixType": "NoFixNeeded", "vId": "TRAV1-1*01"}	0
6641	TRA	CAASTDSDKLIF	TRAV29/DV5*01	TRAJ34*01	HomoSapiens	HLA-E*01:03	B2M	MHCI	VMTTVLATL	Rv1734c	M.tuberculosis	PMID:38439958	{"identification": "tetramer-sort", "frequency": "", "singlecell": "", "sequencing": "sanger", "verification": ""}	{"study.id": "", "cell.subset": "CD8+", "subject.cohort": "LTBI", "subject.id": "", "replica.id": "", "clone.id": "", "epitope.id": "", "tissue": "PBMC", "donor.MHC": "", "donor.MHC.method": "", "structure.id": "", "samples.found": 1, "studies.found": 1}	{"cdr3": "CAASTDSDKLIF", "cdr3_old": "CAASTDSDKLIF", "fixNeeded": false, "good": true, "jCanonical": true, "jFixType": "NoFixNeeded", "jId": "TRAJ34*01", "jStart": 7, "vCanonical": true, "vEnd": 4, "vFixType": "NoFixNeeded", "vId": "TRAV29/DV5*01"}	0
6643	TRA	CALIGFGNVLHC	TRAV1-1*01	TRAJ35	HomoSapiens	HLA-E*01:03	B2M	MHCI	VMTTVLATL	Rv1734c	M.tuberculosis	PMID:38439958	{"identification": "tetramer-sort", "frequency": "", "singlecell": "", "sequencing": "sanger", "verification": ""}	{"study.id": "", "cell.subset": "CD8+", "subject.cohort": "LTBI", "subject.id": "", "replica.id": "", "clone.id": "", "epitope.id": "", "tissue": "PBMC", "donor.MHC": "", "donor.MHC.method": "", "structure.id": "", "samples.found": 1, "studies.found": 1}	{"cdr3": "CALIGFGNVLHC", "cdr3_old": "CALIGFGNVLHC", "fixNeeded": false, "good": false, "jCanonical": false, "jFixType": "FailedBadSegment", "jId": "TRAJ35", "jStart": -1, "vCanonical": true, "vEnd": 2, "vFixType": "NoFixNeeded", "vId": "TRAV1-1*01"}	0
6644	TRA	CAFDSGGYQKVTF	TRAV1-2*01	TRAJ13*01	HomoSapiens	HLA-E*01:03	B2M	MHCI	VMTTVLATL	Rv1734c	M.tuberculosis	PMID:38439958	{"identification": "tetramer-sort", "frequency": "", "singlecell": "", "sequencing": "sanger", "verification": ""}	{"study.id": "", "cell.subset": "CD8+", "subject.cohort": "LTBI", "subject.id": "", "replica.id": "", "clone.id": "", "epitope.id": "", "tissue": "PBMC", "donor.MHC": "", "donor.MHC.method": "", "structure.id": "", "samples.found": 1, "studies.found": 1}	{"cdr3": "CAFDSGGYQKVTF", "cdr3_old": "CAFDSGGYQKVTF", "fixNeeded": false, "good": true, "jCanonical": true, "jFixType": "NoFixNeeded", "jId": "TRAJ13*01", "jStart": 4, "vCanonical": true, "vEnd": 2, "vFixType": "NoFixNeeded", "vId": "TRAV1-2*01"}	0
6645	TRA	CAVRGDLRGCARQLTF	TRAV1-1*01	TRAJ22*01	HomoSapiens	HLA-E*01:03	B2M	MHCI	VMTTVLATL	Rv1734c	M.tuberculosis	PMID:38439958	{"identification": "tetramer-sort", "frequency": "", "singlecell": "", "sequencing": "sanger", "verification": ""}	{"study.id": "", "cell.subset": "CD8+", "subject.cohort": "LTBI", "subject.id": "", "replica.id": "", "clone.id": "", "epitope.id": "", "tissue": "PBMC", "donor.MHC": "", "donor.MHC.method": "", "structure.id": "", "samples.found": 1, "studies.found": 1}	{"cdr3": "CAVRGDLRGCARQLTF", "cdr3_old": "CAVRGDLRGCARQLTF", "fixNeeded": false, "good": true, "jCanonical": true, "jFixType": "NoFixNeeded", "jId": "TRAJ22*01", "jStart": 10, "vCanonical": true, "vEnd": 4, "vFixType": "NoFixNeeded", "vId": "TRAV1-1*01"}	0
6646	TRA	CALRGLGGGGSNYKLTF	TRAV19*01	TRAJ53*01	HomoSapiens	HLA-E*01:03	B2M	MHCI	VMTTVLATL	Rv1734c	M.tuberculosis	PMID:38439958	{"identification": "tetramer-sort", "frequency": "", "singlecell": "", "sequencing": "sanger", "verification": ""}	{"study.id": "", "cell.subset": "CD8+", "subject.cohort": "LTBI", "subject.id": "", "replica.id": "", "clone.id": "", "epitope.id": "", "tissue": "PBMC", "donor.MHC": "", "donor.MHC.method": "", "structure.id": "", "samples.found": 1, "studies.found": 1}	{"cdr3": "CALRGLGGGGSNYKLTF", "cdr3_old": "CALRGLGGGGSNYKLTF", "fixNeeded": false, "good": true, "jCanonical": true, "jFixType": "NoFixNeeded", "jId": "TRAJ53*01", "jStart": 8, "vCanonical": true, "vEnd": 3, "vFixType": "NoFixNeeded", "vId": "TRAV19*01"}	0
6647	TRA	DRGSTLGRLYF	TRAV1-2*01	TRAJ18*01	HomoSapiens	HLA-E*01:03	B2M	MHCI	VMTTVLATL	Rv1734c	M.tuberculosis	PMID:38439958	{"identification": "tetramer-sort", "frequency": "", "singlecell": "", "sequencing": "sanger", "verification": ""}	{"study.id": "", "cell.subset": "CD8+", "subject.cohort": "LTBI", "subject.id": "", "replica.id": "", "clone.id": "", "epitope.id": "", "tissue": "PBMC", "donor.MHC": "", "donor.MHC.method": "", "structure.id": "", "samples.found": 1, "studies.found": 1}	{"cdr3": "DRGSTLGRLYF", "cdr3_old": "CAVSHSRGSTLRRLYF", "fixNeeded": true, "good": false, "jCanonical": true, "jFixType": "FailedReplace", "jId": "TRAJ18*01", "jStart": -1, "vCanonical": false, "vEnd": 3, "vFixType": "NoFixNeeded", "vId": "TRAV1-2*01"}	0
6648	TRA	CAARREGQNFVF	TRAV29/DV5*01	TRAJ26*01	HomoSapiens	HLA-E*01:03	B2M	MHCI	VMTTVLATL	Rv1734c	M.tuberculosis	PMID:38439958	{"identification": "tetramer-sort", "frequency": "", "singlecell": "", "sequencing": "sanger", "verification": ""}	{"study.id": "", "cell.subset": "CD8+", "subject.cohort": "LTBI", "subject.id": "", "replica.id": "", "clone.id": "", "epitope.id": "", "tissue": "PBMC", "donor.MHC": "", "donor.MHC.method": "", "structure.id": "", "samples.found": 1, "studies.found": 1}	{"cdr3": "CAARREGQNFVF", "cdr3_old": "CAARREGQNFVF", "fixNeeded": false, "good": true, "jCanonical": true, "jFixType": "NoFixNeeded", "jId": "TRAJ26*01", "jStart": 6, "vCanonical": true, "vEnd": 3, "vFixType": "NoFixNeeded", "vId": "TRAV29/DV5*01"}	0
6650	TRA	CAVGMWGFGNVLHC	TRAV41*01	TRAJ35	HomoSapiens	HLA-E*01:03	B2M	MHCI	VMTTVLATL	Rv1734c	M.tuberculosis	PMID:38439958	{"identification": "tetramer-sort", "frequency": "", "singlecell": "", "sequencing": "sanger", "verification": ""}	{"study.id": "", "cell.subset": "CD8+", "subject.cohort": "LTBI", "subject.id": "", "replica.id": "", "clone.id": "", "epitope.id": "", "tissue": "PBMC", "donor.MHC": "", "donor.MHC.method": "", "structure.id": "", "samples.found": 1, "studies.found": 1}	{"cdr3": "CAVGMWGFGNVLHC", "cdr3_old": "CAVGMWGFGNVLHC", "fixNeeded": false, "good": false, "jCanonical": false, "jFixType": "FailedBadSegment", "jId": "TRAJ35", "jStart": -1, "vCanonical": true, "vEnd": 3, "vFixType": "NoFixNeeded", "vId": "TRAV41*01"}	0
6651	TRA	CILSIDTGNQFYF	TRAV26-2*01	TRAJ49*01	HomoSapiens	HLA-E*01:03	B2M	MHCI	VMTTVLATL	Rv1734c	M.tuberculosis	PMID:38439958	{"identification": "tetramer-sort", "frequency": "", "singlecell": "", "sequencing": "sanger", "verification": ""}	{"study.id": "", "cell.subset": "CD8+", "subject.cohort": "LTBI", "subject.id": "", "replica.id": "", "clone.id": "", "epitope.id": "", "tissue": "PBMC", "donor.MHC": "", "donor.MHC.method": "", "structure.id": "", "samples.found": 1, "studies.found": 1}	{"cdr3": "CILSIDTGNQFYF", "cdr3_old": "CILSIDTGNQFYF", "fixNeeded": false, "good": true, "jCanonical": true, "jFixType": "NoFixNeeded", "jId": "TRAJ49*01", "jStart": 6, "vCanonical": true, "vEnd": 3, "vFixType": "NoFixNeeded", "vId": "TRAV26-2*01"}	0
6652	TRA	CAMRADNQGGKLIF	TRAV14/DV4*01	TRAJ23*01	HomoSapiens	HLA-E*01:03	B2M	MHCI	VMTTVLATL	Rv1734c	M.tuberculosis	PMID:38439958	{"identification": "tetramer-sort", "frequency": "", "singlecell": "", "sequencing": "sanger", "verification": ""}	{"study.id": "", "cell.subset": "CD8+", "subject.cohort": "LTBI", "subject.id": "", "replica.id": "", "clone.id": "", "epitope.id": "", "tissue": "PBMC", "donor.MHC": "", "donor.MHC.method": "", "structure.id": "", "samples.found": 1, "studies.found": 1}	{"cdr3": "CAMRADNQGGKLIF", "cdr3_old": "CAMRADNQGGKLIF", "fixNeeded": false, "good": true, "jCanonical": true, "jFixType": "NoFixNeeded", "jId": "TRAJ23*01", "jStart": 6, "vCanonical": true, "vEnd": 4, "vFixType": "NoFixNeeded", "vId": "TRAV14/DV4*01"}	0
6653	TRA	CAVGMWGFGNVLHC	TRAV41*01	TRAJ35	HomoSapiens	HLA-E*01:03	B2M	MHCI	VMTTVLATL	Rv1734c	M.tuberculosis	PMID:38439958	{"identification": "tetramer-sort", "frequency": "", "singlecell": "", "sequencing": "sanger", "verification": ""}	{"study.id": "", "cell.subset": "CD8+", "subject.cohort": "LTBI", "subject.id": "", "replica.id": "", "clone.id": "", "epitope.id": "", "tissue": "PBMC", "donor.MHC": "", "donor.MHC.method": "", "structure.id": "", "samples.found": 1, "studies.found": 1}	{"cdr3": "CAVGMWGFGNVLHC", "cdr3_old": "CAVGMWGFGNVLHC", "fixNeeded": false, "good": false, "jCanonical": false, "jFixType": "FailedBadSegment", "jId": "TRAJ35", "jStart": -1, "vCanonical": true, "vEnd": 3, "vFixType": "NoFixNeeded", "vId": "TRAV41*01"}	0
6654	TRA	CAVRDWGNARLMF	TRAV3*01	TRAJ31*01	HomoSapiens	HLA-E*01:03	B2M	MHCI	VMTTVLATL	Rv1734c	M.tuberculosis	PMID:38439958	{"identification": "tetramer-sort", "frequency": "", "singlecell": "", "sequencing": "sanger", "verification": ""}	{"study.id": "", "cell.subset": "CD8+", "subject.cohort": "LTBI", "subject.id": "", "replica.id": "", "clone.id": "", "epitope.id": "", "tissue": "PBMC", "donor.MHC": "", "donor.MHC.method": "", "structure.id": "", "samples.found": 1, "studies.found": 1}	{"cdr3": "CAVRDWGNARLMF", "cdr3_old": "CAVRDWGNARLMF", "fixNeeded": false, "good": true, "jCanonical": true, "jFixType": "NoFixNeeded", "jId": "TRAJ31*01", "jStart": 7, "vCanonical": true, "vEnd": 5, "vFixType": "NoFixNeeded", "vId": "TRAV3*01"}	0
6655	TRA	CAVRERGNARLMF	TRAV3*01	TRAJ31*01	HomoSapiens	HLA-E*01:03	B2M	MHCI	VMTTVLATL	Rv1734c	M.tuberculosis	PMID:38439958	{"identification": "tetramer-sort", "frequency": "", "singlecell": "", "sequencing": "sanger", "verification": ""}	{"study.id": "", "cell.subset": "CD8+", "subject.cohort": "LTBI", "subject.id": "", "replica.id": "", "clone.id": "", "epitope.id": "", "tissue": "PBMC", "donor.MHC": "", "donor.MHC.method": "", "structure.id": "", "samples.found": 1, "studies.found": 1}	{"cdr3": "CAVRERGNARLMF", "cdr3_old": "CAVRERGNARLMF", "fixNeeded": false, "good": true, "jCanonical": true, "jFixType": "NoFixNeeded", "jId": "TRAJ31*01", "jStart": 7, "vCanonical": true, "vEnd": 4, "vFixType": "NoFixNeeded", "vId": "TRAV3*01"}	0
6656	TRA	CAERSSYQKVTF	TRAV5*01	TRAJ13*01	HomoSapiens	HLA-E*01:03	B2M	MHCI	VMTTVLATL	Rv1734c	M.tuberculosis	PMID:38439958	{"identification": "tetramer-sort", "frequency": "", "singlecell": "", "sequencing": "sanger", "verification": ""}	{"study.id": "", "cell.subset": "CD8+", "subject.cohort": "LTBI", "subject.id": "", "replica.id": "", "clone.id": "", "epitope.id": "", "tissue": "PBMC", "donor.MHC": "", "donor.MHC.method": "", "structure.id": "", "samples.found": 1, "studies.found": 1}	{"cdr3": "CAERSSYQKVTF", "cdr3_old": "CAERSSYQKVTF", "fixNeeded": false, "good": true, "jCanonical": true, "jFixType": "NoFixNeeded", "jId": "TRAJ13*01", "jStart": 6, "vCanonical": true, "vEnd": 3, "vFixType": "NoFixNeeded", "vId": "TRAV5*01"}	0
6657	TRA	CAGFLMNRDDKIIF	TRAV27*01	TRAJ30*01	HomoSapiens	HLA-E*01:03	B2M	MHCI	VMTTVLATL	Rv1734c	M.tuberculosis	PMID:38439958	{"identification": "tetramer-sort", "frequency": "", "singlecell": "", "sequencing": "sanger", "verification": ""}	{"study.id": "", "cell.subset": "CD8+", "subject.cohort": "LTBI", "subject.id": "", "replica.id": "", "clone.id": "", "epitope.id": "", "tissue": "PBMC", "donor.MHC": "", "donor.MHC.method": "", "structure.id": "", "samples.found": 1, "studies.found": 1}	{"cdr3": "CAGFLMNRDDKIIF", "cdr3_old": "CAGFLMNRDDKIIF", "fixNeeded": false, "good": true, "jCanonical": true, "jFixType": "NoFixNeeded", "jId": "TRAJ30*01", "jStart": 6, "vCanonical": true, "vEnd": 3, "vFixType": "NoFixNeeded", "vId": "TRAV27*01"}	0
6658	TRA	CAGFLMNRDDKIIF	TRAV27*01	TRAJ30*01	HomoSapiens	HLA-E*01:03	B2M	MHCI	VMTTVLATL	Rv1734c	M.tuberculosis	PMID:38439958	{"identification": "tetramer-sort", "frequency": "", "singlecell": "", "sequencing": "sanger", "verification": ""}	{"study.id": "", "cell.subset": "CD8+", "subject.cohort": "LTBI", "subject.id": "", "replica.id": "", "clone.id": "", "epitope.id": "", "tissue": "PBMC", "donor.MHC": "", "donor.MHC.method": "", "structure.id": "", "samples.found": 1, "studies.found": 1}	{"cdr3": "CAGFLMNRDDKIIF", "cdr3_old": "CAGFLMNRDDKIIF", "fixNeeded": false, "good": true, "jCanonical": true, "jFixType": "NoFixNeeded", "jId": "TRAJ30*01", "jStart": 6, "vCanonical": true, "vEnd": 3, "vFixType": "NoFixNeeded", "vId": "TRAV27*01"}	0
6660	TRA	CAYRSAHTDKLIF	TRAV38-1*01	TRAJ34*01	HomoSapiens	HLA-E*01:03	B2M	MHCI	VMTTVLATL	Rv1734c	M.tuberculosis	PMID:38439958	{"identification": "tetramer-sort", "frequency": "", "singlecell": "", "sequencing": "sanger", "verification": ""}	{"study.id": "", "cell.subset": "CD8+", "subject.cohort": "LTBI", "subject.id": "", "replica.id": "", "clone.id": "", "epitope.id": "", "tissue": "PBMC", "donor.MHC": "", "donor.MHC.method": "", "structure.id": "", "samples.found": 1, "studies.found": 1}	{"cdr3": "CAYRSAHTDKLIF", "cdr3_old": "CAYRSAHTDKLIF", "fixNeeded": false, "good": true, "jCanonical": true, "jFixType": "NoFixNeeded", "jId": "TRAJ34*01", "jStart": 7, "vCanonical": true, "vEnd": 2, "vFixType": "NoFixNeeded", "vId": "TRAV38-1*01"}	0
6661	TRA	CAASDSGYALNF	TRAV29/DV5*01	TRAJ41*01	HomoSapiens	HLA-E*01:03	B2M	MHCI	VMTTVLATL	Rv1734c	M.tuberculosis	PMID:38439958	{"identification": "tetramer-sort", "frequency": "", "singlecell": "", "sequencing": "sanger", "verification": ""}	{"study.id": "", "cell.subset": "CD8+", "subject.cohort": "LTBI", "subject.id": "", "replica.id": "", "clone.id": "", "epitope.id": "", "tissue": "PBMC", "donor.MHC": "", "donor.MHC.method": "", "structure.id": "", "samples.found": 1, "studies.found": 1}	{"cdr3": "CAASDSGYALNF", "cdr3_old": "CAASDSGYALNF", "fixNeeded": false, "good": true, "jCanonical": true, "jFixType": "NoFixNeeded", "jId": "TRAJ41*01", "jStart": 5, "vCanonical": true, "vEnd": 4, "vFixType": "NoFixNeeded", "vId": "TRAV29/DV5*01"}	0
6662	TRA	CAAGLRELSF	TRAV29/DV5*01	TRAJ20*01	HomoSapiens	HLA-E*01:03	B2M	MHCI	VMTTVLATL	Rv1734c	M.tuberculosis	PMID:38439958	{"identification": "tetramer-sort", "frequency": "", "singlecell": "", "sequencing": "sanger", "verification": ""}	{"study.id": "", "cell.subset": "CD8+", "subject.cohort": "LTBI", "subject.id": "", "replica.id": "", "clone.id": "", "epitope.id": "", "tissue": "PBMC", "donor.MHC": "", "donor.MHC.method": "", "structure.id": "", "samples.found": 1, "studies.found": 1}	{"cdr3": "CAAGLRELSF", "cdr3_old": "CAAGLRELSF", "fixNeeded": false, "good": true, "jCanonical": true, "jFixType": "NoFixNeeded", "jId": "TRAJ20*01", "jStart": 7, "vCanonical": true, "vEnd": 3, "vFixType": "NoFixNeeded", "vId": "TRAV29/DV5*01"}	0
6663	TRA	CAAIDGQKLLF	TRAV5*01	TRAJ16	HomoSapiens	HLA-E*01:03	B2M	MHCI	VMTTVLATL	Rv1734c	M.tuberculosis	PMID:38439958	{"identification": "tetramer-sort", "frequency": "", "singlecell": "", "sequencing": "sanger", "verification": ""}	{"study.id": "", "cell.subset": "CD8+", "subject.cohort": "LTBI", "subject.id": "", "replica.id": "", "clone.id": "", "epitope.id": "", "tissue": "PBMC", "donor.MHC": "", "donor.MHC.method": "", "structure.id": "", "samples.found": 1, "studies.found": 1}	{"cdr3": "CAAIDGQKLLF", "cdr3_old": "CAAIDGQKLLF", "fixNeeded": false, "good": false, "jCanonical": true, "jFixType": "FailedBadSegment", "jId": "TRAJ16", "jStart": -1, "vCanonical": true, "vEnd": 2, "vFixType": "NoFixNeeded", "vId": "TRAV5*01"}	0
6664	TRA	CAAIDGQKLLF	TRAV5*01	TRAJ16	HomoSapiens	HLA-E*01:03	B2M	MHCI	VMTTVLATL	Rv1734c	M.tuberculosis	PMID:38439958	{"identification": "tetramer-sort", "frequency": "", "singlecell": "", "sequencing": "sanger", "verification": ""}	{"study.id": "", "cell.subset": "CD8+", "subject.cohort": "LTBI", "subject.id": "", "replica.id": "", "clone.id": "", "epitope.id": "", "tissue": "PBMC", "donor.MHC": "", "donor.MHC.method": "", "structure.id": "", "samples.found": 1, "studies.found": 1}	{"cdr3": "CAAIDGQKLLF", "cdr3_old": "CAAIDGQKLLF", "fixNeeded": false, "good": false, "jCanonical": true, "jFixType": "FailedBadSegment", "jId": "TRAJ16", "jStart": -1, "vCanonical": true, "vEnd": 2, "vFixType": "NoFixNeeded", "vId": "TRAV5*01"}	0
6665	TRA	CALDGQKLLF	TRAV1-2*01	TRAJ16	HomoSapiens	HLA-E*01:03	B2M	MHCI	VMTTVLATL	Rv1734c	M.tuberculosis	PMID:38439958	{"identification": "tetramer-sort", "frequency": "", "singlecell": "", "sequencing": "sanger", "verification": ""}	{"study.id": "", "cell.subset": "CD8+", "subject.cohort": "LTBI", "subject.id": "", "replica.id": "", "clone.id": "", "epitope.id": "", "tissue": "PBMC", "donor.MHC": "", "donor.MHC.method": "", "structure.id": "", "samples.found": 1, "studies.found": 1}	{"cdr3": "CALDGQKLLF", "cdr3_old": "CALDGQKLLF", "fixNeeded": false, "good": false, "jCanonical": true, "jFixType": "FailedBadSegment", "jId": "TRAJ16", "jStart": -1, "vCanonical": true, "vEnd": 2, "vFixType": "NoFixNeeded", "vId": "TRAV1-2*01"}	0
6666	TRA	CAGGSNYKLTF	TRAV27*01	TRAJ53*01	HomoSapiens	HLA-E*01:03	B2M	MHCI	VMTTVLATL	Rv1734c	M.tuberculosis	PMID:38439958	{"identification": "tetramer-sort", "frequency": "", "singlecell": "", "sequencing": "sanger", "verification": ""}	{"study.id": "", "cell.subset": "CD8+", "subject.cohort": "LTBI", "subject.id": "", "replica.id": "", "clone.id": "", "epitope.id": "", "tissue": "PBMC", "donor.MHC": "", "donor.MHC.method": "", "structure.id": "", "samples.found": 1, "studies.found": 1}	{"cdr3": "CAGGSNYKLTF", "cdr3_old": "CAGGSNYKLTF", "fixNeeded": false, "good": true, "jCanonical": true, "jFixType": "NoFixNeeded", "jId": "TRAJ53*01", "jStart": 2, "vCanonical": true, "vEnd": 3, "vFixType": "NoFixNeeded", "vId": "TRAV27*01"}	0
6667	TRA	CVGFSGNTGKLIF	TRAV12-1*01	TRAJ37*01	HomoSapiens	HLA-E*01:03	B2M	MHCI	VMATRRNVL	Rv1518	M.tuberculosis	PMID:38439958	{"identification": "tetramer-sort", "frequency": "", "singlecell": "", "sequencing": "sanger", "verification": ""}	{"study.id": "", "cell.subset": "CD8+", "subject.cohort": "LTBI", "subject.id": "", "replica.id": "", "clone.id": "", "epitope.id": "", "tissue": "PBMC", "donor.MHC": "", "donor.MHC.method": "", "structure.id": "", "samples.found": 1, "studies.found": 1}	{"cdr3": "CVGFSGNTGKLIF", "cdr3_old": "CVGFSGNTGKLIF", "fixNeeded": false, "good": true, "jCanonical": true, "jFixType": "NoFixNeeded", "jId": "TRAJ37*01", "jStart": 4, "vCanonical": true, "vEnd": 2, "vFixType": "NoFixNeeded", "vId": "TRAV12-1*01"}	0
6668	TRA	CAGGGGFKTIF	TRAV5*01	TRAJ9*01	HomoSapiens	HLA-E*01:03	B2M	MHCI	VMATRRNVL	Rv1518	M.tuberculosis	PMID:38439958	{"identification": "tetramer-sort", "frequency": "", "singlecell": "", "sequencing": "sanger", "verification": ""}	{"study.id": "", "cell.subset": "CD8+", "subject.cohort": "LTBI", "subject.id": "", "replica.id": "", "clone.id": "", "epitope.id": "", "tissue": "PBMC", "donor.MHC": "", "donor.MHC.method": "", "structure.id": "", "samples.found": 1, "studies.found": 1}	{"cdr3": "CAGGGGFKTIF", "cdr3_old": "CAGGGGFKTIF", "fixNeeded": false, "good": true, "jCanonical": true, "jFixType": "NoFixNeeded", "jId": "TRAJ9*01", "jStart": 4, "vCanonical": true, "vEnd": 2, "vFixType": "NoFixNeeded", "vId": "TRAV5*01"}	0
6669	TRA	CAVTGANNLFF	TRAV12-2*01	TRAJ36*01	HomoSapiens	HLA-E*01:03	B2M	MHCI	VMATRRNVL	Rv1518	M.tuberculosis	PMID:38439958	{"identification": "tetramer-sort", "frequency": "", "singlecell": "", "sequencing": "sanger", "verification": ""}	{"study.id": "", "cell.subset": "CD8+", "subject.cohort": "LTBI", "subject.id": "", "replica.id": "", "clone.id": "", "epitope.id": "", "tissue": "PBMC", "donor.MHC": "", "donor.MHC.method": "", "structure.id": "", "samples.found": 1, "studies.found": 1}	{"cdr3": "CAVTGANNLFF", "cdr3_old": "CAVTGANNLFF", "fixNeeded": false, "good": true, "jCanonical": true, "jFixType": "NoFixNeeded", "jId": "TRAJ36*01", "jStart": 3, "vCanonical": true, "vEnd": 3, "vFixType": "NoFixNeeded", "vId": "TRAV12-2*01"}	0
6670	TRA	CAVSALSGGYNKLIF	TRAV8-6*01	TRAJ4*01	HomoSapiens	HLA-E*01:03	B2M	MHCI	VMATRRNVL	Rv1518	M.tuberculosis	PMID:38439958	{"identification": "tetramer-sort", "frequency": "", "singlecell": "", "sequencing": "sanger", "verification": ""}	{"study.id": "", "cell.subset": "CD8+", "subject.cohort": "LTBI", "subject.id": "", "replica.id": "", "clone.id": "", "epitope.id": "", "tissue": "PBMC", "donor.MHC": "", "donor.MHC.method": "", "structure.id": "", "samples.found": 1, "studies.found": 1}	{"cdr3": "CAVSALSGGYNKLIF", "cdr3_old": "CAVSALSGGYNKLIF", "fixNeeded": false, "good": true, "jCanonical": true, "jFixType": "NoFixNeeded", "jId": "TRAJ4*01", "jStart": 6, "vCanonical": true, "vEnd": 4, "vFixType": "NoFixNeeded", "vId": "TRAV8-6*01"}	0
6671	TRA	CAVNVGYGQNFVF	TRAV12-2*01	TRAJ26*01	HomoSapiens	HLA-E*01:03	B2M	MHCI	VMATRRNVL	Rv1518	M.tuberculosis	PMID:38439958	{"identification": "tetramer-sort", "frequency": "", "singlecell": "", "sequencing": "sanger", "verification": ""}	{"study.id": "", "cell.subset": "CD8+", "subject.cohort": "LTBI", "subject.id": "", "replica.id": "", "clone.id": "", "epitope.id": "", "tissue": "PBMC", "donor.MHC": "", "donor.MHC.method": "", "structure.id": "", "samples.found": 1, "studies.found": 1}	{"cdr3": "CAVNVGYGQNFVF", "cdr3_old": "CAVNVGYGQNFVF", "fixNeeded": false, "good": true, "jCanonical": true, "jFixType": "NoFixNeeded", "jId": "TRAJ26*01", "jStart": 6, "vCanonical": true, "vEnd": 4, "vFixType": "NoFixNeeded", "vId": "TRAV12-2*01"}	0
6672	TRA	CAMREGKTGTASKLTF	TRAV14/DV4*01	TRAJ44*01	HomoSapiens	HLA-E*01:03	B2M	MHCI	VMATRRNVL	Rv1518	M.tuberculosis	PMID:38439958	{"identification": "tetramer-sort", "frequency": "", "singlecell": "", "sequencing": "sanger", "verification": ""}	{"study.id": "", "cell.subset": "CD8+", "subject.cohort": "LTBI", "subject.id": "", "replica.id": "", "clone.id": "", "epitope.id": "", "tissue": "PBMC", "donor.MHC": "", "donor.MHC.method": "", "structure.id": "", "samples.found": 1, "studies.found": 1}	{"cdr3": "CAMREGKTGTASKLTF", "cdr3_old": "CAMREGKTGTASKLTF", "fixNeeded": false, "good": true, "jCanonical": true, "jFixType": "NoFixNeeded", "jId": "TRAJ44*01", "jStart": 7, "vCanonical": true, "vEnd": 5, "vFixType": "NoFixNeeded", "vId": "TRAV14/DV4*01"}	0
6673	TRA	TTDSWGKFEF	TRAV16*01	TRAJ24*01	HomoSapiens	HLA-E*01:03	B2M	MHCI	VMATRRNVL	Rv1518	M.tuberculosis	PMID:38439958	{"identification": "tetramer-sort", "frequency": "", "singlecell": "", "sequencing": "sanger", "verification": ""}	{"study.id": "", "cell.subset": "CD8+", "subject.cohort": "LTBI", "subject.id": "", "replica.id": "", "clone.id": "", "epitope.id": "", "tissue": "PBMC", "donor.MHC": "", "donor.MHC.method": "", "structure.id": "", "samples.found": 1, "studies.found": 1}	{"cdr3": "TTDSWGKFEF", "cdr3_old": "CALSTGSWGKLQF", "fixNeeded": true, "good": false, "jCanonical": true, "jFixType": "FailedReplace", "jId": "TRAJ24*01", "jStart": -1, "vCanonical": false, "vEnd": 4, "vFixType": "NoFixNeeded", "vId": "TRAV16*01"}	0
6674	TRA	CAMRAFTTSGTYKYIF	TRAV14/DV4*01	TRAJ40*01	HomoSapiens	HLA-E*01:03	B2M	MHCI	VMATRRNVL	Rv1518	M.tuberculosis	PMID:38439958	{"identification": "tetramer-sort", "frequency": "", "singlecell": "", "sequencing": "sanger", "verification": ""}	{"study.id": "", "cell.subset": "CD8+", "subject.cohort": "LTBI", "subject.id": "", "replica.id": "", "clone.id": "", "epitope.id": "", "tissue": "PBMC", "donor.MHC": "", "donor.MHC.method": "", "structure.id": "", "samples.found": 1, "studies.found": 1}	{"cdr3": "CAMRAFTTSGTYKYIF", "cdr3_old": "CAMRAFTTSGTYKYIF", "fixNeeded": false, "good": true, "jCanonical": true, "jFixType": "NoFixNeeded", "jId": "TRAJ40*01", "jStart": 6, "vCanonical": true, "vEnd": 4, "vFixType": "NoFixNeeded", "vId": "TRAV14/DV4*01"}	0
6675	TRA	CILPSYSGAGSYQLTF	TRAV26-2*01	TRAJ28*01	HomoSapiens	HLA-E*01:03	B2M	MHCI	VMATRRNVL	Rv1518	M.tuberculosis	PMID:38439958	{"identification": "tetramer-sort", "frequency": "", "singlecell": "", "sequencing": "sanger", "verification": ""}	{"study.id": "", "cell.subset": "CD8+", "subject.cohort": "LTBI", "subject.id": "", "replica.id": "", "clone.id": "", "epitope.id": "", "tissue": "PBMC", "donor.MHC": "", "donor.MHC.method": "", "structure.id": "", "samples.found": 1, "studies.found": 1}	{"cdr3": "CILPSYSGAGSYQLTF", "cdr3_old": "CILPSYSGAGSYQLTF", "fixNeeded": false, "good": true, "jCanonical": true, "jFixType": "NoFixNeeded", "jId": "TRAJ28*01", "jStart": 5, "vCanonical": true, "vEnd": 3, "vFixType": "NoFixNeeded", "vId": "TRAV26-2*01"}	0
6677	TRA	CAMSGLNRDGTASKLTF	TRAV14/DV4*01	TRAJ44*01	HomoSapiens	HLA-E*01:03	B2M	MHCI	VMATRRNVL	Rv1518	M.tuberculosis	PMID:38439958	{"identification": "tetramer-sort", "frequency": "", "singlecell": "", "sequencing": "sanger", "verification": ""}	{"study.id": "", "cell.subset": "CD8+", "subject.cohort": "LTBI", "subject.id": "", "replica.id": "", "clone.id": "", "epitope.id": "", "tissue": "PBMC", "donor.MHC": "", "donor.MHC.method": "", "structure.id": "", "samples.found": 1, "studies.found": 1}	{"cdr3": "CAMSGLNRDGTASKLTF", "cdr3_old": "CAMSGLNRDGTASKLTF", "fixNeeded": false, "good": true, "jCanonical": true, "jFixType": "NoFixNeeded", "jId": "TRAJ44*01", "jStart": 9, "vCanonical": true, "vEnd": 3, "vFixType": "NoFixNeeded", "vId": "TRAV14/DV4*01"}	0
6678	TRA	CAVRTVDSNYQLIW	TRAV41*01	TRAJ33*01	HomoSapiens	HLA-E*01:03	B2M	MHCI	VMATRRNVL	Rv1518	M.tuberculosis	PMID:38439958	{"identification": "tetramer-sort", "frequency": "", "singlecell": "", "sequencing": "sanger", "verification": ""}	{"study.id": "", "cell.subset": "CD8+", "subject.cohort": "LTBI", "subject.id": "", "replica.id": "", "clone.id": "", "epitope.id": "", "tissue": "PBMC", "donor.MHC": "", "donor.MHC.method": "", "structure.id": "", "samples.found": 1, "studies.found": 1}	{"cdr3": "CAVRTVDSNYQLIW", "cdr3_old": "CAVRTVDSNYQLIW", "fixNeeded": false, "good": true, "jCanonical": true, "jFixType": "NoFixNeeded", "jId": "TRAJ33*01", "jStart": 6, "vCanonical": true, "vEnd": 4, "vFixType": "NoFixNeeded", "vId": "TRAV41*01"}	0
6679	TRA	CAVRSVDSNYQLIW	TRAV41*01	TRAJ33*01	HomoSapiens	HLA-E*01:03	B2M	MHCI	VMATRRNVL	Rv1518	M.tuberculosis	PMID:38439958	{"identification": "tetramer-sort", "frequency": "", "singlecell": "", "sequencing": "sanger", "verification": ""}	{"study.id": "", "cell.subset": "CD8+", "subject.cohort": "LTBI", "subject.id": "", "replica.id": "", "clone.id": "", "epitope.id": "", "tissue": "PBMC", "donor.MHC": "", "donor.MHC.method": "", "structure.id": "", "samples.found": 1, "studies.found": 1}	{"cdr3": "CAVRSVDSNYQLIW", "cdr3_old": "WAVRSVDSNYQLIW", "fixNeeded": true, "good": true, "jCanonical": true, "jFixType": "NoFixNeeded", "jId": "TRAJ33*01", "jStart": 6, "vCanonical": true, "vEnd": 3, "vFixType": "FixReplace", "vId": "TRAV41*01"}	0
6680	TRA	CAVNGDRGSTLGRLYF	TRAV12-2*01	TRAJ18*01	HomoSapiens	HLA-E*01:03	B2M	MHCI	VMATRRNVL	Rv1518	M.tuberculosis	PMID:38439958	{"identification": "tetramer-sort", "frequency": "", "singlecell": "", "sequencing": "sanger", "verification": ""}	{"study.id": "", "cell.subset": "CD8+", "subject.cohort": "LTBI", "subject.id": "", "replica.id": "", "clone.id": "", "epitope.id": "", "tissue": "PBMC", "donor.MHC": "", "donor.MHC.method": "", "structure.id": "", "samples.found": 1, "studies.found": 1}	{"cdr3": "CAVNGDRGSTLGRLYF", "cdr3_old": "CAVNGDRGSTLGRLYF", "fixNeeded": false, "good": true, "jCanonical": true, "jFixType": "NoFixNeeded", "jId": "TRAJ18*01", "jStart": 5, "vCanonical": true, "vEnd": 4, "vFixType": "NoFixNeeded", "vId": "TRAV12-2*01"}	0
6681	TRA	CLVGDPSGGYNKLIF	TRAV4*01	TRAJ4*01	HomoSapiens	HLA-E*01:03	B2M	MHCI	VMATRRNVL	Rv1518	M.tuberculosis	PMID:38439958	{"identification": "tetramer-sort", "frequency": "", "singlecell": "", "sequencing": "sanger", "verification": ""}	{"study.id": "", "cell.subset": "CD8+", "subject.cohort": "LTBI", "subject.id": "", "replica.id": "", "clone.id": "", "epitope.id": "", "tissue": "PBMC", "donor.MHC": "", "donor.MHC.method": "", "structure.id": "", "samples.found": 1, "studies.found": 1}	{"cdr3": "CLVGDPSGGYNKLIF", "cdr3_old": "CLVGDPSGGYNKLIF", "fixNeeded": false, "good": true, "jCanonical": true, "jFixType": "NoFixNeeded", "jId": "TRAJ4*01", "jStart": 6, "vCanonical": true, "vEnd": 5, "vFixType": "NoFixNeeded", "vId": "TRAV4*01"}	0
6682	TRA	CAVRDRGSGGYQKVTF	TRAV1-1*01	TRAJ13*01	HomoSapiens	HLA-E*01:03	B2M	MHCI	VMATRRNVL	Rv1518	M.tuberculosis	PMID:38439958	{"identification": "tetramer-sort", "frequency": "", "singlecell": "", "sequencing": "sanger", "verification": ""}	{"study.id": "", "cell.subset": "CD8+", "subject.cohort": "LTBI", "subject.id": "", "replica.id": "", "clone.id": "", "epitope.id": "", "tissue": "PBMC", "donor.MHC": "", "donor.MHC.method": "", "structure.id": "", "samples.found": 1, "studies.found": 1}	{"cdr3": "CAVRDRGSGGYQKVTF", "cdr3_old": "CAVRDRGSGGYQKVTF", "fixNeeded": false, "good": true, "jCanonical": true, "jFixType": "NoFixNeeded", "jId": "TRAJ13*01", "jStart": 7, "vCanonical": true, "vEnd": 4, "vFixType": "NoFixNeeded", "vId": "TRAV1-1*01"}	0
6683	TRA	CAVDFTGNQFYF	TRAV8-3*01	TRAJ49*01	HomoSapiens	HLA-E*01:03	B2M	MHCI	VMATRRNVL	Rv1518	M.tuberculosis	PMID:38439958	{"identification": "tetramer-sort", "frequency": "", "singlecell": "", "sequencing": "sanger", "verification": ""}	{"study.id": "", "cell.subset": "CD8+", "subject.cohort": "LTBI", "subject.id": "", "replica.id": "", "clone.id": "", "epitope.id": "", "tissue": "PBMC", "donor.MHC": "", "donor.MHC.method": "", "structure.id": "", "samples.found": 1, "studies.found": 1}	{"cdr3": "CAVDFTGNQFYF", "cdr3_old": "CAVDFTGNQFYF", "fixNeeded": false, "good": true, "jCanonical": true, "jFixType": "NoFixNeeded", "jId": "TRAJ49*01", "jStart": 5, "vCanonical": true, "vEnd": 3, "vFixType": "NoFixNeeded", "vId": "TRAV8-3*01"}	0
6684	TRA	NYGGATNKLIF	TRAV12-2*01	TRAJ32*01	HomoSapiens	HLA-E*01:03	B2M	MHCI	VMATRRNVL	Rv1518	M.tuberculosis	PMID:38439958	{"identification": "tetramer-sort", "frequency": "", "singlecell": "", "sequencing": "sanger", "verification": ""}	{"study.id": "", "cell.subset": "CD8+", "subject.cohort": "LTBI", "subject.id": "", "replica.id": "", "clone.id": "", "epitope.id": "", "tissue": "PBMC", "donor.MHC": "", "donor.MHC.method": "", "structure.id": "", "samples.found": 1, "studies.found": 1}	{"cdr3": "NYGGATNKLIF", "cdr3_old": "CAVDSYGGETSKLMC", "fixNeeded": true, "good": false, "jCanonical": true, "jFixType": "FailedReplace", "jId": "TRAJ32*01", "jStart": -1, "vCanonical": false, "vEnd": 3, "vFixType": "NoFixNeeded", "vId": "TRAV12-2*01"}	0
6685	TRA	CGVTLTGGRYILTF	TRAV1-2*01	TRAJ6*01	HomoSapiens	HLA-E*01:03	B2M	MHCI	VMATRRNVL	Rv1518	M.tuberculosis	PMID:38439958	{"identification": "tetramer-sort", "frequency": "", "singlecell": "", "sequencing": "sanger", "verification": ""}	{"study.id": "", "cell.subset": "CD8+", "subject.cohort": "LTBI", "subject.id": "", "replica.id": "", "clone.id": "", "epitope.id": "", "tissue": "PBMC", "donor.MHC": "", "donor.MHC.method": "", "structure.id": "", "samples.found": 1, "studies.found": 1}	{"cdr3": "CGVTLTGGRYILTF", "cdr3_old": "CGVTLTGGRYILTF", "fixNeeded": false, "good": false, "jCanonical": true, "jFixType": "NoFixNeeded", "jId": "TRAJ6*01", "jStart": 12, "vCanonical": true, "vEnd": -1, "vFixType": "FailedNoAlignment", "vId": "TRAV1-2*01"}	0
6686	TRA	DSNYQLIW	TRAV1-2*01	TRAJ33*01	HomoSapiens	HLA-E*01:03	B2M	MHCI	VMATRRNVL	Rv1518	M.tuberculosis	PMID:38439958	{"identification": "tetramer-sort", "frequency": "", "singlecell": "", "sequencing": "sanger", "verification": ""}	{"study.id": "", "cell.subset": "CD8+", "subject.cohort": "LTBI", "subject.id": "", "replica.id": "", "clone.id": "", "epitope.id": "", "tissue": "PBMC", "donor.MHC": "", "donor.MHC.method": "", "structure.id": "", "samples.found": 1, "studies.found": 1}	{"cdr3": "DSNYQLIW", "cdr3_old": "CPGSGSNYRFIW", "fixNeeded": true, "good": false, "jCanonical": true, "jFixType": "FailedReplace", "jId": "TRAJ33*01", "jStart": -1, "vCanonical": false, "vEnd": -1, "vFixType": "FailedNoAlignment", "vId": "TRAV1-2*01"}	0
6687	TRA	CVVTEHNNDMRF	TRAV10*01	TRAJ43*01	HomoSapiens	HLA-E*01:03	B2M	MHCI	VMATRRNVL	Rv1518	M.tuberculosis	PMID:38439958	{"identification": "tetramer-sort", "frequency": "", "singlecell": "", "sequencing": "sanger", "verification": ""}	{"study.id": "", "cell.subset": "CD8+", "subject.cohort": "LTBI", "subject.id": "", "replica.id": "", "clone.id": "", "epitope.id": "", "tissue": "PBMC", "donor.MHC": "", "donor.MHC.method": "", "structure.id": "", "samples.found": 1, "studies.found": 1}	{"cdr3": "CVVTEHNNDMRF", "cdr3_old": "CVVTEHNNDMRF", "fixNeeded": false, "good": true, "jCanonical": true, "jFixType": "NoFixNeeded", "jId": "TRAJ43*01", "jStart": 6, "vCanonical": true, "vEnd": 3, "vFixType": "NoFixNeeded", "vId": "TRAV10*01"}	0
6688	TRA	CAVNVRSDAGKSTF	TRAV12-2*01	TRAJ27*01	HomoSapiens	HLA-E*01:03	B2M	MHCI	VMATRRNVL	Rv1518	M.tuberculosis	PMID:38439958	{"identification": "tetramer-sort", "frequency": "", "singlecell": "", "sequencing": "sanger", "verification": ""}	{"study.id": "", "cell.subset": "CD8+", "subject.cohort": "LTBI", "subject.id": "", "replica.id": "", "clone.id": "", "epitope.id": "", "tissue": "PBMC", "donor.MHC": "", "donor.MHC.method": "", "structure.id": "", "samples.found": 1, "studies.found": 1}	{"cdr3": "CAVNVRSDAGKSTF", "cdr3_old": "CAVNVRSDAGKSTF", "fixNeeded": false, "good": true, "jCanonical": true, "jFixType": "NoFixNeeded", "jId": "TRAJ27*01", "jStart": 8, "vCanonical": true, "vEnd": 4, "vFixType": "NoFixNeeded", "vId": "TRAV12-2*01"}	0
6689	TRA	CATSGFGNVLHC	TRAV6*01	TRAJ35	HomoSapiens	HLA-E*01:03	B2M	MHCI	VMATRRNVL	Rv1518	M.tuberculosis	PMID:38439958	{"identification": "tetramer-sort", "frequency": "", "singlecell": "", "sequencing": "sanger", "verification": ""}	{"study.id": "", "cell.subset": "CD8+", "subject.cohort": "LTBI", "subject.id": "", "replica.id": "", "clone.id": "", "epitope.id": "", "tissue": "PBMC", "donor.MHC": "", "donor.MHC.method": "", "structure.id": "", "samples.found": 1, "studies.found": 1}	{"cdr3": "CATSGFGNVLHC", "cdr3_old": "CATSGFGNVLHC", "fixNeeded": false, "good": false, "jCanonical": false, "jFixType": "FailedBadSegment", "jId": "TRAJ35", "jStart": -1, "vCanonical": true, "vEnd": 2, "vFixType": "NoFixNeeded", "vId": "TRAV6*01"}	0
6690	TRA	CAASDRSGAGSYQLTF	TRAV29/DV5*01	TRAJ28*01	HomoSapiens	HLA-E*01:03	B2M	MHCI	VMATRRNVL	Rv1518	M.tuberculosis	PMID:38439958	{"identification": "tetramer-sort", "frequency": "", "singlecell": "", "sequencing": "sanger", "verification": ""}	{"study.id": "", "cell.subset": "CD8+", "subject.cohort": "LTBI", "subject.id": "", "replica.id": "", "clone.id": "", "epitope.id": "", "tissue": "PBMC", "donor.MHC": "", "donor.MHC.method": "", "structure.id": "", "samples.found": 1, "studies.found": 1}	{"cdr3": "CAASDRSGAGSYQLTF", "cdr3_old": "CAASDRSGAGSYQLTF", "fixNeeded": false, "good": true, "jCanonical": true, "jFixType": "NoFixNeeded", "jId": "TRAJ28*01", "jStart": 6, "vCanonical": true, "vEnd": 4, "vFixType": "NoFixNeeded", "vId": "TRAV29/DV5*01"}	0
6691	TRA	CGALKPGNQFYF	TRAV34*01	TRAJ49*01	HomoSapiens	HLA-E*01:03	B2M	MHCI	VMATRRNVL	Rv1518	M.tuberculosis	PMID:38439958	{"identification": "tetramer-sort", "frequency": "", "singlecell": "", "sequencing": "sanger", "verification": ""}	{"study.id": "", "cell.subset": "CD8+", "subject.cohort": "LTBI", "subject.id": "", "replica.id": "", "clone.id": "", "epitope.id": "", "tissue": "PBMC", "donor.MHC": "", "donor.MHC.method": "", "structure.id": "", "samples.found": 1, "studies.found": 1}	{"cdr3": "CGALKPGNQFYF", "cdr3_old": "CGALKPGNQFYF", "fixNeeded": false, "good": true, "jCanonical": true, "jFixType": "NoFixNeeded", "jId": "TRAJ49*01", "jStart": 6, "vCanonical": true, "vEnd": 3, "vFixType": "NoFixNeeded", "vId": "TRAV34*01"}	0
6692	TRA	CAVGSNFGNEKLTF	TRAV8-3*01	TRAJ48*01	HomoSapiens	HLA-E*01:03	B2M	MHCI	VMATRRNVL	Rv1518	M.tuberculosis	PMID:38439958	{"identification": "tetramer-sort", "frequency": "", "singlecell": "", "sequencing": "sanger", "verification": ""}	{"study.id": "", "cell.subset": "CD8+", "subject.cohort": "LTBI", "subject.id": "", "replica.id": "", "clone.id": "", "epitope.id": "", "tissue": "PBMC", "donor.MHC": "", "donor.MHC.method": "", "structure.id": "", "samples.found": 1, "studies.found": 1}	{"cdr3": "CAVGSNFGNEKLTF", "cdr3_old": "CAVGSNFGNEKLTF", "fixNeeded": false, "good": true, "jCanonical": true, "jFixType": "NoFixNeeded", "jId": "TRAJ48*01", "jStart": 4, "vCanonical": true, "vEnd": 4, "vFixType": "NoFixNeeded", "vId": "TRAV8-3*01"}	0
6693	TRA	CAAQDNYGQNFVF	TRAV21*01	TRAJ26*01	HomoSapiens	HLA-E*01:03	B2M	MHCI	VMATRRNVL	Rv1518	M.tuberculosis	PMID:38439958	{"identification": "tetramer-sort", "frequency": "", "singlecell": "", "sequencing": "sanger", "verification": ""}	{"study.id": "", "cell.subset": "CD8+", "subject.cohort": "LTBI", "subject.id": "", "replica.id": "", "clone.id": "", "epitope.id": "", "tissue": "PBMC", "donor.MHC": "", "donor.MHC.method": "", "structure.id": "", "samples.found": 1, "studies.found": 1}	{"cdr3": "CAAQDNYGQNFVF", "cdr3_old": "CAAQDNYGQNFVF", "fixNeeded": false, "good": true, "jCanonical": true, "jFixType": "NoFixNeeded", "jId": "TRAJ26*01", "jStart": 4, "vCanonical": true, "vEnd": 2, "vFixType": "NoFixNeeded", "vId": "TRAV21*01"}	0
6694	TRA	CAMRGGNSRAGSYQLTF	TRAV14/DV4*01	TRAJ28*01	HomoSapiens	HLA-E*01:03	B2M	MHCI	VMATRRNVL	Rv1518	M.tuberculosis	PMID:38439958	{"identification": "tetramer-sort", "frequency": "", "singlecell": "", "sequencing": "sanger", "verification": ""}	{"study.id": "", "cell.subset": "CD8+", "subject.cohort": "LTBI", "subject.id": "", "replica.id": "", "clone.id": "", "epitope.id": "", "tissue": "PBMC", "donor.MHC": "", "donor.MHC.method": "", "structure.id": "", "samples.found": 1, "studies.found": 1}	{"cdr3": "CAMRGGNSRAGSYQLTF", "cdr3_old": "CAMRGGNSRAGSYQLTF", "fixNeeded": false, "good": true, "jCanonical": true, "jFixType": "NoFixNeeded", "jId": "TRAJ28*01", "jStart": 9, "vCanonical": true, "vEnd": 4, "vFixType": "NoFixNeeded", "vId": "TRAV14/DV4*01"}	0
6695	TRA	CAMRDDDTGTASKLTF	TRAV14/DV4*01	TRAJ44*01	HomoSapiens	HLA-E*01:03	B2M	MHCI	VMATRRNVL	Rv1518	M.tuberculosis	PMID:38439958	{"identification": "tetramer-sort", "frequency": "", "singlecell": "", "sequencing": "sanger", "verification": ""}	{"study.id": "", "cell.subset": "CD8+", "subject.cohort": "LTBI", "subject.id": "", "replica.id": "", "clone.id": "", "epitope.id": "", "tissue": "PBMC", "donor.MHC": "", "donor.MHC.method": "", "structure.id": "", "samples.found": 1, "studies.found": 1}	{"cdr3": "CAMRDDDTGTASKLTF", "cdr3_old": "CAMRDDDTGTASKLTF", "fixNeeded": false, "good": true, "jCanonical": true, "jFixType": "NoFixNeeded", "jId": "TRAJ44*01", "jStart": 7, "vCanonical": true, "vEnd": 4, "vFixType": "NoFixNeeded", "vId": "TRAV14/DV4*01"}	0
6696	TRA	CAMSEGDTGTASKLTF	TRAV14/DV4*01	TRAJ44*01	HomoSapiens	HLA-E*01:03	B2M	MHCI	VMATRRNVL	Rv1518	M.tuberculosis	PMID:38439958	{"identification": "tetramer-sort", "frequency": "", "singlecell": "", "sequencing": "sanger", "verification": ""}	{"study.id": "", "cell.subset": "CD8+", "subject.cohort": "LTBI", "subject.id": "", "replica.id": "", "clone.id": "", "epitope.id": "", "tissue": "PBMC", "donor.MHC": "", "donor.MHC.method": "", "structure.id": "", "samples.found": 1, "studies.found": 1}	{"cdr3": "CAMSEGDTGTASKLTF", "cdr3_old": "CAMSEGDTGTASKLTF", "fixNeeded": false, "good": true, "jCanonical": true, "jFixType": "NoFixNeeded", "jId": "TRAJ44*01", "jStart": 7, "vCanonical": true, "vEnd": 3, "vFixType": "NoFixNeeded", "vId": "TRAV14/DV4*01"}	0
6697	TRA	CAQRTSGTYKYIF	TRAV8-4*01	TRAJ40*01	HomoSapiens	HLA-E*01:03	B2M	MHCI	VMATRRNVL	Rv1518	M.tuberculosis	PMID:38439958	{"identification": "tetramer-sort", "frequency": "", "singlecell": "", "sequencing": "sanger", "verification": ""}	{"study.id": "", "cell.subset": "CD8+", "subject.cohort": "LTBI", "subject.id": "", "replica.id": "", "clone.id": "", "epitope.id": "", "tissue": "PBMC", "donor.MHC": "", "donor.MHC.method": "", "structure.id": "", "samples.found": 1, "studies.found": 1}	{"cdr3": "CAQRTSGTYKYIF", "cdr3_old": "CAQRTSGTYKYIF", "fixNeeded": false, "good": true, "jCanonical": true, "jFixType": "NoFixNeeded", "jId": "TRAJ40*01", "jStart": 4, "vCanonical": true, "vEnd": 2, "vFixType": "NoFixNeeded", "vId": "TRAV8-4*01"}	0
6698	TRA	CAVR	TRAV1-1*01	TRAJ28*01	HomoSapiens	HLA-E*01:03	B2M	MHCI	VMATRRNVL	Rv1518	M.tuberculosis	PMID:38439958	{"identification": "tetramer-sort", "frequency": "", "singlecell": "", "sequencing": "sanger", "verification": ""}	{"study.id": "", "cell.subset": "CD8+", "subject.cohort": "LTBI", "subject.id": "", "replica.id": "", "clone.id": "", "epitope.id": "", "tissue": "PBMC", "donor.MHC": "", "donor.MHC.method": "", "structure.id": "", "samples.found": 1, "studies.found": 1}	{"cdr3": "CAVR", "cdr3_old": "CPVRDSGAGTYQFTF", "fixNeeded": true, "good": false, "jCanonical": false, "jFixType": "FailedNoAlignment", "jId": "TRAJ28*01", "jStart": -1, "vCanonical": true, "vEnd": -1, "vFixType": "FailedReplace", "vId": "TRAV1-1*01"}	0
6699	TRA	CAMREVCGRTFVF	TRAV14/DV4*01	TRAJ26*01	HomoSapiens	HLA-E*01:03	B2M	MHCI	VMATRRNVL	Rv1518	M.tuberculosis	PMID:38439958	{"identification": "tetramer-sort", "frequency": "", "singlecell": "", "sequencing": "sanger", "verification": ""}	{"study.id": "", "cell.subset": "CD8+", "subject.cohort": "LTBI", "subject.id": "", "replica.id": "", "clone.id": "", "epitope.id": "", "tissue": "PBMC", "donor.MHC": "", "donor.MHC.method": "", "structure.id": "", "samples.found": 1, "studies.found": 1}	{"cdr3": "CAMREVCGRTFVF", "cdr3_old": "CAMREVCGRTFVF", "fixNeeded": false, "good": true, "jCanonical": true, "jFixType": "NoFixNeeded", "jId": "TRAJ26*01", "jStart": 10, "vCanonical": true, "vEnd": 5, "vFixType": "NoFixNeeded", "vId": "TRAV14/DV4*01"}	0
6700	TRA	CAYRRGGTALIF	TRAV38-1*01	TRAJ15*01	HomoSapiens	HLA-E*01:03	B2M	MHCI	VMATRRNVL	Rv1518	M.tuberculosis	PMID:38439958	{"identification": "tetramer-sort", "frequency": "", "singlecell": "", "sequencing": "sanger", "verification": ""}	{"study.id": "", "cell.subset": "CD8+", "subject.cohort": "LTBI", "subject.id": "", "replica.id": "", "clone.id": "", "epitope.id": "", "tissue": "PBMC", "donor.MHC": "", "donor.MHC.method": "", "structure.id": "", "samples.found": 1, "studies.found": 1}	{"cdr3": "CAYRRGGTALIF", "cdr3_old": "CAYRRGGTALIF", "fixNeeded": false, "good": true, "jCanonical": true, "jFixType": "NoFixNeeded", "jId": "TRAJ15*01", "jStart": 6, "vCanonical": true, "vEnd": 2, "vFixType": "NoFixNeeded", "vId": "TRAV38-1*01"}	0
6701	TRA	CAASEGGGGKLIF	TRAV29/DV5*01	TRAJ23*01	HomoSapiens	HLA-E*01:03	B2M	MHCI	VMATRRNVL	Rv1518	M.tuberculosis	PMID:38439958	{"identification": "tetramer-sort", "frequency": "", "singlecell": "", "sequencing": "sanger", "verification": ""}	{"study.id": "", "cell.subset": "CD8+", "subject.cohort": "LTBI", "subject.id": "", "replica.id": "", "clone.id": "", "epitope.id": "", "tissue": "PBMC", "donor.MHC": "", "donor.MHC.method": "", "structure.id": "", "samples.found": 1, "studies.found": 1}	{"cdr3": "CAASEGGGGKLIF", "cdr3_old": "CAASEGGGGKLIF", "fixNeeded": false, "good": true, "jCanonical": true, "jFixType": "NoFixNeeded", "jId": "TRAJ23*01", "jStart": 7, "vCanonical": true, "vEnd": 4, "vFixType": "NoFixNeeded", "vId": "TRAV29/DV5*01"}	0
6702	TRA	CALLPTGTASKLTF	TRAV19*01	TRAJ44*01	HomoSapiens	HLA-E*01:03	B2M	MHCI	VMATRRNVL	Rv1518	M.tuberculosis	PMID:38439958	{"identification": "tetramer-sort", "frequency": "", "singlecell": "", "sequencing": "sanger", "verification": ""}	{"study.id": "", "cell.subset": "CD8+", "subject.cohort": "LTBI", "subject.id": "", "replica.id": "", "clone.id": "", "epitope.id": "", "tissue": "PBMC", "donor.MHC": "", "donor.MHC.method": "", "structure.id": "", "samples.found": 1, "studies.found": 1}	{"cdr3": "CALLPTGTASKLTF", "cdr3_old": "CALLPTGTASKLTF", "fixNeeded": false, "good": true, "jCanonical": true, "jFixType": "NoFixNeeded", "jId": "TRAJ44*01", "jStart": 5, "vCanonical": true, "vEnd": 3, "vFixType": "NoFixNeeded", "vId": "TRAV19*01"}	0
6703	TRA	CAVRDEENTGFQKLVF	TRAV1-2*01	TRAJ8*01	HomoSapiens	HLA-E*01:03	B2M	MHCI	VMATRRNVL	Rv1518	M.tuberculosis	PMID:38439958	{"identification": "tetramer-sort", "frequency": "", "singlecell": "", "sequencing": "sanger", "verification": ""}	{"study.id": "", "cell.subset": "CD8+", "subject.cohort": "LTBI", "subject.id": "", "replica.id": "", "clone.id": "", "epitope.id": "", "tissue": "PBMC", "donor.MHC": "", "donor.MHC.method": "", "structure.id": "", "samples.found": 1, "studies.found": 1}	{"cdr3": "CAVRDEENTGFQKLVF", "cdr3_old": "CAVRDEENTGFQKLVF", "fixNeeded": false, "good": true, "jCanonical": true, "jFixType": "NoFixNeeded", "jId": "TRAJ8*01", "jStart": 7, "vCanonical": true, "vEnd": 4, "vFixType": "NoFixNeeded", "vId": "TRAV1-2*01"}	0
6704	TRA	CAMIGGYNKLIF	TRAV14/DV4*01	TRAJ4*01	HomoSapiens	HLA-E*01:03	B2M	MHCI	VMATRRNVL	Rv1518	M.tuberculosis	PMID:38439958	{"identification": "tetramer-sort", "frequency": "", "singlecell": "", "sequencing": "sanger", "verification": ""}	{"study.id": "", "cell.subset": "CD8+", "subject.cohort": "LTBI", "subject.id": "", "replica.id": "", "clone.id": "", "epitope.id": "", "tissue": "PBMC", "donor.MHC": "", "donor.MHC.method": "", "structure.id": "", "samples.found": 1, "studies.found": 1}	{"cdr3": "CAMIGGYNKLIF", "cdr3_old": "CAMIGGYNKLIF", "fixNeeded": false, "good": true, "jCanonical": true, "jFixType": "NoFixNeeded", "jId": "TRAJ4*01", "jStart": 4, "vCanonical": true, "vEnd": 3, "vFixType": "NoFixNeeded", "vId": "TRAV14/DV4*01"}	0
6706	TRA	CALRRLYAGGTSYGKLTF	TRAV9-2*01	TRAJ52*01	HomoSapiens	HLA-E*01:03	B2M	MHCI	VMATRRNVL	Rv1518	M.tuberculosis	PMID:38439958	{"identification": "tetramer-sort", "frequency": "", "singlecell": "", "sequencing": "sanger", "verification": ""}	{"study.id": "", "cell.subset": "CD8+", "subject.cohort": "LTBI", "subject.id": "", "replica.id": "", "clone.id": "", "epitope.id": "", "tissue": "PBMC", "donor.MHC": "", "donor.MHC.method": "", "structure.id": "", "samples.found": 1, "studies.found": 1}	{"cdr3": "CALRRLYAGGTSYGKLTF", "cdr3_old": "CALRRLYAGGTSYGKLTF", "fixNeeded": false, "good": true, "jCanonical": true, "jFixType": "NoFixNeeded", "jId": "TRAJ52*01", "jStart": 7, "vCanonical": true, "vEnd": 3, "vFixType": "NoFixNeeded", "vId": "TRAV9-2*01"}	0
6707	TRA	CAASDSNYQLIW	TRAV1-2*01	TRAJ33*01	HomoSapiens	HLA-E*01:03	B2M	MHCI	VMATRRNVL	Rv1518	M.tuberculosis	PMID:38439958	{"identification": "tetramer-sort", "frequency": "", "singlecell": "", "sequencing": "sanger", "verification": ""}	{"study.id": "", "cell.subset": "CD8+", "subject.cohort": "LTBI", "subject.id": "", "replica.id": "", "clone.id": "", "epitope.id": "", "tissue": "PBMC", "donor.MHC": "", "donor.MHC.method": "", "structure.id": "", "samples.found": 1, "studies.found": 1}	{"cdr3": "CAASDSNYQLIW", "cdr3_old": "CAASDSNYQLIW", "fixNeeded": false, "good": true, "jCanonical": true, "jFixType": "NoFixNeeded", "jId": "TRAJ33*01", "jStart": 4, "vCanonical": true, "vEnd": 2, "vFixType": "NoFixNeeded", "vId": "TRAV1-2*01"}	0
6708	TRA	CAVRDDDSNYQLIW	TRAV1-1*01	TRAJ33*01	HomoSapiens	HLA-E*01:03	B2M	MHCI	VMATRRNVL	Rv1518	M.tuberculosis	PMID:38439958	{"identification": "tetramer-sort", "frequency": "", "singlecell": "", "sequencing": "sanger", "verification": ""}	{"study.id": "", "cell.subset": "CD8+", "subject.cohort": "LTBI", "subject.id": "", "replica.id": "", "clone.id": "", "epitope.id": "", "tissue": "PBMC", "donor.MHC": "", "donor.MHC.method": "", "structure.id": "", "samples.found": 1, "studies.found": 1}	{"cdr3": "CAVRDDDSNYQLIW", "cdr3_old": "CAVRDDDSNYQLIW", "fixNeeded": false, "good": true, "jCanonical": true, "jFixType": "NoFixNeeded", "jId": "TRAJ33*01", "jStart": 6, "vCanonical": true, "vEnd": 4, "vFixType": "NoFixNeeded", "vId": "TRAV1-1*01"}	0
6709	TRA	CALNQAGTALIF	TRAV1-1*01	TRAJ15*01	HomoSapiens	HLA-E*01:03	B2M	MHCI	VMATRRNVL	Rv1518	M.tuberculosis	PMID:38439958	{"identification": "tetramer-sort", "frequency": "", "singlecell": "", "sequencing": "sanger", "verification": ""}	{"study.id": "", "cell.subset": "CD8+", "subject.cohort": "LTBI", "subject.id": "", "replica.id": "", "clone.id": "", "epitope.id": "", "tissue": "PBMC", "donor.MHC": "", "donor.MHC.method": "", "structure.id": "", "samples.found": 1, "studies.found": 1}	{"cdr3": "CALNQAGTALIF", "cdr3_old": "CALNQAGTALIF", "fixNeeded": false, "good": true, "jCanonical": true, "jFixType": "NoFixNeeded", "jId": "TRAJ15*01", "jStart": 3, "vCanonical": true, "vEnd": 2, "vFixType": "NoFixNeeded", "vId": "TRAV1-1*01"}	0
6710	TRA	CAMREGNFGNEKLTF	TRAV14/DV4*01	TRAJ48*01	HomoSapiens	HLA-E*01:03	B2M	MHCI	VMATRRNVL	Rv1518	M.tuberculosis	PMID:38439958	{"identification": "tetramer-sort", "frequency": "", "singlecell": "", "sequencing": "sanger", "verification": ""}	{"study.id": "", "cell.subset": "CD8+", "subject.cohort": "LTBI", "subject.id": "", "replica.id": "", "clone.id": "", "epitope.id": "", "tissue": "PBMC", "donor.MHC": "", "donor.MHC.method": "", "structure.id": "", "samples.found": 1, "studies.found": 1}	{"cdr3": "CAMREGNFGNEKLTF", "cdr3_old": "CAMREGNFGNEKLTL", "fixNeeded": true, "good": true, "jCanonical": true, "jFixType": "FixReplace", "jId": "TRAJ48*01", "jStart": 7, "vCanonical": true, "vEnd": 5, "vFixType": "NoFixNeeded", "vId": "TRAV14/DV4*01"}	0
6711	TRA	CAVTDSKYQLIW	TRAV1-2*01	TRAJ33*01	HomoSapiens	HLA-E*01:03	B2M	MHCI	VMATRRNVL	Rv1518	M.tuberculosis	PMID:38439958	{"identification": "tetramer-sort", "frequency": "", "singlecell": "", "sequencing": "sanger", "verification": ""}	{"study.id": "", "cell.subset": "CD8+", "subject.cohort": "LTBI", "subject.id": "", "replica.id": "", "clone.id": "", "epitope.id": "", "tissue": "PBMC", "donor.MHC": "", "donor.MHC.method": "", "structure.id": "", "samples.found": 1, "studies.found": 1}	{"cdr3": "CAVTDSKYQLIW", "cdr3_old": "CAVTDSKYQLIW", "fixNeeded": false, "good": true, "jCanonical": true, "jFixType": "NoFixNeeded", "jId": "TRAJ33*01", "jStart": 7, "vCanonical": true, "vEnd": 3, "vFixType": "NoFixNeeded", "vId": "TRAV1-2*01"}	0
6712	TRA	CAVKEGFGNVLHC	TRAV1-2*01	TRAJ35	HomoSapiens	HLA-E*01:03	B2M	MHCI	VMATRRNVL	Rv1518	M.tuberculosis	PMID:38439958	{"identification": "tetramer-sort", "frequency": "", "singlecell": "", "sequencing": "sanger", "verification": ""}	{"study.id": "", "cell.subset": "CD8+", "subject.cohort": "LTBI", "subject.id": "", "replica.id": "", "clone.id": "", "epitope.id": "", "tissue": "PBMC", "donor.MHC": "", "donor.MHC.method": "", "structure.id": "", "samples.found": 1, "studies.found": 1}	{"cdr3": "CAVKEGFGNVLHC", "cdr3_old": "CAVKEGFGNVLHC", "fixNeeded": false, "good": false, "jCanonical": false, "jFixType": "FailedBadSegment", "jId": "TRAJ35", "jStart": -1, "vCanonical": true, "vEnd": 3, "vFixType": "NoFixNeeded", "vId": "TRAV1-2*01"}	0
6713	TRA	CATGGQLTF	TRAV17*01	TRAJ22*01	HomoSapiens	HLA-E*01:03	B2M	MHCI	VMATRRNVL	Rv1518	M.tuberculosis	PMID:38439958	{"identification": "tetramer-sort", "frequency": "", "singlecell": "", "sequencing": "sanger", "verification": ""}	{"study.id": "", "cell.subset": "CD8+", "subject.cohort": "LTBI", "subject.id": "", "replica.id": "", "clone.id": "", "epitope.id": "", "tissue": "PBMC", "donor.MHC": "", "donor.MHC.method": "", "structure.id": "", "samples.found": 1, "studies.found": 1}	{"cdr3": "CATGGQLTF", "cdr3_old": "WATGGQLTL", "fixNeeded": true, "good": true, "jCanonical": true, "jFixType": "FixReplace", "jId": "TRAJ22*01", "jStart": 6, "vCanonical": true, "vEnd": 2, "vFixType": "FixReplace", "vId": "TRAV17*01"}	0
6714	TRA	CAPNTGGFKTIF	TRAV16*01	TRAJ9*01	HomoSapiens	HLA-E*01:03	B2M	MHCI	VMATRRNVL	Rv1518	M.tuberculosis	PMID:38439958	{"identification": "tetramer-sort", "frequency": "", "singlecell": "", "sequencing": "sanger", "verification": ""}	{"study.id": "", "cell.subset": "CD8+", "subject.cohort": "LTBI", "subject.id": "", "replica.id": "", "clone.id": "", "epitope.id": "", "tissue": "PBMC", "donor.MHC": "", "donor.MHC.method": "", "structure.id": "", "samples.found": 1, "studies.found": 1}	{"cdr3": "CAPNTGGFKTIF", "cdr3_old": "CAPNTGGFKTIF", "fixNeeded": false, "good": true, "jCanonical": true, "jFixType": "NoFixNeeded", "jId": "TRAJ9*01", "jStart": 3, "vCanonical": true, "vEnd": 2, "vFixType": "NoFixNeeded", "vId": "TRAV16*01"}	0
6715	TRA	CAVSFNDYKLSF	TRAV8-6*01	TRAJ20*01	HomoSapiens	HLA-E*01:03	B2M	MHCI	VMATRRNVL	Rv1518	M.tuberculosis	PMID:38439958	{"identification": "tetramer-sort", "frequency": "", "singlecell": "", "sequencing": "sanger", "verification": ""}	{"study.id": "", "cell.subset": "CD8+", "subject.cohort": "LTBI", "subject.id": "", "replica.id": "", "clone.id": "", "epitope.id": "", "tissue": "PBMC", "donor.MHC": "", "donor.MHC.method": "", "structure.id": "", "samples.found": 1, "studies.found": 1}	{"cdr3": "CAVSFNDYKLSF", "cdr3_old": "CAVSFNDYKLSF", "fixNeeded": false, "good": true, "jCanonical": true, "jFixType": "NoFixNeeded", "jId": "TRAJ20*01", "jStart": 5, "vCanonical": true, "vEnd": 4, "vFixType": "NoFixNeeded", "vId": "TRAV8-6*01"}	0
6717	TRA	CVVIGATTSGTYKYIF	TRAV8-2*01	TRAJ40*01	HomoSapiens	HLA-E*01:03	B2M	MHCI	VMATRRNVL	Rv1518	M.tuberculosis	PMID:38439958	{"identification": "tetramer-sort", "frequency": "", "singlecell": "", "sequencing": "sanger", "verification": ""}	{"study.id": "", "cell.subset": "CD8+", "subject.cohort": "LTBI", "subject.id": "", "replica.id": "", "clone.id": "", "epitope.id": "", "tissue": "PBMC", "donor.MHC": "", "donor.MHC.method": "", "structure.id": "", "samples.found": 1, "studies.found": 1}	{"cdr3": "CVVIGATTSGTYKYIF", "cdr3_old": "CVVIGATTSGTYKYIF", "fixNeeded": false, "good": true, "jCanonical": true, "jFixType": "NoFixNeeded", "jId": "TRAJ40*01", "jStart": 6, "vCanonical": true, "vEnd": 3, "vFixType": "NoFixNeeded", "vId": "TRAV8-2*01"}	0
6718	TRA	CAVPAVGSNYQLIW	TRAV27*01	TRAJ33*01	HomoSapiens	HLA-E*01:03	B2M	MHCI	VMATRRNVL	Rv1518	M.tuberculosis	PMID:38439958	{"identification": "tetramer-sort", "frequency": "", "singlecell": "", "sequencing": "sanger", "verification": ""}	{"study.id": "", "cell.subset": "CD8+", "subject.cohort": "LTBI", "subject.id": "", "replica.id": "", "clone.id": "", "epitope.id": "", "tissue": "PBMC", "donor.MHC": "", "donor.MHC.method": "", "structure.id": "", "samples.found": 1, "studies.found": 1}	{"cdr3": "CAVPAVGSNYQLIW", "cdr3_old": "CAVPAVGSNYQLIW", "fixNeeded": false, "good": true, "jCanonical": true, "jFixType": "NoFixNeeded", "jId": "TRAJ33*01", "jStart": 7, "vCanonical": true, "vEnd": 2, "vFixType": "NoFixNeeded", "vId": "TRAV27*01"}	0
6719	TRA	CAVGHQAGTALIF	TRAV8-3*01	TRAJ15*01	HomoSapiens	HLA-E*01:03	B2M	MHCI	VMATRRNVL	Rv1518	M.tuberculosis	PMID:38439958	{"identification": "tetramer-sort", "frequency": "", "singlecell": "", "sequencing": "sanger", "verification": ""}	{"study.id": "", "cell.subset": "CD8+", "subject.cohort": "LTBI", "subject.id": "", "replica.id": "", "clone.id": "", "epitope.id": "", "tissue": "PBMC", "donor.MHC": "", "donor.MHC.method": "", "structure.id": "", "samples.found": 1, "studies.found": 1}	{"cdr3": "CAVGHQAGTALIF", "cdr3_old": "CAVGHQAGTALIF", "fixNeeded": false, "good": true, "jCanonical": true, "jFixType": "NoFixNeeded", "jId": "TRAJ15*01", "jStart": 5, "vCanonical": true, "vEnd": 4, "vFixType": "NoFixNeeded", "vId": "TRAV8-3*01"}	0
6720	TRA	CALNTGGFKTIF	TRAV9-2*01	TRAJ9*01	HomoSapiens	HLA-E*01:03	B2M	MHCI	VMATRRNVL	Rv1518	M.tuberculosis	PMID:38439958	{"identification": "tetramer-sort", "frequency": "", "singlecell": "", "sequencing": "sanger", "verification": ""}	{"study.id": "", "cell.subset": "CD8+", "subject.cohort": "LTBI", "subject.id": "", "replica.id": "", "clone.id": "", "epitope.id": "", "tissue": "PBMC", "donor.MHC": "", "donor.MHC.method": "", "structure.id": "", "samples.found": 1, "studies.found": 1}	{"cdr3": "CALNTGGFKTIF", "cdr3_old": "CALNTGGFKTIF", "fixNeeded": false, "good": true, "jCanonical": true, "jFixType": "NoFixNeeded", "jId": "TRAJ9*01", "jStart": 3, "vCanonical": true, "vEnd": 3, "vFixType": "NoFixNeeded", "vId": "TRAV9-2*01"}	0
6721	TRA	CATDSGNTPLVF	TRAV17*01	TRAJ29*01	HomoSapiens	HLA-E*01:03	B2M	MHCI	VMATRRNVL	Rv1518	M.tuberculosis	PMID:38439958	{"identification": "tetramer-sort", "frequency": "", "singlecell": "", "sequencing": "sanger", "verification": ""}	{"study.id": "", "cell.subset": "CD8+", "subject.cohort": "LTBI", "subject.id": "", "replica.id": "", "clone.id": "", "epitope.id": "", "tissue": "PBMC", "donor.MHC": "", "donor.MHC.method": "", "structure.id": "", "samples.found": 1, "studies.found": 1}	{"cdr3": "CATDSGNTPLVF", "cdr3_old": "CATDSGNTPLVF", "fixNeeded": false, "good": true, "jCanonical": true, "jFixType": "NoFixNeeded", "jId": "TRAJ29*01", "jStart": 4, "vCanonical": true, "vEnd": 4, "vFixType": "NoFixNeeded", "vId": "TRAV17*01"}	0
6722	TRA	CAMRE	TRAV14/DV4*01	TRAJ30*01	HomoSapiens	HLA-E*01:03	B2M	MHCI	VMATRRNVL	Rv1518	M.tuberculosis	PMID:38439958	{"identification": "tetramer-sort", "frequency": "", "singlecell": "", "sequencing": "sanger", "verification": ""}	{"study.id": "", "cell.subset": "CD8+", "subject.cohort": "LTBI", "subject.id": "", "replica.id": "", "clone.id": "", "epitope.id": "", "tissue": "PBMC", "donor.MHC": "", "donor.MHC.method": "", "structure.id": "", "samples.found": 1, "studies.found": 1}	{"cdr3": "CAMRE", "cdr3_old": "SSMRDAPEHTIIF", "fixNeeded": true, "good": false, "jCanonical": false, "jFixType": "FailedNoAlignment", "jId": "TRAJ30*01", "jStart": -1, "vCanonical": true, "vEnd": -1, "vFixType": "FailedReplace", "vId": "TRAV14/DV4*01"}	0
6723	TRA	CAVRDLSTGGFKTIF	TRAV1-2*01	TRAJ9*01	HomoSapiens	HLA-E*01:03	B2M	MHCI	VMATRRNVL	Rv1518	M.tuberculosis	PMID:38439958	{"identification": "tetramer-sort", "frequency": "", "singlecell": "", "sequencing": "sanger", "verification": ""}	{"study.id": "", "cell.subset": "CD8+", "subject.cohort": "LTBI", "subject.id": "", "replica.id": "", "clone.id": "", "epitope.id": "", "tissue": "PBMC", "donor.MHC": "", "donor.MHC.method": "", "structure.id": "", "samples.found": 1, "studies.found": 1}	{"cdr3": "CAVRDLSTGGFKTIF", "cdr3_old": "CAVRDLSTGGFKTIF", "fixNeeded": false, "good": true, "jCanonical": true, "jFixType": "NoFixNeeded", "jId": "TRAJ9*01", "jStart": 7, "vCanonical": true, "vEnd": 4, "vFixType": "NoFixNeeded", "vId": "TRAV1-2*01"}	0
6724	TRA	CAMREGVSAGNQFYF	TRAV14/DV4*01	TRAJ49*01	HomoSapiens	HLA-E*01:03	B2M	MHCI	VMATRRNVL	Rv1518	M.tuberculosis	PMID:38439958	{"identification": "tetramer-sort", "frequency": "", "singlecell": "", "sequencing": "sanger", "verification": ""}	{"study.id": "", "cell.subset": "CD8+", "subject.cohort": "LTBI", "subject.id": "", "replica.id": "", "clone.id": "", "epitope.id": "", "tissue": "PBMC", "donor.MHC": "", "donor.MHC.method": "", "structure.id": "", "samples.found": 1, "studies.found": 1}	{"cdr3": "CAMREGVSAGNQFYF", "cdr3_old": "CAMREGVSAGNQFYF", "fixNeeded": false, "good": true, "jCanonical": true, "jFixType": "NoFixNeeded", "jId": "TRAJ49*01", "jStart": 9, "vCanonical": true, "vEnd": 5, "vFixType": "NoFixNeeded", "vId": "TRAV14/DV4*01"}	0
6725	TRA	CALSAPIGGNKLTF	TRAV19*01	TRAJ17*01	HomoSapiens	HLA-E*01:03	B2M	MHCI	VMATRRNVL	Rv1518	M.tuberculosis	PMID:38439958	{"identification": "tetramer-sort", "frequency": "", "singlecell": "", "sequencing": "sanger", "verification": ""}	{"study.id": "", "cell.subset": "CD8+", "subject.cohort": "LTBI", "subject.id": "", "replica.id": "", "clone.id": "", "epitope.id": "", "tissue": "PBMC", "donor.MHC": "", "donor.MHC.method": "", "structure.id": "", "samples.found": 1, "studies.found": 1}	{"cdr3": "CALSAPIGGNKLTF", "cdr3_old": "CALSAPIGGNKLTF", "fixNeeded": false, "good": true, "jCanonical": true, "jFixType": "NoFixNeeded", "jId": "TRAJ17*01", "jStart": 8, "vCanonical": true, "vEnd": 4, "vFixType": "NoFixNeeded", "vId": "TRAV19*01"}	0
6726	TRA	CAVGANYQWSLTQGGSEKLVF	TRAV8-3*01	TRAJ57*01	HomoSapiens	HLA-E*01:03	B2M	MHCI	VMATRRNVL	Rv1518	M.tuberculosis	PMID:38439958	{"identification": "tetramer-sort", "frequency": "", "singlecell": "", "sequencing": "sanger", "verification": ""}	{"study.id": "", "cell.subset": "CD8+", "subject.cohort": "LTBI", "subject.id": "", "replica.id": "", "clone.id": "", "epitope.id": "", "tissue": "PBMC", "donor.MHC": "", "donor.MHC.method": "", "structure.id": "", "samples.found": 1, "studies.found": 1}	{"cdr3": "CAVGANYQWSLTQGGSEKLVF", "cdr3_old": "CAVGANYQWSLTQGGSEKLVF", "fixNeeded": false, "good": true, "jCanonical": true, "jFixType": "NoFixNeeded", "jId": "TRAJ57*01", "jStart": 11, "vCanonical": true, "vEnd": 4, "vFixType": "NoFixNeeded", "vId": "TRAV8-3*01"}	0
6727	TRA	CAVTPDRDDKIIF	TRAV8-6*01	TRAJ30*01	HomoSapiens	HLA-E*01:03	B2M	MHCI	VMATRRNVL	Rv1518	M.tuberculosis	PMID:38439958	{"identification": "tetramer-sort", "frequency": "", "singlecell": "", "sequencing": "sanger", "verification": ""}	{"study.id": "", "cell.subset": "CD8+", "subject.cohort": "LTBI", "subject.id": "", "replica.id": "", "clone.id": "", "epitope.id": "", "tissue": "PBMC", "donor.MHC": "", "donor.MHC.method": "", "structure.id": "", "samples.found": 1, "studies.found": 1}	{"cdr3": "CAVTPDRDDKIIF", "cdr3_old": "CAVTPDRDDKIIF", "fixNeeded": false, "good": true, "jCanonical": true, "jFixType": "NoFixNeeded", "jId": "TRAJ30*01", "jStart": 6, "vCanonical": true, "vEnd": 3, "vFixType": "NoFixNeeded", "vId": "TRAV8-6*01"}	0
6728	TRA	CAELLTDTGFQKLVF	TRAV13-2*01	TRAJ8*01	HomoSapiens	HLA-E*01:03	B2M	MHCI	VMATRRNVL	Rv1518	M.tuberculosis	PMID:38439958	{"identification": "tetramer-sort", "frequency": "", "singlecell": "", "sequencing": "sanger", "verification": ""}	{"study.id": "", "cell.subset": "CD8+", "subject.cohort": "LTBI", "subject.id": "", "replica.id": "", "clone.id": "", "epitope.id": "", "tissue": "PBMC", "donor.MHC": "", "donor.MHC.method": "", "structure.id": "", "samples.found": 1, "studies.found": 1}	{"cdr3": "CAELLTDTGFQKLVF", "cdr3_old": "CAELLTDTGFQKLVF", "fixNeeded": false, "good": true, "jCanonical": true, "jFixType": "NoFixNeeded", "jId": "TRAJ8*01", "jStart": 7, "vCanonical": true, "vEnd": 3, "vFixType": "NoFixNeeded", "vId": "TRAV13-2*01"}	0
6729	TRA	CAMSGGRGFKTIF	TRAV12-3*01	TRAJ9*01	HomoSapiens	HLA-E*01:03	B2M	MHCI	VMATRRNVL	Rv1518	M.tuberculosis	PMID:38439958	{"identification": "tetramer-sort", "frequency": "", "singlecell": "", "sequencing": "sanger", "verification": ""}	{"study.id": "", "cell.subset": "CD8+", "subject.cohort": "LTBI", "subject.id": "", "replica.id": "", "clone.id": "", "epitope.id": "", "tissue": "PBMC", "donor.MHC": "", "donor.MHC.method": "", "structure.id": "", "samples.found": 1, "studies.found": 1}	{"cdr3": "CAMSGGRGFKTIF", "cdr3_old": "CAMSGGRGFKTIF", "fixNeeded": false, "good": true, "jCanonical": true, "jFixType": "NoFixNeeded", "jId": "TRAJ9*01", "jStart": 7, "vCanonical": true, "vEnd": 4, "vFixType": "NoFixNeeded", "vId": "TRAV12-3*01"}	0
6730	TRA	CAFMKPGNDMRF	TRAV38-1*01	TRAJ43*01	HomoSapiens	HLA-E*01:03	B2M	MHCI	VMATRRNVL	Rv1518	M.tuberculosis	PMID:38439958	{"identification": "tetramer-sort", "frequency": "", "singlecell": "", "sequencing": "sanger", "verification": ""}	{"study.id": "", "cell.subset": "CD8+", "subject.cohort": "LTBI", "subject.id": "", "replica.id": "", "clone.id": "", "epitope.id": "", "tissue": "PBMC", "donor.MHC": "", "donor.MHC.method": "", "structure.id": "", "samples.found": 1, "studies.found": 1}	{"cdr3": "CAFMKPGNDMRF", "cdr3_old": "CAFMKPGNDMRF", "fixNeeded": false, "good": true, "jCanonical": true, "jFixType": "NoFixNeeded", "jId": "TRAJ43*01", "jStart": 7, "vCanonical": true, "vEnd": 5, "vFixType": "NoFixNeeded", "vId": "TRAV38-1*01"}	0
6731	TRA	CALSASSFSDGQKLLF	TRAV19*01	TRAJ16	HomoSapiens	HLA-E*01:03	B2M	MHCI	VMATRRNVL	Rv1518	M.tuberculosis	PMID:38439958	{"identification": "tetramer-sort", "frequency": "", "singlecell": "", "sequencing": "sanger", "verification": ""}	{"study.id": "", "cell.subset": "CD8+", "subject.cohort": "LTBI", "subject.id": "", "replica.id": "", "clone.id": "", "epitope.id": "", "tissue": "PBMC", "donor.MHC": "", "donor.MHC.method": "", "structure.id": "", "samples.found": 1, "studies.found": 1}	{"cdr3": "CALSASSFSDGQKLLF", "cdr3_old": "CALSASSFSDGQKLLF", "fixNeeded": false, "good": false, "jCanonical": true, "jFixType": "FailedBadSegment", "jId": "TRAJ16", "jStart": -1, "vCanonical": true, "vEnd": 4, "vFixType": "NoFixNeeded", "vId": "TRAV19*01"}	0
6732	TRA	CAVEYRSNDYKLSF	TRAV22*01	TRAJ20*01	HomoSapiens	HLA-E*01:03	B2M	MHCI	VMATRRNVL	Rv1518	M.tuberculosis	PMID:38439958	{"identification": "tetramer-sort", "frequency": "", "singlecell": "", "sequencing": "sanger", "verification": ""}	{"study.id": "", "cell.subset": "CD8+", "subject.cohort": "LTBI", "subject.id": "", "replica.id": "", "clone.id": "", "epitope.id": "", "tissue": "PBMC", "donor.MHC": "", "donor.MHC.method": "", "structure.id": "", "samples.found": 1, "studies.found": 1}	{"cdr3": "CAVEYRSNDYKLSF", "cdr3_old": "CAVEYRSNDYKLSF", "fixNeeded": false, "good": true, "jCanonical": true, "jFixType": "NoFixNeeded", "jId": "TRAJ20*01", "jStart": 6, "vCanonical": true, "vEnd": 4, "vFixType": "NoFixNeeded", "vId": "TRAV22*01"}	0
6733	TRA	TTDSWGKFEF	TRAV19*01	TRAJ24*01	HomoSapiens	HLA-E*01:03	B2M	MHCI	VMATRRNVL	Rv1518	M.tuberculosis	PMID:38439958	{"identification": "tetramer-sort", "frequency": "", "singlecell": "", "sequencing": "sanger", "verification": ""}	{"study.id": "", "cell.subset": "CD8+", "subject.cohort": "LTBI", "subject.id": "", "replica.id": "", "clone.id": "", "epitope.id": "", "tissue": "PBMC", "donor.MHC": "", "donor.MHC.method": "", "structure.id": "", "samples.found": 1, "studies.found": 1}	{"cdr3": "TTDSWGKFEF", "cdr3_old": "CALSEARNSWGKLQF", "fixNeeded": true, "good": false, "jCanonical": true, "jFixType": "FailedReplace", "jId": "TRAJ24*01", "jStart": -1, "vCanonical": false, "vEnd": 5, "vFixType": "NoFixNeeded", "vId": "TRAV19*01"}	0
6734	TRA	CVVIGATTSGTYKYIF	TRAV8-2*01	TRAJ40*01	HomoSapiens	HLA-E*01:03	B2M	MHCI	VMATRRNVL	Rv1518	M.tuberculosis	PMID:38439958	{"identification": "tetramer-sort", "frequency": "", "singlecell": "", "sequencing": "sanger", "verification": ""}	{"study.id": "", "cell.subset": "CD8+", "subject.cohort": "LTBI", "subject.id": "", "replica.id": "", "clone.id": "", "epitope.id": "", "tissue": "PBMC", "donor.MHC": "", "donor.MHC.method": "", "structure.id": "", "samples.found": 1, "studies.found": 1}	{"cdr3": "CVVIGATTSGTYKYIF", "cdr3_old": "CVVIGATTSGTYKYIF", "fixNeeded": false, "good": true, "jCanonical": true, "jFixType": "NoFixNeeded", "jId": "TRAJ40*01", "jStart": 6, "vCanonical": true, "vEnd": 3, "vFixType": "NoFixNeeded", "vId": "TRAV8-2*01"}	0
6735	TRA	CVVIGATTSGTYKYIF	TRAV8-4*01	TRAJ40*01	HomoSapiens	HLA-E*01:03	B2M	MHCI	VMATRRNVL	Rv1518	M.tuberculosis	PMID:38439958	{"identification": "tetramer-sort", "frequency": "", "singlecell": "", "sequencing": "sanger", "verification": ""}	{"study.id": "", "cell.subset": "CD8+", "subject.cohort": "LTBI", "subject.id": "", "replica.id": "", "clone.id": "", "epitope.id": "", "tissue": "PBMC", "donor.MHC": "", "donor.MHC.method": "", "structure.id": "", "samples.found": 1, "studies.found": 1}	{"cdr3": "CVVIGATTSGTYKYIF", "cdr3_old": "CVVIGATTSGTYKYIF", "fixNeeded": false, "good": false, "jCanonical": true, "jFixType": "NoFixNeeded", "jId": "TRAJ40*01", "jStart": 6, "vCanonical": true, "vEnd": -1, "vFixType": "FailedNoAlignment", "vId": "TRAV8-4*01"}	0
6737	TRA	CILRGSANAGGTSYGKLTF	TRAV26-2*01	TRAJ52*01	HomoSapiens	HLA-E*01:03	B2M	MHCI	VMATRRNVL	Rv1518	M.tuberculosis	PMID:38439958	{"identification": "tetramer-sort", "frequency": "", "singlecell": "", "sequencing": "sanger", "verification": ""}	{"study.id": "", "cell.subset": "CD8+", "subject.cohort": "LTBI", "subject.id": "", "replica.id": "", "clone.id": "", "epitope.id": "", "tissue": "PBMC", "donor.MHC": "", "donor.MHC.method": "", "structure.id": "", "samples.found": 1, "studies.found": 1}	{"cdr3": "CILRGSANAGGTSYGKLTF", "cdr3_old": "CILRGSANAGGTSYGKLTF", "fixNeeded": false, "good": true, "jCanonical": true, "jFixType": "NoFixNeeded", "jId": "TRAJ52*01", "jStart": 7, "vCanonical": true, "vEnd": 4, "vFixType": "NoFixNeeded", "vId": "TRAV26-2*01"}	0
6738	TRA	CAAPSGNTGKLIF	TRAV8-1*01	TRAJ37*01	HomoSapiens	HLA-E*01:03	B2M	MHCI	VMATRRNVL	Rv1518	M.tuberculosis	PMID:38439958	{"identification": "tetramer-sort", "frequency": "", "singlecell": "", "sequencing": "sanger", "verification": ""}	{"study.id": "", "cell.subset": "CD8+", "subject.cohort": "LTBI", "subject.id": "", "replica.id": "", "clone.id": "", "epitope.id": "", "tissue": "PBMC", "donor.MHC": "", "donor.MHC.method": "", "structure.id": "", "samples.found": 1, "studies.found": 1}	{"cdr3": "CAAPSGNTGKLIF", "cdr3_old": "CAAPSGNTGKLIF", "fixNeeded": false, "good": true, "jCanonical": true, "jFixType": "NoFixNeeded", "jId": "TRAJ37*01", "jStart": 4, "vCanonical": true, "vEnd": 2, "vFixType": "NoFixNeeded", "vId": "TRAV8-1*01"}	0
6739	TRA	CILDDMRF	TRAV26-2*01	TRAJ43*01	HomoSapiens	HLA-E*01:03	B2M	MHCI	VMATRRNVL	Rv1518	M.tuberculosis	PMID:38439958	{"identification": "tetramer-sort", "frequency": "", "singlecell": "", "sequencing": "sanger", "verification": ""}	{"study.id": "", "cell.subset": "CD8+", "subject.cohort": "LTBI", "subject.id": "", "replica.id": "", "clone.id": "", "epitope.id": "", "tissue": "PBMC", "donor.MHC": "", "donor.MHC.method": "", "structure.id": "", "samples.found": 1, "studies.found": 1}	{"cdr3": "CILDDMRF", "cdr3_old": "CILDDMRF", "fixNeeded": false, "good": true, "jCanonical": true, "jFixType": "NoFixNeeded", "jId": "TRAJ43*01", "jStart": 4, "vCanonical": true, "vEnd": 3, "vFixType": "NoFixNeeded", "vId": "TRAV26-2*01"}	0
6740	TRA	CAVRHDTGGFKTIF	TRAV1-2*01	TRAJ9*01	HomoSapiens	HLA-E*01:03	B2M	MHCI	VMATRRNVL	Rv1518	M.tuberculosis	PMID:38439958	{"identification": "tetramer-sort", "frequency": "", "singlecell": "", "sequencing": "sanger", "verification": ""}	{"study.id": "", "cell.subset": "CD8+", "subject.cohort": "LTBI", "subject.id": "", "replica.id": "", "clone.id": "", "epitope.id": "", "tissue": "PBMC", "donor.MHC": "", "donor.MHC.method": "", "structure.id": "", "samples.found": 1, "studies.found": 1}	{"cdr3": "CAVRHDTGGFKTIF", "cdr3_old": "CAVRHDTGGFKTIF", "fixNeeded": false, "good": true, "jCanonical": true, "jFixType": "NoFixNeeded", "jId": "TRAJ9*01", "jStart": 6, "vCanonical": true, "vEnd": 4, "vFixType": "NoFixNeeded", "vId": "TRAV1-2*01"}	0
6741	TRA	CAGPPDSNYQLIW	TRAV35*01	TRAJ33*01	HomoSapiens	HLA-E*01:03	B2M	MHCI	VMATRRNVL	Rv1518	M.tuberculosis	PMID:38439958	{"identification": "tetramer-sort", "frequency": "", "singlecell": "", "sequencing": "sanger", "verification": ""}	{"study.id": "", "cell.subset": "CD8+", "subject.cohort": "LTBI", "subject.id": "", "replica.id": "", "clone.id": "", "epitope.id": "", "tissue": "PBMC", "donor.MHC": "", "donor.MHC.method": "", "structure.id": "", "samples.found": 1, "studies.found": 1}	{"cdr3": "CAGPPDSNYQLIW", "cdr3_old": "CAGPPDSNYQLIW", "fixNeeded": false, "good": true, "jCanonical": true, "jFixType": "NoFixNeeded", "jId": "TRAJ33*01", "jStart": 5, "vCanonical": true, "vEnd": 3, "vFixType": "NoFixNeeded", "vId": "TRAV35*01"}	0
6742	TRA	GAYGPLDWSNAGNMLTF	TRAV38-1*01	TRAJ39*01	HomoSapiens	HLA-E*01:03	B2M	MHCI	VMATRRNVL	Rv1518	M.tuberculosis	PMID:38439958	{"identification": "tetramer-sort", "frequency": "", "singlecell": "", "sequencing": "sanger", "verification": ""}	{"study.id": "", "cell.subset": "CD8+", "subject.cohort": "LTBI", "subject.id": "", "replica.id": "", "clone.id": "", "epitope.id": "", "tissue": "PBMC", "donor.MHC": "", "donor.MHC.method": "", "structure.id": "", "samples.found": 1, "studies.found": 1}	{"cdr3": "GAYGPLDWSNAGNMLTF", "cdr3_old": "GAYGPLDWSNAGNMLTF", "fixNeeded": false, "good": false, "jCanonical": true, "jFixType": "NoFixNeeded", "jId": "TRAJ39*01", "jStart": 9, "vCanonical": false, "vEnd": -1, "vFixType": "FailedNoAlignment", "vId": "TRAV38-1*01"}	0
6743	TRA	CAVRDSNYQLIW	TRAV1-2*01	TRAJ33*01	HomoSapiens	HLA-E*01:03	B2M	MHCI	VMATRRNVL	Rv1518	M.tuberculosis	PMID:38439958	{"identification": "tetramer-sort", "frequency": "", "singlecell": "", "sequencing": "sanger", "verification": ""}	{"study.id": "", "cell.subset": "CD8+", "subject.cohort": "LTBI", "subject.id": "", "replica.id": "", "clone.id": "", "epitope.id": "", "tissue": "PBMC", "donor.MHC": "", "donor.MHC.method": "", "structure.id": "", "samples.found": 1, "studies.found": 1}	{"cdr3": "CAVRDSNYQLIW", "cdr3_old": "CAVRDSNYQLIW", "fixNeeded": false, "good": true, "jCanonical": true, "jFixType": "NoFixNeeded", "jId": "TRAJ33*01", "jStart": 4, "vCanonical": true, "vEnd": 4, "vFixType": "NoFixNeeded", "vId": "TRAV1-2*01"}	0
6744	TRA	CATDTGNTPLVF	TRAV17*01	TRAJ29*01	HomoSapiens	HLA-E*01:03	B2M	MHCI	VMATRRNVL	Rv1518	M.tuberculosis	PMID:38439958	{"identification": "tetramer-sort", "frequency": "", "singlecell": "", "sequencing": "sanger", "verification": ""}	{"study.id": "", "cell.subset": "CD8+", "subject.cohort": "LTBI", "subject.id": "", "replica.id": "", "clone.id": "", "epitope.id": "", "tissue": "PBMC", "donor.MHC": "", "donor.MHC.method": "", "structure.id": "", "samples.found": 1, "studies.found": 1}	{"cdr3": "CATDTGNTPLVF", "cdr3_old": "CATDTGNTPLVF", "fixNeeded": false, "good": true, "jCanonical": true, "jFixType": "NoFixNeeded", "jId": "TRAJ29*01", "jStart": 5, "vCanonical": true, "vEnd": 4, "vFixType": "NoFixNeeded", "vId": "TRAV17*01"}	0
6745	TRA	CAVQARNGYSSASKIIF	TRAV20*01	TRAJ3*01	HomoSapiens	HLA-E*01:03	B2M	MHCI	VMATRRNVL	Rv1518	M.tuberculosis	PMID:38439958	{"identification": "tetramer-sort", "frequency": "", "singlecell": "", "sequencing": "sanger", "verification": ""}	{"study.id": "", "cell.subset": "CD8+", "subject.cohort": "LTBI", "subject.id": "", "replica.id": "", "clone.id": "", "epitope.id": "", "tissue": "PBMC", "donor.MHC": "", "donor.MHC.method": "", "structure.id": "", "samples.found": 1, "studies.found": 1}	{"cdr3": "CAVQARNGYSSASKIIF", "cdr3_old": "CAVQARNGYSSASKIIF", "fixNeeded": false, "good": true, "jCanonical": true, "jFixType": "NoFixNeeded", "jId": "TRAJ3*01", "jStart": 7, "vCanonical": true, "vEnd": 4, "vFixType": "NoFixNeeded", "vId": "TRAV20*01"}	0
6746	TRA	CAVAFISNFGNEKLTF	TRAV20*01	TRAJ48*01	HomoSapiens	HLA-E*01:03	B2M	MHCI	VMATRRNVL	Rv1518	M.tuberculosis	PMID:38439958	{"identification": "tetramer-sort", "frequency": "", "singlecell": "", "sequencing": "sanger", "verification": ""}	{"study.id": "", "cell.subset": "CD8+", "subject.cohort": "LTBI", "subject.id": "", "replica.id": "", "clone.id": "", "epitope.id": "", "tissue": "PBMC", "donor.MHC": "", "donor.MHC.method": "", "structure.id": "", "samples.found": 1, "studies.found": 1}	{"cdr3": "CAVAFISNFGNEKLTF", "cdr3_old": "CAVAFISNFGNEKLTF", "fixNeeded": false, "good": true, "jCanonical": true, "jFixType": "NoFixNeeded", "jId": "TRAJ48*01", "jStart": 6, "vCanonical": true, "vEnd": 3, "vFixType": "NoFixNeeded", "vId": "TRAV20*01"}	0
6747	TRA	CAVRDIYTTAKFIL	TRAV3*01	TRAJ34*01	HomoSapiens	HLA-E*01:03	B2M	MHCI	VMATRRNVL	Rv1518	M.tuberculosis	PMID:38439958	{"identification": "tetramer-sort", "frequency": "", "singlecell": "", "sequencing": "sanger", "verification": ""}	{"study.id": "", "cell.subset": "CD8+", "subject.cohort": "LTBI", "subject.id": "", "replica.id": "", "clone.id": "", "epitope.id": "", "tissue": "PBMC", "donor.MHC": "", "donor.MHC.method": "", "structure.id": "", "samples.found": 1, "studies.found": 1}	{"cdr3": "CAVRDIYTTAKFIL", "cdr3_old": "WAVRDIYTTAKFIL", "fixNeeded": true, "good": false, "jCanonical": false, "jFixType": "FailedNoAlignment", "jId": "TRAJ34*01", "jStart": -1, "vCanonical": true, "vEnd": 4, "vFixType": "FixReplace", "vId": "TRAV3*01"}	0
6748	TRA	CAVQARKGYSSASKIIF	TRAV20*01	TRAJ3*01	HomoSapiens	HLA-E*01:03	B2M	MHCI	VMATRRNVL	Rv1518	M.tuberculosis	PMID:38439958	{"identification": "tetramer-sort", "frequency": "", "singlecell": "", "sequencing": "sanger", "verification": ""}	{"study.id": "", "cell.subset": "CD8+", "subject.cohort": "LTBI", "subject.id": "", "replica.id": "", "clone.id": "", "epitope.id": "", "tissue": "PBMC", "donor.MHC": "", "donor.MHC.method": "", "structure.id": "", "samples.found": 1, "studies.found": 1}	{"cdr3": "CAVQARKGYSSASKIIF", "cdr3_old": "CAVQARKGYSSASKIIF", "fixNeeded": false, "good": true, "jCanonical": true, "jFixType": "NoFixNeeded", "jId": "TRAJ3*01", "jStart": 7, "vCanonical": true, "vEnd": 4, "vFixType": "NoFixNeeded", "vId": "TRAV20*01"}	0
6749	TRA	CAPMDSNYQLIW	TRAV1-2*01	TRAJ33*01	HomoSapiens	HLA-E*01:03	B2M	MHCI	VMATRRNVL	Rv1518	M.tuberculosis	PMID:38439958	{"identification": "tetramer-sort", "frequency": "", "singlecell": "", "sequencing": "sanger", "verification": ""}	{"study.id": "", "cell.subset": "CD8+", "subject.cohort": "LTBI", "subject.id": "", "replica.id": "", "clone.id": "", "epitope.id": "", "tissue": "PBMC", "donor.MHC": "", "donor.MHC.method": "", "structure.id": "", "samples.found": 1, "studies.found": 1}	{"cdr3": "CAPMDSNYQLIW", "cdr3_old": "CAPMDSNYQLIW", "fixNeeded": false, "good": true, "jCanonical": true, "jFixType": "NoFixNeeded", "jId": "TRAJ33*01", "jStart": 4, "vCanonical": true, "vEnd": 2, "vFixType": "NoFixNeeded", "vId": "TRAV1-2*01"}	0
6750	TRA	CALSGGTGANNLFF	TRAV19*01	TRAJ36*01	HomoSapiens	HLA-E*01:03	B2M	MHCI	VMATRRNVL	Rv1518	M.tuberculosis	PMID:38439958	{"identification": "tetramer-sort", "frequency": "", "singlecell": "", "sequencing": "sanger", "verification": ""}	{"study.id": "", "cell.subset": "CD8+", "subject.cohort": "LTBI", "subject.id": "", "replica.id": "", "clone.id": "", "epitope.id": "", "tissue": "PBMC", "donor.MHC": "", "donor.MHC.method": "", "structure.id": "", "samples.found": 1, "studies.found": 1}	{"cdr3": "CALSGGTGANNLFF", "cdr3_old": "CALSGGTGANNLFF", "fixNeeded": false, "good": true, "jCanonical": true, "jFixType": "NoFixNeeded", "jId": "TRAJ36*01", "jStart": 6, "vCanonical": true, "vEnd": 4, "vFixType": "NoFixNeeded", "vId": "TRAV19*01"}	0
6751	TRA	CARLPIQGAQKLVF	TRAV19*01	TRAJ54*01	HomoSapiens	HLA-E*01:03	B2M	MHCI	VMATRRNVL	Rv1518	M.tuberculosis	PMID:38439958	{"identification": "tetramer-sort", "frequency": "", "singlecell": "", "sequencing": "sanger", "verification": ""}	{"study.id": "", "cell.subset": "CD8+", "subject.cohort": "LTBI", "subject.id": "", "replica.id": "", "clone.id": "", "epitope.id": "", "tissue": "PBMC", "donor.MHC": "", "donor.MHC.method": "", "structure.id": "", "samples.found": 1, "studies.found": 1}	{"cdr3": "CARLPIQGAQKLVF", "cdr3_old": "CARLPIQGAQKLVF", "fixNeeded": false, "good": true, "jCanonical": true, "jFixType": "NoFixNeeded", "jId": "TRAJ54*01", "jStart": 5, "vCanonical": true, "vEnd": 2, "vFixType": "NoFixNeeded", "vId": "TRAV19*01"}	0
6752	TRA	CALNNNDMRF	TRAV19*01	TRAJ43*01	HomoSapiens	HLA-E*01:03	B2M	MHCI	VMATRRNVL	Rv1518	M.tuberculosis	PMID:38439958	{"identification": "tetramer-sort", "frequency": "", "singlecell": "", "sequencing": "sanger", "verification": ""}	{"study.id": "", "cell.subset": "CD8+", "subject.cohort": "LTBI", "subject.id": "", "replica.id": "", "clone.id": "", "epitope.id": "", "tissue": "PBMC", "donor.MHC": "", "donor.MHC.method": "", "structure.id": "", "samples.found": 1, "studies.found": 1}	{"cdr3": "CALNNNDMRF", "cdr3_old": "CALNNNDMRF", "fixNeeded": false, "good": true, "jCanonical": true, "jFixType": "NoFixNeeded", "jId": "TRAJ43*01", "jStart": 3, "vCanonical": true, "vEnd": 3, "vFixType": "NoFixNeeded", "vId": "TRAV19*01"}	0
6753	TRA	CAASVKYGGSQGNLIF	TRAV29/DV5*01	TRAJ42*01	HomoSapiens	HLA-E*01:03	B2M	MHCI	VMATRRNVL	Rv1518	M.tuberculosis	PMID:38439958	{"identification": "tetramer-sort", "frequency": "", "singlecell": "", "sequencing": "sanger", "verification": ""}	{"study.id": "", "cell.subset": "CD8+", "subject.cohort": "LTBI", "subject.id": "", "replica.id": "", "clone.id": "", "epitope.id": "", "tissue": "PBMC", "donor.MHC": "", "donor.MHC.method": "", "structure.id": "", "samples.found": 1, "studies.found": 1}	{"cdr3": "CAASVKYGGSQGNLIF", "cdr3_old": "CAASVKYGGSQGNLIF", "fixNeeded": false, "good": true, "jCanonical": true, "jFixType": "NoFixNeeded", "jId": "TRAJ42*01", "jStart": 6, "vCanonical": true, "vEnd": 4, "vFixType": "NoFixNeeded", "vId": "TRAV29/DV5*01"}	0
6754	TRA	CAVGLGYGQNFVF	TRAV12-2*01	TRAJ26*01	HomoSapiens	HLA-E*01:03	B2M	MHCI	VMATRRNVL	Rv1518	M.tuberculosis	PMID:38439958	{"identification": "tetramer-sort", "frequency": "", "singlecell": "", "sequencing": "sanger", "verification": ""}	{"study.id": "", "cell.subset": "CD8+", "subject.cohort": "LTBI", "subject.id": "", "replica.id": "", "clone.id": "", "epitope.id": "", "tissue": "PBMC", "donor.MHC": "", "donor.MHC.method": "", "structure.id": "", "samples.found": 1, "studies.found": 1}	{"cdr3": "CAVGLGYGQNFVF", "cdr3_old": "CAVGLGYGQNFVF", "fixNeeded": false, "good": true, "jCanonical": true, "jFixType": "NoFixNeeded", "jId": "TRAJ26*01", "jStart": 6, "vCanonical": true, "vEnd": 3, "vFixType": "NoFixNeeded", "vId": "TRAV12-2*01"}	0
6755	TRA	CAGIQGAQKLVF	TRAV25*01	TRAJ54*01	HomoSapiens	HLA-E*01:03	B2M	MHCI	VMATRRNVL	Rv1518	M.tuberculosis	PMID:38439958	{"identification": "tetramer-sort", "frequency": "", "singlecell": "", "sequencing": "sanger", "verification": ""}	{"study.id": "", "cell.subset": "CD8+", "subject.cohort": "LTBI", "subject.id": "", "replica.id": "", "clone.id": "", "epitope.id": "", "tissue": "PBMC", "donor.MHC": "", "donor.MHC.method": "", "structure.id": "", "samples.found": 1, "studies.found": 1}	{"cdr3": "CAGIQGAQKLVF", "cdr3_old": "CAGIQGAQKLVF", "fixNeeded": false, "good": true, "jCanonical": true, "jFixType": "NoFixNeeded", "jId": "TRAJ54*01", "jStart": 3, "vCanonical": true, "vEnd": 3, "vFixType": "NoFixNeeded", "vId": "TRAV25*01"}	0
6756	TRA	CAVELYNNNDMRF	TRAV36/DV7*01	TRAJ43*01	HomoSapiens	HLA-E*01:03	B2M	MHCI	VMATRRNVL	Rv1518	M.tuberculosis	PMID:38439958	{"identification": "tetramer-sort", "frequency": "", "singlecell": "", "sequencing": "sanger", "verification": ""}	{"study.id": "", "cell.subset": "CD8+", "subject.cohort": "LTBI", "subject.id": "", "replica.id": "", "clone.id": "", "epitope.id": "", "tissue": "PBMC", "donor.MHC": "", "donor.MHC.method": "", "structure.id": "", "samples.found": 1, "studies.found": 1}	{"cdr3": "CAVELYNNNDMRF", "cdr3_old": "CAVELYNNNDMRF", "fixNeeded": false, "good": true, "jCanonical": true, "jFixType": "NoFixNeeded", "jId": "TRAJ43*01", "jStart": 6, "vCanonical": true, "vEnd": 4, "vFixType": "NoFixNeeded", "vId": "TRAV36/DV7*01"}	0
6757	TRA	CARSTRYSGAGSYQLTF	TRAV19*01	TRAJ28*01	HomoSapiens	HLA-E*01:03	B2M	MHCI	VMATRRNVL	Rv1518	M.tuberculosis	PMID:38439958	{"identification": "tetramer-sort", "frequency": "", "singlecell": "", "sequencing": "sanger", "verification": ""}	{"study.id": "", "cell.subset": "CD8+", "subject.cohort": "LTBI", "subject.id": "", "replica.id": "", "clone.id": "", "epitope.id": "", "tissue": "PBMC", "donor.MHC": "", "donor.MHC.method": "", "structure.id": "", "samples.found": 1, "studies.found": 1}	{"cdr3": "CARSTRYSGAGSYQLTF", "cdr3_old": "CARSTRYSGAGSYQLTF", "fixNeeded": false, "good": true, "jCanonical": true, "jFixType": "NoFixNeeded", "jId": "TRAJ28*01", "jStart": 6, "vCanonical": true, "vEnd": 2, "vFixType": "NoFixNeeded", "vId": "TRAV19*01"}	0
6758	TRA	CEGYSTLTF	TRAV19*01	TRAJ11*01	HomoSapiens	HLA-E*01:03	B2M	MHCI	VMATRRNVL	Rv1518	M.tuberculosis	PMID:38439958	{"identification": "tetramer-sort", "frequency": "", "singlecell": "", "sequencing": "sanger", "verification": ""}	{"study.id": "", "cell.subset": "CD8+", "subject.cohort": "LTBI", "subject.id": "", "replica.id": "", "clone.id": "", "epitope.id": "", "tissue": "PBMC", "donor.MHC": "", "donor.MHC.method": "", "structure.id": "", "samples.found": 1, "studies.found": 1}	{"cdr3": "CEGYSTLTF", "cdr3_old": "CEGYSTLTF", "fixNeeded": false, "good": false, "jCanonical": true, "jFixType": "NoFixNeeded", "jId": "TRAJ11*01", "jStart": 2, "vCanonical": true, "vEnd": -1, "vFixType": "FailedNoAlignment", "vId": "TRAV19*01"}	0
6759	TRA	CALSEARYGGATNKLIF	TRAV19*01	TRAJ32*01	HomoSapiens	HLA-E*01:03	B2M	MHCI	VMATRRNVL	Rv1518	M.tuberculosis	PMID:38439958	{"identification": "tetramer-sort", "frequency": "", "singlecell": "", "sequencing": "sanger", "verification": ""}	{"study.id": "", "cell.subset": "CD8+", "subject.cohort": "LTBI", "subject.id": "", "replica.id": "", "clone.id": "", "epitope.id": "", "tissue": "PBMC", "donor.MHC": "", "donor.MHC.method": "", "structure.id": "", "samples.found": 1, "studies.found": 1}	{"cdr3": "CALSEARYGGATNKLIF", "cdr3_old": "CALSEARYGGATNKLIF", "fixNeeded": false, "good": true, "jCanonical": true, "jFixType": "NoFixNeeded", "jId": "TRAJ32*01", "jStart": 7, "vCanonical": true, "vEnd": 5, "vFixType": "NoFixNeeded", "vId": "TRAV19*01"}	0
6760	TRA	CIPSFGNEKLTF	TRAV26-2*01	TRAJ48*01	HomoSapiens	HLA-E*01:03	B2M	MHCI	VMATRRNVL	Rv1518	M.tuberculosis	PMID:38439958	{"identification": "tetramer-sort", "frequency": "", "singlecell": "", "sequencing": "sanger", "verification": ""}	{"study.id": "", "cell.subset": "CD8+", "subject.cohort": "LTBI", "subject.id": "", "replica.id": "", "clone.id": "", "epitope.id": "", "tissue": "PBMC", "donor.MHC": "", "donor.MHC.method": "", "structure.id": "", "samples.found": 1, "studies.found": 1}	{"cdr3": "CIPSFGNEKLTF", "cdr3_old": "CIPSFGNEKLTF", "fixNeeded": false, "good": true, "jCanonical": true, "jFixType": "NoFixNeeded", "jId": "TRAJ48*01", "jStart": 4, "vCanonical": true, "vEnd": 2, "vFixType": "NoFixNeeded", "vId": "TRAV26-2*01"}	0
6761	TRA	CAEKQAGTALIF	TRAV5*01	TRAJ15*01	HomoSapiens	HLA-E*01:03	B2M	MHCI	VMATRRNVL	Rv1518	M.tuberculosis	PMID:38439958	{"identification": "tetramer-sort", "frequency": "", "singlecell": "", "sequencing": "sanger", "verification": ""}	{"study.id": "", "cell.subset": "CD8+", "subject.cohort": "LTBI", "subject.id": "", "replica.id": "", "clone.id": "", "epitope.id": "", "tissue": "PBMC", "donor.MHC": "", "donor.MHC.method": "", "structure.id": "", "samples.found": 1, "studies.found": 1}	{"cdr3": "CAEKQAGTALIF", "cdr3_old": "CAEKQAGTALIF", "fixNeeded": false, "good": true, "jCanonical": true, "jFixType": "NoFixNeeded", "jId": "TRAJ15*01", "jStart": 4, "vCanonical": true, "vEnd": 3, "vFixType": "NoFixNeeded", "vId": "TRAV5*01"}	0
6762	TRA	CALSENNDMRF	TRAV19*01	TRAJ43*01	HomoSapiens	HLA-E*01:03	B2M	MHCI	VMATRRNVL	Rv1518	M.tuberculosis	PMID:38439958	{"identification": "tetramer-sort", "frequency": "", "singlecell": "", "sequencing": "sanger", "verification": ""}	{"study.id": "", "cell.subset": "CD8+", "subject.cohort": "LTBI", "subject.id": "", "replica.id": "", "clone.id": "", "epitope.id": "", "tissue": "PBMC", "donor.MHC": "", "donor.MHC.method": "", "structure.id": "", "samples.found": 1, "studies.found": 1}	{"cdr3": "CALSENNDMRF", "cdr3_old": "CALSENNDMRF", "fixNeeded": false, "good": true, "jCanonical": true, "jFixType": "NoFixNeeded", "jId": "TRAJ43*01", "jStart": 5, "vCanonical": true, "vEnd": 5, "vFixType": "NoFixNeeded", "vId": "TRAV19*01"}	0
6763	TRA	CALSENNNAGNMLTF	TRAV19*01	TRAJ39*01	HomoSapiens	HLA-E*01:03	B2M	MHCI	VMATRRNVL	Rv1518	M.tuberculosis	PMID:38439958	{"identification": "tetramer-sort", "frequency": "", "singlecell": "", "sequencing": "sanger", "verification": ""}	{"study.id": "", "cell.subset": "CD8+", "subject.cohort": "LTBI", "subject.id": "", "replica.id": "", "clone.id": "", "epitope.id": "", "tissue": "PBMC", "donor.MHC": "", "donor.MHC.method": "", "structure.id": "", "samples.found": 1, "studies.found": 1}	{"cdr3": "CALSENNNAGNMLTF", "cdr3_old": "CALSENNNAGNMLTF", "fixNeeded": false, "good": true, "jCanonical": true, "jFixType": "NoFixNeeded", "jId": "TRAJ39*01", "jStart": 5, "vCanonical": true, "vEnd": 5, "vFixType": "NoFixNeeded", "vId": "TRAV19*01"}	0
6764	TRA	CAVSGSGGYQKVTF	TRAV8-4*01	TRAJ13*01	HomoSapiens	HLA-E*01:03	B2M	MHCI	VMATRRNVL	Rv1518	M.tuberculosis	PMID:38439958	{"identification": "tetramer-sort", "frequency": "", "singlecell": "", "sequencing": "sanger", "verification": ""}	{"study.id": "", "cell.subset": "CD8+", "subject.cohort": "LTBI", "subject.id": "", "replica.id": "", "clone.id": "", "epitope.id": "", "tissue": "PBMC", "donor.MHC": "", "donor.MHC.method": "", "structure.id": "", "samples.found": 1, "studies.found": 1}	{"cdr3": "CAVSGSGGYQKVTF", "cdr3_old": "CAVSGSGGYQKVTF", "fixNeeded": false, "good": true, "jCanonical": true, "jFixType": "NoFixNeeded", "jId": "TRAJ13*01", "jStart": 5, "vCanonical": true, "vEnd": 4, "vFixType": "NoFixNeeded", "vId": "TRAV8-4*01"}	0
6765	TRA	CAVKQQDNQFYF	TRAV41*01	TRAJ49*01	HomoSapiens	HLA-E*01:03	B2M	MHCI	VMATRRNVL	Rv1518	M.tuberculosis	PMID:38439958	{"identification": "tetramer-sort", "frequency": "", "singlecell": "", "sequencing": "sanger", "verification": ""}	{"study.id": "", "cell.subset": "CD8+", "subject.cohort": "LTBI", "subject.id": "", "replica.id": "", "clone.id": "", "epitope.id": "", "tissue": "PBMC", "donor.MHC": "", "donor.MHC.method": "", "structure.id": "", "samples.found": 1, "studies.found": 1}	{"cdr3": "CAVKQQDNQFYF", "cdr3_old": "CAVKQQDNQFYF", "fixNeeded": false, "good": true, "jCanonical": true, "jFixType": "NoFixNeeded", "jId": "TRAJ49*01", "jStart": 7, "vCanonical": true, "vEnd": 3, "vFixType": "NoFixNeeded", "vId": "TRAV41*01"}	0
6766	TRA	CAARYSGGGADGLTF	TRAV8-3*01	TRAJ45*01	HomoSapiens	HLA-E*01:03	B2M	MHCI	VMATRRNVL	Rv1518	M.tuberculosis	PMID:38439958	{"identification": "tetramer-sort", "frequency": "", "singlecell": "", "sequencing": "sanger", "verification": ""}	{"study.id": "", "cell.subset": "CD8+", "subject.cohort": "LTBI", "subject.id": "", "replica.id": "", "clone.id": "", "epitope.id": "", "tissue": "PBMC", "donor.MHC": "", "donor.MHC.method": "", "structure.id": "", "samples.found": 1, "studies.found": 1}	{"cdr3": "CAARYSGGGADGLTF", "cdr3_old": "CAARYSGGGADGLTF", "fixNeeded": false, "good": true, "jCanonical": true, "jFixType": "NoFixNeeded", "jId": "TRAJ45*01", "jStart": 4, "vCanonical": true, "vEnd": 2, "vFixType": "NoFixNeeded", "vId": "TRAV8-3*01"}	0
6767	TRA	CAVRKAGGGADGLTF	TRAV41*01	TRAJ45*01	HomoSapiens	HLA-E*01:03	B2M	MHCI	VMATRRNVL	Rv1518	M.tuberculosis	PMID:38439958	{"identification": "tetramer-sort", "frequency": "", "singlecell": "", "sequencing": "sanger", "verification": ""}	{"study.id": "", "cell.subset": "CD8+", "subject.cohort": "LTBI", "subject.id": "", "replica.id": "", "clone.id": "", "epitope.id": "", "tissue": "PBMC", "donor.MHC": "", "donor.MHC.method": "", "structure.id": "", "samples.found": 1, "studies.found": 1}	{"cdr3": "CAVRKAGGGADGLTF", "cdr3_old": "CAVRKAGGGADGLTF", "fixNeeded": false, "good": true, "jCanonical": true, "jFixType": "NoFixNeeded", "jId": "TRAJ45*01", "jStart": 6, "vCanonical": true, "vEnd": 4, "vFixType": "NoFixNeeded", "vId": "TRAV41*01"}	0
6768	TRA	CAVDAFNKFYF	TRAV8-3*01	TRAJ21*01	HomoSapiens	HLA-E*01:03	B2M	MHCI	VMATRRNVL	Rv1518	M.tuberculosis	PMID:38439958	{"identification": "tetramer-sort", "frequency": "", "singlecell": "", "sequencing": "sanger", "verification": ""}	{"study.id": "", "cell.subset": "CD8+", "subject.cohort": "LTBI", "subject.id": "", "replica.id": "", "clone.id": "", "epitope.id": "", "tissue": "PBMC", "donor.MHC": "", "donor.MHC.method": "", "structure.id": "", "samples.found": 1, "studies.found": 1}	{"cdr3": "CAVDAFNKFYF", "cdr3_old": "CAVDAFNKFYF", "fixNeeded": false, "good": true, "jCanonical": true, "jFixType": "NoFixNeeded", "jId": "TRAJ21*01", "jStart": 5, "vCanonical": true, "vEnd": 3, "vFixType": "NoFixNeeded", "vId": "TRAV8-3*01"}	0
6769	TRA	CALSEPYSGGGADGLTF	TRAV19*01	TRAJ45*01	HomoSapiens	HLA-E*01:03	B2M	MHCI	VMATRRNVL	Rv1518	M.tuberculosis	PMID:38439958	{"identification": "tetramer-sort", "frequency": "", "singlecell": "", "sequencing": "sanger", "verification": ""}	{"study.id": "", "cell.subset": "CD8+", "subject.cohort": "LTBI", "subject.id": "", "replica.id": "", "clone.id": "", "epitope.id": "", "tissue": "PBMC", "donor.MHC": "", "donor.MHC.method": "", "structure.id": "", "samples.found": 1, "studies.found": 1}	{"cdr3": "CALSEPYSGGGADGLTF", "cdr3_old": "CALSEPYSGGGADGLTF", "fixNeeded": false, "good": true, "jCanonical": true, "jFixType": "NoFixNeeded", "jId": "TRAJ45*01", "jStart": 6, "vCanonical": true, "vEnd": 5, "vFixType": "NoFixNeeded", "vId": "TRAV19*01"}	0
6770	TRA	CAEKQAGTALIF	TRAV5*01	TRAJ15*01	HomoSapiens	HLA-E*01:03	B2M	MHCI	VMATRRNVL	Rv1518	M.tuberculosis	PMID:38439958	{"identification": "tetramer-sort", "frequency": "", "singlecell": "", "sequencing": "sanger", "verification": ""}	{"study.id": "", "cell.subset": "CD8+", "subject.cohort": "LTBI", "subject.id": "", "replica.id": "", "clone.id": "", "epitope.id": "", "tissue": "PBMC", "donor.MHC": "", "donor.MHC.method": "", "structure.id": "", "samples.found": 1, "studies.found": 1}	{"cdr3": "CAEKQAGTALIF", "cdr3_old": "CAEKQAGTALIF", "fixNeeded": false, "good": true, "jCanonical": true, "jFixType": "NoFixNeeded", "jId": "TRAJ15*01", "jStart": 4, "vCanonical": true, "vEnd": 3, "vFixType": "NoFixNeeded", "vId": "TRAV5*01"}	0
6771	TRA	IKAAGNKLTF	TRAV26-1*01	TRAJ17*01	HomoSapiens	HLA-E*01:03	B2M	MHCI	VMATRRNVL	Rv1518	M.tuberculosis	PMID:38439958	{"identification": "tetramer-sort", "frequency": "", "singlecell": "", "sequencing": "sanger", "verification": ""}	{"study.id": "", "cell.subset": "CD8+", "subject.cohort": "LTBI", "subject.id": "", "replica.id": "", "clone.id": "", "epitope.id": "", "tissue": "PBMC", "donor.MHC": "", "donor.MHC.method": "", "structure.id": "", "samples.found": 1, "studies.found": 1}	{"cdr3": "IKAAGNKLTF", "cdr3_old": "CIVSSAGNKLIF", "fixNeeded": true, "good": false, "jCanonical": true, "jFixType": "FailedReplace", "jId": "TRAJ17*01", "jStart": -1, "vCanonical": false, "vEnd": 3, "vFixType": "NoFixNeeded", "vId": "TRAV26-1*01"}	0
6772	TRA	CIVWDGTSYGKLTF	TRAV26-1*01	TRAJ52*01	HomoSapiens	HLA-E*01:03	B2M	MHCI	VMATRRNVL	Rv1518	M.tuberculosis	PMID:38439958	{"identification": "tetramer-sort", "frequency": "", "singlecell": "", "sequencing": "sanger", "verification": ""}	{"study.id": "", "cell.subset": "CD8+", "subject.cohort": "LTBI", "subject.id": "", "replica.id": "", "clone.id": "", "epitope.id": "", "tissue": "PBMC", "donor.MHC": "", "donor.MHC.method": "", "structure.id": "", "samples.found": 1, "studies.found": 1}	{"cdr3": "CIVWDGTSYGKLTF", "cdr3_old": "CIVWDGTSYGKLTF", "fixNeeded": false, "good": true, "jCanonical": true, "jFixType": "NoFixNeeded", "jId": "TRAJ52*01", "jStart": 5, "vCanonical": true, "vEnd": 3, "vFixType": "NoFixNeeded", "vId": "TRAV26-1*01"}	0
6773	TRA	CAVQNNAGNMLTF	TRAV20*01	TRAJ39*01	HomoSapiens	HLA-E*01:03	B2M	MHCI	VMATRRNVL	Rv1518	M.tuberculosis	PMID:38439958	{"identification": "tetramer-sort", "frequency": "", "singlecell": "", "sequencing": "sanger", "verification": ""}	{"study.id": "", "cell.subset": "CD8+", "subject.cohort": "LTBI", "subject.id": "", "replica.id": "", "clone.id": "", "epitope.id": "", "tissue": "PBMC", "donor.MHC": "", "donor.MHC.method": "", "structure.id": "", "samples.found": 1, "studies.found": 1}	{"cdr3": "CAVQNNAGNMLTF", "cdr3_old": "CAVQNNAGNMLTF", "fixNeeded": false, "good": true, "jCanonical": true, "jFixType": "NoFixNeeded", "jId": "TRAJ39*01", "jStart": 4, "vCanonical": true, "vEnd": 4, "vFixType": "NoFixNeeded", "vId": "TRAV20*01"}	0
6774	TRA	CAMREGQNTGKLIF	TRAV14/DV4*01	TRAJ37*01	HomoSapiens	HLA-E*01:03	B2M	MHCI	VMATRRNVL	Rv1518	M.tuberculosis	PMID:38439958	{"identification": "tetramer-sort", "frequency": "", "singlecell": "", "sequencing": "sanger", "verification": ""}	{"study.id": "", "cell.subset": "CD8+", "subject.cohort": "LTBI", "subject.id": "", "replica.id": "", "clone.id": "", "epitope.id": "", "tissue": "PBMC", "donor.MHC": "", "donor.MHC.method": "", "structure.id": "", "samples.found": 1, "studies.found": 1}	{"cdr3": "CAMREGQNTGKLIF", "cdr3_old": "CAMREGQNTGKLIF", "fixNeeded": false, "good": true, "jCanonical": true, "jFixType": "NoFixNeeded", "jId": "TRAJ37*01", "jStart": 7, "vCanonical": true, "vEnd": 5, "vFixType": "NoFixNeeded", "vId": "TRAV14/DV4*01"}	0
6775	TRA	CILSFTNSNSGYALNF	TRAV26-2*01	TRAJ41*01	HomoSapiens	HLA-E*01:03	B2M	MHCI	VMATRRNVL	Rv1518	M.tuberculosis	PMID:38439958	{"identification": "tetramer-sort", "frequency": "", "singlecell": "", "sequencing": "sanger", "verification": ""}	{"study.id": "", "cell.subset": "CD8+", "subject.cohort": "LTBI", "subject.id": "", "replica.id": "", "clone.id": "", "epitope.id": "", "tissue": "PBMC", "donor.MHC": "", "donor.MHC.method": "", "structure.id": "", "samples.found": 1, "studies.found": 1}	{"cdr3": "CILSFTNSNSGYALNF", "cdr3_old": "CILSFTNSNSGYALNF", "fixNeeded": false, "good": true, "jCanonical": true, "jFixType": "NoFixNeeded", "jId": "TRAJ41*01", "jStart": 6, "vCanonical": true, "vEnd": 3, "vFixType": "NoFixNeeded", "vId": "TRAV26-2*01"}	0
6776	TRA	CAAYDRTGAGSYQLTF	TRAV29/DV5*01	TRAJ28*01	HomoSapiens	HLA-E*01:03	B2M	MHCI	VMATRRNVL	Rv1518	M.tuberculosis	PMID:38439958	{"identification": "tetramer-sort", "frequency": "", "singlecell": "", "sequencing": "sanger", "verification": ""}	{"study.id": "", "cell.subset": "CD8+", "subject.cohort": "LTBI", "subject.id": "", "replica.id": "", "clone.id": "", "epitope.id": "", "tissue": "PBMC", "donor.MHC": "", "donor.MHC.method": "", "structure.id": "", "samples.found": 1, "studies.found": 1}	{"cdr3": "CAAYDRTGAGSYQLTF", "cdr3_old": "CAAYDRTGAGSYQLTF", "fixNeeded": false, "good": true, "jCanonical": true, "jFixType": "NoFixNeeded", "jId": "TRAJ28*01", "jStart": 7, "vCanonical": true, "vEnd": 3, "vFixType": "NoFixNeeded", "vId": "TRAV29/DV5*01"}	0
6777	TRA	CAGFDNTNAGKSTF	TRAV35*01	TRAJ27*01	HomoSapiens	HLA-E*01:03	B2M	MHCI	VMATRRNVL	Rv1518	M.tuberculosis	PMID:38439958	{"identification": "tetramer-sort", "frequency": "", "singlecell": "", "sequencing": "sanger", "verification": ""}	{"study.id": "", "cell.subset": "CD8+", "subject.cohort": "LTBI", "subject.id": "", "replica.id": "", "clone.id": "", "epitope.id": "", "tissue": "PBMC", "donor.MHC": "", "donor.MHC.method": "", "structure.id": "", "samples.found": 1, "studies.found": 1}	{"cdr3": "CAGFDNTNAGKSTF", "cdr3_old": "CAGFDNTNAGKSTF", "fixNeeded": false, "good": true, "jCanonical": true, "jFixType": "NoFixNeeded", "jId": "TRAJ27*01", "jStart": 5, "vCanonical": true, "vEnd": 3, "vFixType": "NoFixNeeded", "vId": "TRAV35*01"}	0
6779	TRA	CAGHLMDTGRRALTF	TRAV1-2*01	TRAJ5*01	HomoSapiens	HLA-E*01:03	B2M	MHCI	VMATRRNVL	Rv1518	M.tuberculosis	PMID:38439958	{"identification": "tetramer-sort", "frequency": "", "singlecell": "", "sequencing": "sanger", "verification": ""}	{"study.id": "", "cell.subset": "CD8+", "subject.cohort": "LTBI", "subject.id": "", "replica.id": "", "clone.id": "", "epitope.id": "", "tissue": "PBMC", "donor.MHC": "", "donor.MHC.method": "", "structure.id": "", "samples.found": 1, "studies.found": 1}	{"cdr3": "CAGHLMDTGRRALTF", "cdr3_old": "CAGHLMDTGRRALTF", "fixNeeded": false, "good": true, "jCanonical": true, "jFixType": "NoFixNeeded", "jId": "TRAJ5*01", "jStart": 6, "vCanonical": true, "vEnd": 2, "vFixType": "NoFixNeeded", "vId": "TRAV1-2*01"}	0
6780	TRA	CIVRSSGGSNYKLTF	TRAV26-1*01	TRAJ53*01	HomoSapiens	HLA-E*01:03	B2M	MHCI	VMATRRNVL	Rv1518	M.tuberculosis	PMID:38439958	{"identification": "tetramer-sort", "frequency": "", "singlecell": "", "sequencing": "sanger", "verification": ""}	{"study.id": "", "cell.subset": "CD8+", "subject.cohort": "LTBI", "subject.id": "", "replica.id": "", "clone.id": "", "epitope.id": "", "tissue": "PBMC", "donor.MHC": "", "donor.MHC.method": "", "structure.id": "", "samples.found": 1, "studies.found": 1}	{"cdr3": "CIVRSSGGSNYKLTF", "cdr3_old": "CIVRSSGGSNYKLTF", "fixNeeded": false, "good": true, "jCanonical": true, "jFixType": "NoFixNeeded", "jId": "TRAJ53*01", "jStart": 5, "vCanonical": true, "vEnd": 4, "vFixType": "NoFixNeeded", "vId": "TRAV26-1*01"}	0
6781	TRA	CAGDPNDYKLSF	TRAV27*01	TRAJ20*01	HomoSapiens	HLA-E*01:03	B2M	MHCI	VMATRRNVL	Rv1518	M.tuberculosis	PMID:38439958	{"identification": "tetramer-sort", "frequency": "", "singlecell": "", "sequencing": "sanger", "verification": ""}	{"study.id": "", "cell.subset": "CD8+", "subject.cohort": "LTBI", "subject.id": "", "replica.id": "", "clone.id": "", "epitope.id": "", "tissue": "PBMC", "donor.MHC": "", "donor.MHC.method": "", "structure.id": "", "samples.found": 1, "studies.found": 1}	{"cdr3": "CAGDPNDYKLSF", "cdr3_old": "CAGDPNDYKLSF", "fixNeeded": false, "good": true, "jCanonical": true, "jFixType": "NoFixNeeded", "jId": "TRAJ20*01", "jStart": 5, "vCanonical": true, "vEnd": 3, "vFixType": "NoFixNeeded", "vId": "TRAV27*01"}	0
6783	TRA	CAASGLYNFNKFYF	TRAV29/DV5*01	TRAJ21*01	HomoSapiens	HLA-E*01:03	B2M	MHCI	VMATRRNVL	Rv1518	M.tuberculosis	PMID:38439958	{"identification": "tetramer-sort", "frequency": "", "singlecell": "", "sequencing": "sanger", "verification": ""}	{"study.id": "", "cell.subset": "CD8+", "subject.cohort": "LTBI", "subject.id": "", "replica.id": "", "clone.id": "", "epitope.id": "", "tissue": "PBMC", "donor.MHC": "", "donor.MHC.method": "", "structure.id": "", "samples.found": 1, "studies.found": 1}	{"cdr3": "CAASGLYNFNKFYF", "cdr3_old": "CAASGLYNFNKFYF", "fixNeeded": false, "good": true, "jCanonical": true, "jFixType": "NoFixNeeded", "jId": "TRAJ21*01", "jStart": 6, "vCanonical": true, "vEnd": 4, "vFixType": "NoFixNeeded", "vId": "TRAV29/DV5*01"}	0
6784	TRA	CALSLGTYKYIF	TRAV9-2*01	TRAJ40*01	HomoSapiens	HLA-E*01:03	B2M	MHCI	VMATRRNVL	Rv1518	M.tuberculosis	PMID:38439958	{"identification": "tetramer-sort", "frequency": "", "singlecell": "", "sequencing": "sanger", "verification": ""}	{"study.id": "", "cell.subset": "CD8+", "subject.cohort": "LTBI", "subject.id": "", "replica.id": "", "clone.id": "", "epitope.id": "", "tissue": "PBMC", "donor.MHC": "", "donor.MHC.method": "", "structure.id": "", "samples.found": 1, "studies.found": 1}	{"cdr3": "CALSLGTYKYIF", "cdr3_old": "CALSLGTYKYIF", "fixNeeded": false, "good": true, "jCanonical": true, "jFixType": "NoFixNeeded", "jId": "TRAJ40*01", "jStart": 5, "vCanonical": true, "vEnd": 4, "vFixType": "NoFixNeeded", "vId": "TRAV9-2*01"}	0
6785	TRA	CAMREVIYNFNKFYF	TRAV14/DV4*01	TRAJ21*01	HomoSapiens	HLA-E*01:03	B2M	MHCI	VMATRRNVL	Rv1518	M.tuberculosis	PMID:38439958	{"identification": "tetramer-sort", "frequency": "", "singlecell": "", "sequencing": "sanger", "verification": ""}	{"study.id": "", "cell.subset": "CD8+", "subject.cohort": "LTBI", "subject.id": "", "replica.id": "", "clone.id": "", "epitope.id": "", "tissue": "PBMC", "donor.MHC": "", "donor.MHC.method": "", "structure.id": "", "samples.found": 1, "studies.found": 1}	{"cdr3": "CAMREVIYNFNKFYF", "cdr3_old": "CAMREVIYNFNKFYF", "fixNeeded": false, "good": true, "jCanonical": true, "jFixType": "NoFixNeeded", "jId": "TRAJ21*01", "jStart": 7, "vCanonical": true, "vEnd": 5, "vFixType": "NoFixNeeded", "vId": "TRAV14/DV4*01"}	0
6786	TRA	CLVGPWGGSQGNLIF	TRAV4*01	TRAJ42*01	HomoSapiens	HLA-E*01:03	B2M	MHCI	VMATRRNVL	Rv1518	M.tuberculosis	PMID:38439958	{"identification": "tetramer-sort", "frequency": "", "singlecell": "", "sequencing": "sanger", "verification": ""}	{"study.id": "", "cell.subset": "CD8+", "subject.cohort": "LTBI", "subject.id": "", "replica.id": "", "clone.id": "", "epitope.id": "", "tissue": "PBMC", "donor.MHC": "", "donor.MHC.method": "", "structure.id": "", "samples.found": 1, "studies.found": 1}	{"cdr3": "CLVGPWGGSQGNLIF", "cdr3_old": "CLVGPWGGSQGNLIF", "fixNeeded": false, "good": true, "jCanonical": true, "jFixType": "NoFixNeeded", "jId": "TRAJ42*01", "jStart": 6, "vCanonical": true, "vEnd": 4, "vFixType": "NoFixNeeded", "vId": "TRAV4*01"}	0
6787	TRA	CAVRDDSNYQLIW	TRAV1-2*01	TRAJ33*01	HomoSapiens	HLA-E*01:03	B2M	MHCI	VMATRRNVL	Rv1518	M.tuberculosis	PMID:38439958	{"identification": "tetramer-sort", "frequency": "", "singlecell": "", "sequencing": "sanger", "verification": ""}	{"study.id": "", "cell.subset": "CD8+", "subject.cohort": "LTBI", "subject.id": "", "replica.id": "", "clone.id": "", "epitope.id": "", "tissue": "PBMC", "donor.MHC": "", "donor.MHC.method": "", "structure.id": "", "samples.found": 1, "studies.found": 1}	{"cdr3": "CAVRDDSNYQLIW", "cdr3_old": "CAVRDDSNYQLIW", "fixNeeded": false, "good": true, "jCanonical": true, "jFixType": "NoFixNeeded", "jId": "TRAJ33*01", "jStart": 5, "vCanonical": true, "vEnd": 4, "vFixType": "NoFixNeeded", "vId": "TRAV1-2*01"}	0
6788	TRA	SNDYKLSF	TRAV9-2*01	TRAJ20*01	HomoSapiens	HLA-E*01:03	B2M	MHCI	VMATRRNVL	Rv1518	M.tuberculosis	PMID:38439958	{"identification": "tetramer-sort", "frequency": "", "singlecell": "", "sequencing": "sanger", "verification": ""}	{"study.id": "", "cell.subset": "CD8+", "subject.cohort": "LTBI", "subject.id": "", "replica.id": "", "clone.id": "", "epitope.id": "", "tissue": "PBMC", "donor.MHC": "", "donor.MHC.method": "", "structure.id": "", "samples.found": 1, "studies.found": 1}	{"cdr3": "SNDYKLSF", "cdr3_old": "CAPVSGSNDYKLTF", "fixNeeded": true, "good": false, "jCanonical": true, "jFixType": "FailedReplace", "jId": "TRAJ20*01", "jStart": -1, "vCanonical": false, "vEnd": 2, "vFixType": "NoFixNeeded", "vId": "TRAV9-2*01"}	0
6789	TRA	CAVKPGRQGGSEKLVF	TRAV8-6*01	TRAJ57*01	HomoSapiens	HLA-E*01:03	B2M	MHCI	VMATRRNVL	Rv1518	M.tuberculosis	PMID:38439958	{"identification": "tetramer-sort", "frequency": "", "singlecell": "", "sequencing": "sanger", "verification": ""}	{"study.id": "", "cell.subset": "CD8+", "subject.cohort": "LTBI", "subject.id": "", "replica.id": "", "clone.id": "", "epitope.id": "", "tissue": "PBMC", "donor.MHC": "", "donor.MHC.method": "", "structure.id": "", "samples.found": 1, "studies.found": 1}	{"cdr3": "CAVKPGRQGGSEKLVF", "cdr3_old": "CAVKPGRQGGSEKLVF", "fixNeeded": false, "good": true, "jCanonical": true, "jFixType": "NoFixNeeded", "jId": "TRAJ57*01", "jStart": 7, "vCanonical": true, "vEnd": 3, "vFixType": "NoFixNeeded", "vId": "TRAV8-6*01"}	0
6791	TRA	CAMSELYSGYALNF	TRAV19*01	TRAJ41*01	HomoSapiens	HLA-E*01:03	B2M	MHCI	VMATRRNVL	Rv1518	M.tuberculosis	PMID:38439958	{"identification": "tetramer-sort", "frequency": "", "singlecell": "", "sequencing": "sanger", "verification": ""}	{"study.id": "", "cell.subset": "CD8+", "subject.cohort": "LTBI", "subject.id": "", "replica.id": "", "clone.id": "", "epitope.id": "", "tissue": "PBMC", "donor.MHC": "", "donor.MHC.method": "", "structure.id": "", "samples.found": 1, "studies.found": 1}	{"cdr3": "CAMSELYSGYALNF", "cdr3_old": "CAMSELYSGYALNF", "fixNeeded": false, "good": true, "jCanonical": true, "jFixType": "NoFixNeeded", "jId": "TRAJ41*01", "jStart": 7, "vCanonical": true, "vEnd": 2, "vFixType": "NoFixNeeded", "vId": "TRAV19*01"}	0
6792	TRA	CIVRIPTF	TRAV26-1*01	TRAJ6*01	HomoSapiens	HLA-E*01:03	B2M	MHCI	VMATRRNVL	Rv1518	M.tuberculosis	PMID:38439958	{"identification": "tetramer-sort", "frequency": "", "singlecell": "", "sequencing": "sanger", "verification": ""}	{"study.id": "", "cell.subset": "CD8+", "subject.cohort": "LTBI", "subject.id": "", "replica.id": "", "clone.id": "", "epitope.id": "", "tissue": "PBMC", "donor.MHC": "", "donor.MHC.method": "", "structure.id": "", "samples.found": 1, "studies.found": 1}	{"cdr3": "CIVRIPTF", "cdr3_old": "CIVRIPTF", "fixNeeded": false, "good": true, "jCanonical": true, "jFixType": "NoFixNeeded", "jId": "TRAJ6*01", "jStart": 4, "vCanonical": true, "vEnd": 4, "vFixType": "NoFixNeeded", "vId": "TRAV26-1*01"}	0
6793	TRA	CAASVGGNQFYF	TRAV29/DV5*01	TRAJ49*01	HomoSapiens	HLA-E*01:03	B2M	MHCI	VMATRRNVL	Rv1518	M.tuberculosis	PMID:38439958	{"identification": "tetramer-sort", "frequency": "", "singlecell": "", "sequencing": "sanger", "verification": ""}	{"study.id": "", "cell.subset": "CD8+", "subject.cohort": "LTBI", "subject.id": "", "replica.id": "", "clone.id": "", "epitope.id": "", "tissue": "PBMC", "donor.MHC": "", "donor.MHC.method": "", "structure.id": "", "samples.found": 1, "studies.found": 1}	{"cdr3": "CAASVGGNQFYF", "cdr3_old": "CAASVGGNQFYF", "fixNeeded": false, "good": true, "jCanonical": true, "jFixType": "NoFixNeeded", "jId": "TRAJ49*01", "jStart": 6, "vCanonical": true, "vEnd": 4, "vFixType": "NoFixNeeded", "vId": "TRAV29/DV5*01"}	0
6794	TRA	CAVRDPGNNARLMF	TRAV1-1*01	TRAJ31*01	HomoSapiens	HLA-E*01:03	B2M	MHCI	VMATRRNVL	Rv1518	M.tuberculosis	PMID:38439958	{"identification": "tetramer-sort", "frequency": "", "singlecell": "", "sequencing": "sanger", "verification": ""}	{"study.id": "", "cell.subset": "CD8+", "subject.cohort": "LTBI", "subject.id": "", "replica.id": "", "clone.id": "", "epitope.id": "", "tissue": "PBMC", "donor.MHC": "", "donor.MHC.method": "", "structure.id": "", "samples.found": 1, "studies.found": 1}	{"cdr3": "CAVRDPGNNARLMF", "cdr3_old": "CAVRDPGNNARLMF", "fixNeeded": false, "good": true, "jCanonical": true, "jFixType": "NoFixNeeded", "jId": "TRAJ31*01", "jStart": 7, "vCanonical": true, "vEnd": 4, "vFixType": "NoFixNeeded", "vId": "TRAV1-1*01"}	0
6795	TRA	CAVSSWGAGKSTF	TRAV3*01	TRAJ27*01	HomoSapiens	HLA-E*01:03	B2M	MHCI	VMATRRNVL	Rv1518	M.tuberculosis	PMID:38439958	{"identification": "tetramer-sort", "frequency": "", "singlecell": "", "sequencing": "sanger", "verification": ""}	{"study.id": "", "cell.subset": "CD8+", "subject.cohort": "LTBI", "subject.id": "", "replica.id": "", "clone.id": "", "epitope.id": "", "tissue": "PBMC", "donor.MHC": "", "donor.MHC.method": "", "structure.id": "", "samples.found": 1, "studies.found": 1}	{"cdr3": "CAVSSWGAGKSTF", "cdr3_old": "CAVSSWGAGKSTF", "fixNeeded": false, "good": true, "jCanonical": true, "jFixType": "NoFixNeeded", "jId": "TRAJ27*01", "jStart": 7, "vCanonical": true, "vEnd": 3, "vFixType": "NoFixNeeded", "vId": "TRAV3*01"}	0
6796	TRA	CAQGGSEKLVF	TRAV27*01	TRAJ57*01	HomoSapiens	HLA-E*01:03	B2M	MHCI	VMATRRNVL	Rv1518	M.tuberculosis	PMID:38439958	{"identification": "tetramer-sort", "frequency": "", "singlecell": "", "sequencing": "sanger", "verification": ""}	{"study.id": "", "cell.subset": "CD8+", "subject.cohort": "LTBI", "subject.id": "", "replica.id": "", "clone.id": "", "epitope.id": "", "tissue": "PBMC", "donor.MHC": "", "donor.MHC.method": "", "structure.id": "", "samples.found": 1, "studies.found": 1}	{"cdr3": "CAQGGSEKLVF", "cdr3_old": "CAQGGSEKLVF", "fixNeeded": false, "good": true, "jCanonical": true, "jFixType": "NoFixNeeded", "jId": "TRAJ57*01", "jStart": 2, "vCanonical": true, "vEnd": 2, "vFixType": "NoFixNeeded", "vId": "TRAV27*01"}	0
6797	TRA	CAVSSSLFSGGYNKLIF	TRAV8-6*01	TRAJ4*01	HomoSapiens	HLA-E*01:03	B2M	MHCI	VMATRRNVL	Rv1518	M.tuberculosis	PMID:38439958	{"identification": "tetramer-sort", "frequency": "", "singlecell": "", "sequencing": "sanger", "verification": ""}	{"study.id": "", "cell.subset": "CD8+", "subject.cohort": "LTBI", "subject.id": "", "replica.id": "", "clone.id": "", "epitope.id": "", "tissue": "PBMC", "donor.MHC": "", "donor.MHC.method": "", "structure.id": "", "samples.found": 1, "studies.found": 1}	{"cdr3": "CAVSSSLFSGGYNKLIF", "cdr3_old": "CAVSSSLFSGGYNKLIF", "fixNeeded": false, "good": true, "jCanonical": true, "jFixType": "NoFixNeeded", "jId": "TRAJ4*01", "jStart": 7, "vCanonical": true, "vEnd": 4, "vFixType": "NoFixNeeded", "vId": "TRAV8-6*01"}	0
6798	TRA	CAVRPDRDNYGQNFVF	TRAV1-1*01	TRAJ26*01	HomoSapiens	HLA-E*01:03	B2M	MHCI	VMATRRNVL	Rv1518	M.tuberculosis	PMID:38439958	{"identification": "tetramer-sort", "frequency": "", "singlecell": "", "sequencing": "sanger", "verification": ""}	{"study.id": "", "cell.subset": "CD8+", "subject.cohort": "LTBI", "subject.id": "", "replica.id": "", "clone.id": "", "epitope.id": "", "tissue": "PBMC", "donor.MHC": "", "donor.MHC.method": "", "structure.id": "", "samples.found": 1, "studies.found": 1}	{"cdr3": "CAVRPDRDNYGQNFVF", "cdr3_old": "CAVRPDRDNYGQNFVF", "fixNeeded": false, "good": true, "jCanonical": true, "jFixType": "NoFixNeeded", "jId": "TRAJ26*01", "jStart": 7, "vCanonical": true, "vEnd": 4, "vFixType": "NoFixNeeded", "vId": "TRAV1-1*01"}	0
6799	TRA	CAFHTGFQKLVF	TRAV19*01	TRAJ8*01	HomoSapiens	HLA-E*01:03	B2M	MHCI	VMATRRNVL	Rv1518	M.tuberculosis	PMID:38439958	{"identification": "tetramer-sort", "frequency": "", "singlecell": "", "sequencing": "sanger", "verification": ""}	{"study.id": "", "cell.subset": "CD8+", "subject.cohort": "LTBI", "subject.id": "", "replica.id": "", "clone.id": "", "epitope.id": "", "tissue": "PBMC", "donor.MHC": "", "donor.MHC.method": "", "structure.id": "", "samples.found": 1, "studies.found": 1}	{"cdr3": "CAFHTGFQKLVF", "cdr3_old": "CAFHTGFQKLVF", "fixNeeded": false, "good": true, "jCanonical": true, "jFixType": "NoFixNeeded", "jId": "TRAJ8*01", "jStart": 4, "vCanonical": true, "vEnd": 2, "vFixType": "NoFixNeeded", "vId": "TRAV19*01"}	0
6802	TRA	CAVGDSNYQLIW	TRAV1-2*01	TRAJ33*01	HomoSapiens	HLA-E*01:03	B2M	MHCI	VMATRRNVL	Rv1518	M.tuberculosis	PMID:38439958	{"identification": "tetramer-sort", "frequency": "", "singlecell": "", "sequencing": "sanger", "verification": ""}	{"study.id": "", "cell.subset": "CD8+", "subject.cohort": "LTBI", "subject.id": "", "replica.id": "", "clone.id": "", "epitope.id": "", "tissue": "PBMC", "donor.MHC": "", "donor.MHC.method": "", "structure.id": "", "samples.found": 1, "studies.found": 1}	{"cdr3": "CAVGDSNYQLIW", "cdr3_old": "CAVGDSNYQLIW", "fixNeeded": false, "good": true, "jCanonical": true, "jFixType": "NoFixNeeded", "jId": "TRAJ33*01", "jStart": 4, "vCanonical": true, "vEnd": 3, "vFixType": "NoFixNeeded", "vId": "TRAV1-2*01"}	0
6803	TRA	CAVSAEDGGSQGNLIF	TRAV8-4*01	TRAJ42*01	HomoSapiens	HLA-E*01:03	B2M	MHCI	VMATRRNVL	Rv1518	M.tuberculosis	PMID:38439958	{"identification": "tetramer-sort", "frequency": "", "singlecell": "", "sequencing": "sanger", "verification": ""}	{"study.id": "", "cell.subset": "CD8+", "subject.cohort": "LTBI", "subject.id": "", "replica.id": "", "clone.id": "", "epitope.id": "", "tissue": "PBMC", "donor.MHC": "", "donor.MHC.method": "", "structure.id": "", "samples.found": 1, "studies.found": 1}	{"cdr3": "CAVSAEDGGSQGNLIF", "cdr3_old": "CAVSAEDGGSQGNLIF", "fixNeeded": false, "good": true, "jCanonical": true, "jFixType": "NoFixNeeded", "jId": "TRAJ42*01", "jStart": 7, "vCanonical": true, "vEnd": 4, "vFixType": "NoFixNeeded", "vId": "TRAV8-4*01"}	0
6804	TRA	CAFMKHVNDMRF	TRAV38-1*01	TRAJ43*01	HomoSapiens	HLA-E*01:03	B2M	MHCI	VMATRRNVL	Rv1518	M.tuberculosis	PMID:38439958	{"identification": "tetramer-sort", "frequency": "", "singlecell": "", "sequencing": "sanger", "verification": ""}	{"study.id": "", "cell.subset": "CD8+", "subject.cohort": "LTBI", "subject.id": "", "replica.id": "", "clone.id": "", "epitope.id": "", "tissue": "PBMC", "donor.MHC": "", "donor.MHC.method": "", "structure.id": "", "samples.found": 1, "studies.found": 1}	{"cdr3": "CAFMKHVNDMRF", "cdr3_old": "CAFMKHVNDMRF", "fixNeeded": false, "good": true, "jCanonical": true, "jFixType": "NoFixNeeded", "jId": "TRAJ43*01", "jStart": 7, "vCanonical": true, "vEnd": 5, "vFixType": "NoFixNeeded", "vId": "TRAV38-1*01"}	0
6805	TRA	CAASKEHDMRF	TRAV13-1*01	TRAJ43*01	HomoSapiens	HLA-E*01:03	B2M	MHCI	VMATRRNVL	Rv1518	M.tuberculosis	PMID:38439958	{"identification": "tetramer-sort", "frequency": "", "singlecell": "", "sequencing": "sanger", "verification": ""}	{"study.id": "", "cell.subset": "CD8+", "subject.cohort": "LTBI", "subject.id": "", "replica.id": "", "clone.id": "", "epitope.id": "", "tissue": "PBMC", "donor.MHC": "", "donor.MHC.method": "", "structure.id": "", "samples.found": 1, "studies.found": 1}	{"cdr3": "CAASKEHDMRF", "cdr3_old": "CAASKEHDMRF", "fixNeeded": false, "good": true, "jCanonical": true, "jFixType": "NoFixNeeded", "jId": "TRAJ43*01", "jStart": 7, "vCanonical": true, "vEnd": 4, "vFixType": "NoFixNeeded", "vId": "TRAV13-1*01"}	0
6806	TRA	CAVRDLGGQAGTALIF	TRAV1-2*01	TRAJ15*01	HomoSapiens	HLA-E*01:03	B2M	MHCI	VMATRRNVL	Rv1518	M.tuberculosis	PMID:38439958	{"identification": "tetramer-sort", "frequency": "", "singlecell": "", "sequencing": "sanger", "verification": ""}	{"study.id": "", "cell.subset": "CD8+", "subject.cohort": "LTBI", "subject.id": "", "replica.id": "", "clone.id": "", "epitope.id": "", "tissue": "PBMC", "donor.MHC": "", "donor.MHC.method": "", "structure.id": "", "samples.found": 1, "studies.found": 1}	{"cdr3": "CAVRDLGGQAGTALIF", "cdr3_old": "CAVRDLGGQAGTALIF", "fixNeeded": false, "good": true, "jCanonical": true, "jFixType": "NoFixNeeded", "jId": "TRAJ15*01", "jStart": 8, "vCanonical": true, "vEnd": 4, "vFixType": "NoFixNeeded", "vId": "TRAV1-2*01"}	0
6807	TRA	CAGATSYDKVIF	TRAV27*01	TRAJ50*01	HomoSapiens	HLA-E*01:03	B2M	MHCI	VMATRRNVL	Rv1518	M.tuberculosis	PMID:38439958	{"identification": "tetramer-sort", "frequency": "", "singlecell": "", "sequencing": "sanger", "verification": ""}	{"study.id": "", "cell.subset": "CD8+", "subject.cohort": "LTBI", "subject.id": "", "replica.id": "", "clone.id": "", "epitope.id": "", "tissue": "PBMC", "donor.MHC": "", "donor.MHC.method": "", "structure.id": "", "samples.found": 1, "studies.found": 1}	{"cdr3": "CAGATSYDKVIF", "cdr3_old": "CAGATSYDKVIF", "fixNeeded": false, "good": true, "jCanonical": true, "jFixType": "NoFixNeeded", "jId": "TRAJ50*01", "jStart": 4, "vCanonical": true, "vEnd": 3, "vFixType": "NoFixNeeded", "vId": "TRAV27*01"}	0
6808	TRA	CILSIDTGNQFYF	TRAV26-2*01	TRAJ49*01	HomoSapiens	HLA-E*01:03	B2M	MHCI	VMATRRNVL	Rv1518	M.tuberculosis	PMID:38439958	{"identification": "tetramer-sort", "frequency": "", "singlecell": "", "sequencing": "sanger", "verification": ""}	{"study.id": "", "cell.subset": "CD8+", "subject.cohort": "LTBI", "subject.id": "", "replica.id": "", "clone.id": "", "epitope.id": "", "tissue": "PBMC", "donor.MHC": "", "donor.MHC.method": "", "structure.id": "", "samples.found": 1, "studies.found": 1}	{"cdr3": "CILSIDTGNQFYF", "cdr3_old": "CILSIDTGNQFYF", "fixNeeded": false, "good": true, "jCanonical": true, "jFixType": "NoFixNeeded", "jId": "TRAJ49*01", "jStart": 6, "vCanonical": true, "vEnd": 3, "vFixType": "NoFixNeeded", "vId": "TRAV26-2*01"}	0
6809	TRA	CAVKDSNYQLIW	TRAV1-2*01	TRAJ33*01	HomoSapiens	HLA-E*01:03	B2M	MHCI	VMATRRNVL	Rv1518	M.tuberculosis	PMID:38439958	{"identification": "tetramer-sort", "frequency": "", "singlecell": "", "sequencing": "sanger", "verification": ""}	{"study.id": "", "cell.subset": "CD8+", "subject.cohort": "LTBI", "subject.id": "", "replica.id": "", "clone.id": "", "epitope.id": "", "tissue": "PBMC", "donor.MHC": "", "donor.MHC.method": "", "structure.id": "", "samples.found": 1, "studies.found": 1}	{"cdr3": "CAVKDSNYQLIW", "cdr3_old": "CAVKDSNYQLIW", "fixNeeded": false, "good": true, "jCanonical": true, "jFixType": "NoFixNeeded", "jId": "TRAJ33*01", "jStart": 4, "vCanonical": true, "vEnd": 3, "vFixType": "NoFixNeeded", "vId": "TRAV1-2*01"}	0
6810	TRA	CAVSELTSFGNVLHC	TRAV8-6*01	TRAJ35	HomoSapiens	HLA-E*01:03	B2M	MHCI	VMATRRNVL	Rv1518	M.tuberculosis	PMID:38439958	{"identification": "tetramer-sort", "frequency": "", "singlecell": "", "sequencing": "sanger", "verification": ""}	{"study.id": "", "cell.subset": "CD8+", "subject.cohort": "LTBI", "subject.id": "", "replica.id": "", "clone.id": "", "epitope.id": "", "tissue": "PBMC", "donor.MHC": "", "donor.MHC.method": "", "structure.id": "", "samples.found": 1, "studies.found": 1}	{"cdr3": "CAVSELTSFGNVLHC", "cdr3_old": "CAVSELTSFGNVLHC", "fixNeeded": false, "good": false, "jCanonical": false, "jFixType": "FailedBadSegment", "jId": "TRAJ35", "jStart": -1, "vCanonical": true, "vEnd": 4, "vFixType": "NoFixNeeded", "vId": "TRAV8-6*01"}	0
6812	TRA	CAGASSNTGKLIF	TRAV8-6*01	TRAJ37*01	HomoSapiens	HLA-E*01:03	B2M	MHCI	VMATRRNVL	Rv1518	M.tuberculosis	PMID:38439958	{"identification": "tetramer-sort", "frequency": "", "singlecell": "", "sequencing": "sanger", "verification": ""}	{"study.id": "", "cell.subset": "CD8+", "subject.cohort": "LTBI", "subject.id": "", "replica.id": "", "clone.id": "", "epitope.id": "", "tissue": "PBMC", "donor.MHC": "", "donor.MHC.method": "", "structure.id": "", "samples.found": 1, "studies.found": 1}	{"cdr3": "CAGASSNTGKLIF", "cdr3_old": "CAGASSNTGKLIF", "fixNeeded": false, "good": true, "jCanonical": true, "jFixType": "NoFixNeeded", "jId": "TRAJ37*01", "jStart": 6, "vCanonical": true, "vEnd": 2, "vFixType": "NoFixNeeded", "vId": "TRAV8-6*01"}	0
6813	TRA	CAASRWWGGTSGSRLTF	TRAV29/DV5*01	TRAJ58	HomoSapiens	HLA-E*01:03	B2M	MHCI	VMATRRNVL	Rv1518	M.tuberculosis	PMID:38439958	{"identification": "tetramer-sort", "frequency": "", "singlecell": "", "sequencing": "sanger", "verification": ""}	{"study.id": "", "cell.subset": "CD8+", "subject.cohort": "LTBI", "subject.id": "", "replica.id": "", "clone.id": "", "epitope.id": "", "tissue": "PBMC", "donor.MHC": "", "donor.MHC.method": "", "structure.id": "", "samples.found": 1, "studies.found": 1}	{"cdr3": "CAASRWWGGTSGSRLTF", "cdr3_old": "CAASRWWGGTSGSRLTF", "fixNeeded": false, "good": false, "jCanonical": true, "jFixType": "FailedBadSegment", "jId": "TRAJ58", "jStart": -1, "vCanonical": true, "vEnd": 4, "vFixType": "NoFixNeeded", "vId": "TRAV29/DV5*01"}	0
6814	TRA	CAPHNAGNMLTF	TRAV6*01	TRAJ39*01	HomoSapiens	HLA-E*01:03	B2M	MHCI	VMATRRNVL	Rv1518	M.tuberculosis	PMID:38439958	{"identification": "tetramer-sort", "frequency": "", "singlecell": "", "sequencing": "sanger", "verification": ""}	{"study.id": "", "cell.subset": "CD8+", "subject.cohort": "LTBI", "subject.id": "", "replica.id": "", "clone.id": "", "epitope.id": "", "tissue": "PBMC", "donor.MHC": "", "donor.MHC.method": "", "structure.id": "", "samples.found": 1, "studies.found": 1}	{"cdr3": "CAPHNAGNMLTF", "cdr3_old": "CAPHNAGNMLTF", "fixNeeded": false, "good": true, "jCanonical": true, "jFixType": "NoFixNeeded", "jId": "TRAJ39*01", "jStart": 4, "vCanonical": true, "vEnd": 2, "vFixType": "NoFixNeeded", "vId": "TRAV6*01"}	0
6815	TRA	CAVGMWGFGNVLHC	TRAV41*01	TRAJ35	HomoSapiens	HLA-E*01:03	B2M	MHCI	VMATRRNVL	Rv1518	M.tuberculosis	PMID:38439958	{"identification": "tetramer-sort", "frequency": "", "singlecell": "", "sequencing": "sanger", "verification": ""}	{"study.id": "", "cell.subset": "CD8+", "subject.cohort": "LTBI", "subject.id": "", "replica.id": "", "clone.id": "", "epitope.id": "", "tissue": "PBMC", "donor.MHC": "", "donor.MHC.method": "", "structure.id": "", "samples.found": 1, "studies.found": 1}	{"cdr3": "CAVGMWGFGNVLHC", "cdr3_old": "CAVGMWGFGNVLHC", "fixNeeded": false, "good": false, "jCanonical": false, "jFixType": "FailedBadSegment", "jId": "TRAJ35", "jStart": -1, "vCanonical": true, "vEnd": 3, "vFixType": "NoFixNeeded", "vId": "TRAV41*01"}	0
6816	TRA	CAVLHDYKLSF	TRAV1-2*01	TRAJ20*01	HomoSapiens	HLA-E*01:03	B2M	MHCI	VMATRRNVL	Rv1518	M.tuberculosis	PMID:38439958	{"identification": "tetramer-sort", "frequency": "", "singlecell": "", "sequencing": "sanger", "verification": ""}	{"study.id": "", "cell.subset": "CD8+", "subject.cohort": "LTBI", "subject.id": "", "replica.id": "", "clone.id": "", "epitope.id": "", "tissue": "PBMC", "donor.MHC": "", "donor.MHC.method": "", "structure.id": "", "samples.found": 1, "studies.found": 1}	{"cdr3": "CAVLHDYKLSF", "cdr3_old": "CAVLHDYKLSF", "fixNeeded": false, "good": true, "jCanonical": true, "jFixType": "NoFixNeeded", "jId": "TRAJ20*01", "jStart": 5, "vCanonical": true, "vEnd": 3, "vFixType": "NoFixNeeded", "vId": "TRAV1-2*01"}	0
6817	TRA	CAVRDWGNARLMF	TRAV3*01	TRAJ31*01	HomoSapiens	HLA-E*01:03	B2M	MHCI	VMATRRNVL	Rv1518	M.tuberculosis	PMID:38439958	{"identification": "tetramer-sort", "frequency": "", "singlecell": "", "sequencing": "sanger", "verification": ""}	{"study.id": "", "cell.subset": "CD8+", "subject.cohort": "LTBI", "subject.id": "", "replica.id": "", "clone.id": "", "epitope.id": "", "tissue": "PBMC", "donor.MHC": "", "donor.MHC.method": "", "structure.id": "", "samples.found": 1, "studies.found": 1}	{"cdr3": "CAVRDWGNARLMF", "cdr3_old": "CAVRDWGNARLMF", "fixNeeded": false, "good": true, "jCanonical": true, "jFixType": "NoFixNeeded", "jId": "TRAJ31*01", "jStart": 7, "vCanonical": true, "vEnd": 5, "vFixType": "NoFixNeeded", "vId": "TRAV3*01"}	0
6818	TRA	CAGAKTYKYIF	TRAV27*01	TRAJ40*01	HomoSapiens	HLA-E*01:03	B2M	MHCI	VMATRRNVL	Rv1518	M.tuberculosis	PMID:38439958	{"identification": "tetramer-sort", "frequency": "", "singlecell": "", "sequencing": "sanger", "verification": ""}	{"study.id": "", "cell.subset": "CD8+", "subject.cohort": "LTBI", "subject.id": "", "replica.id": "", "clone.id": "", "epitope.id": "", "tissue": "PBMC", "donor.MHC": "", "donor.MHC.method": "", "structure.id": "", "samples.found": 1, "studies.found": 1}	{"cdr3": "CAGAKTYKYIF", "cdr3_old": "CAGAKTYKYIF", "fixNeeded": false, "good": true, "jCanonical": true, "jFixType": "NoFixNeeded", "jId": "TRAJ40*01", "jStart": 5, "vCanonical": true, "vEnd": 3, "vFixType": "NoFixNeeded", "vId": "TRAV27*01"}	0
6819	TRA	CILRDASGTYKYIF	TRAV26-2*01	TRAJ40*01	HomoSapiens	HLA-E*01:03	B2M	MHCI	VMATRRNVL	Rv1518	M.tuberculosis	PMID:38439958	{"identification": "tetramer-sort", "frequency": "", "singlecell": "", "sequencing": "sanger", "verification": ""}	{"study.id": "", "cell.subset": "CD8+", "subject.cohort": "LTBI", "subject.id": "", "replica.id": "", "clone.id": "", "epitope.id": "", "tissue": "PBMC", "donor.MHC": "", "donor.MHC.method": "", "structure.id": "", "samples.found": 1, "studies.found": 1}	{"cdr3": "CILRDASGTYKYIF", "cdr3_old": "CILRDASGTYKYIF", "fixNeeded": false, "good": true, "jCanonical": true, "jFixType": "NoFixNeeded", "jId": "TRAJ40*01", "jStart": 6, "vCanonical": true, "vEnd": 5, "vFixType": "NoFixNeeded", "vId": "TRAV26-2*01"}	0
6820	TRA	CAVSDQPPFGNEKLTF	TRAV8-6*01	TRAJ48*01	HomoSapiens	HLA-E*01:03	B2M	MHCI	VMATRRNVL	Rv1518	M.tuberculosis	PMID:38439958	{"identification": "tetramer-sort", "frequency": "", "singlecell": "", "sequencing": "sanger", "verification": ""}	{"study.id": "", "cell.subset": "CD8+", "subject.cohort": "LTBI", "subject.id": "", "replica.id": "", "clone.id": "", "epitope.id": "", "tissue": "PBMC", "donor.MHC": "", "donor.MHC.method": "", "structure.id": "", "samples.found": 1, "studies.found": 1}	{"cdr3": "CAVSDQPPFGNEKLTF", "cdr3_old": "CAVSDQPPFGNEKLTF", "fixNeeded": false, "good": true, "jCanonical": true, "jFixType": "NoFixNeeded", "jId": "TRAJ48*01", "jStart": 8, "vCanonical": true, "vEnd": 4, "vFixType": "NoFixNeeded", "vId": "TRAV8-6*01"}	0
6821	TRA	CAASRRYNTDKLIF	TRAV29/DV5*01	TRAJ34*01	HomoSapiens	HLA-E*01:03	B2M	MHCI	VMATRRNVL	Rv1518	M.tuberculosis	PMID:38439958	{"identification": "tetramer-sort", "frequency": "", "singlecell": "", "sequencing": "sanger", "verification": ""}	{"study.id": "", "cell.subset": "CD8+", "subject.cohort": "LTBI", "subject.id": "", "replica.id": "", "clone.id": "", "epitope.id": "", "tissue": "PBMC", "donor.MHC": "", "donor.MHC.method": "", "structure.id": "", "samples.found": 1, "studies.found": 1}	{"cdr3": "CAASRRYNTDKLIF", "cdr3_old": "SASRRYNTDKLIF", "fixNeeded": true, "good": true, "jCanonical": true, "jFixType": "NoFixNeeded", "jId": "TRAJ34*01", "jStart": 6, "vCanonical": true, "vEnd": 2, "vFixType": "FixReplace", "vId": "TRAV29/DV5*01"}	0
6822	TRA	CAVAGGTSYGKLTF	TRAV12-2*01	TRAJ52*01	HomoSapiens	HLA-E*01:03	B2M	MHCI	VMATRRNVL	Rv1518	M.tuberculosis	PMID:38439958	{"identification": "tetramer-sort", "frequency": "", "singlecell": "", "sequencing": "sanger", "verification": ""}	{"study.id": "", "cell.subset": "CD8+", "subject.cohort": "LTBI", "subject.id": "", "replica.id": "", "clone.id": "", "epitope.id": "", "tissue": "PBMC", "donor.MHC": "", "donor.MHC.method": "", "structure.id": "", "samples.found": 1, "studies.found": 1}	{"cdr3": "CAVAGGTSYGKLTF", "cdr3_old": "CAVAGGTSYGKLTF", "fixNeeded": false, "good": true, "jCanonical": true, "jFixType": "NoFixNeeded", "jId": "TRAJ52*01", "jStart": 3, "vCanonical": true, "vEnd": 3, "vFixType": "NoFixNeeded", "vId": "TRAV12-2*01"}	0
6823	TRA	CAMREIQNSGGSNYKLTF	TRAV14/DV4*01	TRAJ53*01	HomoSapiens	HLA-E*01:03	B2M	MHCI	VMATRRNVL	Rv1518	M.tuberculosis	PMID:38439958	{"identification": "tetramer-sort", "frequency": "", "singlecell": "", "sequencing": "sanger", "verification": ""}	{"study.id": "", "cell.subset": "CD8+", "subject.cohort": "LTBI", "subject.id": "", "replica.id": "", "clone.id": "", "epitope.id": "", "tissue": "PBMC", "donor.MHC": "", "donor.MHC.method": "", "structure.id": "", "samples.found": 1, "studies.found": 1}	{"cdr3": "CAMREIQNSGGSNYKLTF", "cdr3_old": "CAMREIQNSGGSNYKLTF", "fixNeeded": false, "good": true, "jCanonical": true, "jFixType": "NoFixNeeded", "jId": "TRAJ53*01", "jStart": 7, "vCanonical": true, "vEnd": 5, "vFixType": "NoFixNeeded", "vId": "TRAV14/DV4*01"}	0
6825	TRA	CAVAGDSSASKIIF	TRAV1-2*01	TRAJ3*01	HomoSapiens	HLA-E*01:03	B2M	MHCI	VMATRRNVL	Rv1518	M.tuberculosis	PMID:38439958	{"identification": "tetramer-sort", "frequency": "", "singlecell": "", "sequencing": "sanger", "verification": ""}	{"study.id": "", "cell.subset": "CD8+", "subject.cohort": "LTBI", "subject.id": "", "replica.id": "", "clone.id": "", "epitope.id": "", "tissue": "PBMC", "donor.MHC": "", "donor.MHC.method": "", "structure.id": "", "samples.found": 1, "studies.found": 1}	{"cdr3": "CAVAGDSSASKIIF", "cdr3_old": "CAVAGDSSASKIIF", "fixNeeded": false, "good": true, "jCanonical": true, "jFixType": "NoFixNeeded", "jId": "TRAJ3*01", "jStart": 6, "vCanonical": true, "vEnd": 3, "vFixType": "NoFixNeeded", "vId": "TRAV1-2*01"}	0
6826	TRA	CAVGNSGYSTLTF	TRAV20*01	TRAJ11*01	HomoSapiens	HLA-E*01:03	B2M	MHCI	VMATRRNVL	Rv1518	M.tuberculosis	PMID:38439958	{"identification": "tetramer-sort", "frequency": "", "singlecell": "", "sequencing": "sanger", "verification": ""}	{"study.id": "", "cell.subset": "CD8+", "subject.cohort": "LTBI", "subject.id": "", "replica.id": "", "clone.id": "", "epitope.id": "", "tissue": "PBMC", "donor.MHC": "", "donor.MHC.method": "", "structure.id": "", "samples.found": 1, "studies.found": 1}	{"cdr3": "CAVGNSGYSTLTF", "cdr3_old": "CAVGNSGYSTLTF", "fixNeeded": false, "good": true, "jCanonical": true, "jFixType": "NoFixNeeded", "jId": "TRAJ11*01", "jStart": 4, "vCanonical": true, "vEnd": 3, "vFixType": "NoFixNeeded", "vId": "TRAV20*01"}	0
6827	TRA	CAVNINTGGFKTIF	TRAV12-2*01	TRAJ9*01	HomoSapiens	HLA-E*01:03	B2M	MHCI	VMATRRNVL	Rv1518	M.tuberculosis	PMID:38439958	{"identification": "tetramer-sort", "frequency": "", "singlecell": "", "sequencing": "sanger", "verification": ""}	{"study.id": "", "cell.subset": "CD8+", "subject.cohort": "LTBI", "subject.id": "", "replica.id": "", "clone.id": "", "epitope.id": "", "tissue": "PBMC", "donor.MHC": "", "donor.MHC.method": "", "structure.id": "", "samples.found": 1, "studies.found": 1}	{"cdr3": "CAVNINTGGFKTIF", "cdr3_old": "CAVNINTGGFKTIF", "fixNeeded": false, "good": true, "jCanonical": true, "jFixType": "NoFixNeeded", "jId": "TRAJ9*01", "jStart": 5, "vCanonical": true, "vEnd": 4, "vFixType": "NoFixNeeded", "vId": "TRAV12-2*01"}	0
6829	TRA	CAVSEVRWGGTSYGKLTF	TRAV8-6*01	TRAJ52*01	HomoSapiens	HLA-E*01:03	B2M	MHCI	VMATRRNVL	Rv1518	M.tuberculosis	PMID:38439958	{"identification": "tetramer-sort", "frequency": "", "singlecell": "", "sequencing": "sanger", "verification": ""}	{"study.id": "", "cell.subset": "CD8+", "subject.cohort": "LTBI", "subject.id": "", "replica.id": "", "clone.id": "", "epitope.id": "", "tissue": "PBMC", "donor.MHC": "", "donor.MHC.method": "", "structure.id": "", "samples.found": 1, "studies.found": 1}	{"cdr3": "CAVSEVRWGGTSYGKLTF", "cdr3_old": "CAVSEVRWGGTSYGKLTF", "fixNeeded": false, "good": true, "jCanonical": true, "jFixType": "NoFixNeeded", "jId": "TRAJ52*01", "jStart": 8, "vCanonical": true, "vEnd": 4, "vFixType": "NoFixNeeded", "vId": "TRAV8-6*01"}	0
6830	TRA	CAASDNYGQNFVF	TRAV29/DV5*01	TRAJ26*01	HomoSapiens	HLA-E*01:03	B2M	MHCI	VMATRRNVL	Rv1518	M.tuberculosis	PMID:38439958	{"identification": "tetramer-sort", "frequency": "", "singlecell": "", "sequencing": "sanger", "verification": ""}	{"study.id": "", "cell.subset": "CD8+", "subject.cohort": "LTBI", "subject.id": "", "replica.id": "", "clone.id": "", "epitope.id": "", "tissue": "PBMC", "donor.MHC": "", "donor.MHC.method": "", "structure.id": "", "samples.found": 1, "studies.found": 1}	{"cdr3": "CAASDNYGQNFVF", "cdr3_old": "CAASDNYGQNFVF", "fixNeeded": false, "good": true, "jCanonical": true, "jFixType": "NoFixNeeded", "jId": "TRAJ26*01", "jStart": 4, "vCanonical": true, "vEnd": 4, "vFixType": "NoFixNeeded", "vId": "TRAV29/DV5*01"}	0
6831	TRA	CAVRPVYNFNKFYF	TRAV3*01	TRAJ21*01	HomoSapiens	HLA-E*01:03	B2M	MHCI	VMATRRNVL	Rv1518	M.tuberculosis	PMID:38439958	{"identification": "tetramer-sort", "frequency": "", "singlecell": "", "sequencing": "sanger", "verification": ""}	{"study.id": "", "cell.subset": "CD8+", "subject.cohort": "LTBI", "subject.id": "", "replica.id": "", "clone.id": "", "epitope.id": "", "tissue": "PBMC", "donor.MHC": "", "donor.MHC.method": "", "structure.id": "", "samples.found": 1, "studies.found": 1}	{"cdr3": "CAVRPVYNFNKFYF", "cdr3_old": "CAVRPVYNFNKFYF", "fixNeeded": false, "good": true, "jCanonical": true, "jFixType": "NoFixNeeded", "jId": "TRAJ21*01", "jStart": 6, "vCanonical": true, "vEnd": 4, "vFixType": "NoFixNeeded", "vId": "TRAV3*01"}	0
6832	TRA	CVVSADYQLIW	TRAV10*01	TRAJ33*01	HomoSapiens	HLA-E*01:03	B2M	MHCI	VMATRRNVL	Rv1518	M.tuberculosis	PMID:38439958	{"identification": "tetramer-sort", "frequency": "", "singlecell": "", "sequencing": "sanger", "verification": ""}	{"study.id": "", "cell.subset": "CD8+", "subject.cohort": "LTBI", "subject.id": "", "replica.id": "", "clone.id": "", "epitope.id": "", "tissue": "PBMC", "donor.MHC": "", "donor.MHC.method": "", "structure.id": "", "samples.found": 1, "studies.found": 1}	{"cdr3": "CVVSADYQLIW", "cdr3_old": "CVVSADYQLIW", "fixNeeded": false, "good": true, "jCanonical": true, "jFixType": "NoFixNeeded", "jId": "TRAJ33*01", "jStart": 6, "vCanonical": true, "vEnd": 4, "vFixType": "NoFixNeeded", "vId": "TRAV10*01"}	0
6833	TRA	CAVEKKGGSYIPTF	TRAV22*01	TRAJ6*01	HomoSapiens	HLA-E*01:03	B2M	MHCI	VMATRRNVL	Rv1518	M.tuberculosis	PMID:38439958	{"identification": "tetramer-sort", "frequency": "", "singlecell": "", "sequencing": "sanger", "verification": ""}	{"study.id": "", "cell.subset": "CD8+", "subject.cohort": "LTBI", "subject.id": "", "replica.id": "", "clone.id": "", "epitope.id": "", "tissue": "PBMC", "donor.MHC": "", "donor.MHC.method": "", "structure.id": "", "samples.found": 1, "studies.found": 1}	{"cdr3": "CAVEKKGGSYIPTF", "cdr3_old": "CAVEKKGGSYIPTF", "fixNeeded": false, "good": true, "jCanonical": true, "jFixType": "NoFixNeeded", "jId": "TRAJ6*01", "jStart": 6, "vCanonical": true, "vEnd": 4, "vFixType": "NoFixNeeded", "vId": "TRAV22*01"}	0
6834	TRA	CAYRSAHPDKLIF	TRAV38-1*01	TRAJ34*01	HomoSapiens	HLA-E*01:03	B2M	MHCI	VMATRRNVL	Rv1518	M.tuberculosis	PMID:38439958	{"identification": "tetramer-sort", "frequency": "", "singlecell": "", "sequencing": "sanger", "verification": ""}	{"study.id": "", "cell.subset": "CD8+", "subject.cohort": "LTBI", "subject.id": "", "replica.id": "", "clone.id": "", "epitope.id": "", "tissue": "PBMC", "donor.MHC": "", "donor.MHC.method": "", "structure.id": "", "samples.found": 1, "studies.found": 1}	{"cdr3": "CAYRSAHPDKLIF", "cdr3_old": "CAYRSAHPDKLIF", "fixNeeded": false, "good": true, "jCanonical": true, "jFixType": "NoFixNeeded", "jId": "TRAJ34*01", "jStart": 8, "vCanonical": true, "vEnd": 2, "vFixType": "NoFixNeeded", "vId": "TRAV38-1*01"}	0
6835	TRA	CAYRSAHTDKLIF	TRAV38-1*01	TRAJ34*01	HomoSapiens	HLA-E*01:03	B2M	MHCI	VMATRRNVL	Rv1518	M.tuberculosis	PMID:38439958	{"identification": "tetramer-sort", "frequency": "", "singlecell": "", "sequencing": "sanger", "verification": ""}	{"study.id": "", "cell.subset": "CD8+", "subject.cohort": "LTBI", "subject.id": "", "replica.id": "", "clone.id": "", "epitope.id": "", "tissue": "PBMC", "donor.MHC": "", "donor.MHC.method": "", "structure.id": "", "samples.found": 1, "studies.found": 1}	{"cdr3": "CAYRSAHTDKLIF", "cdr3_old": "CAYRSAHTDKLIF", "fixNeeded": false, "good": true, "jCanonical": true, "jFixType": "NoFixNeeded", "jId": "TRAJ34*01", "jStart": 7, "vCanonical": true, "vEnd": 2, "vFixType": "NoFixNeeded", "vId": "TRAV38-1*01"}	0
6836	TRA	CAVRAWNNAGNMLTF	TRAV1-2*01	TRAJ39*01	HomoSapiens	HLA-E*01:03	B2M	MHCI	VMATRRNVL	Rv1518	M.tuberculosis	PMID:38439958	{"identification": "tetramer-sort", "frequency": "", "singlecell": "", "sequencing": "sanger", "verification": ""}	{"study.id": "", "cell.subset": "CD8+", "subject.cohort": "LTBI", "subject.id": "", "replica.id": "", "clone.id": "", "epitope.id": "", "tissue": "PBMC", "donor.MHC": "", "donor.MHC.method": "", "structure.id": "", "samples.found": 1, "studies.found": 1}	{"cdr3": "CAVRAWNNAGNMLTF", "cdr3_old": "CAVRAWNNAGNMLTF", "fixNeeded": false, "good": true, "jCanonical": true, "jFixType": "NoFixNeeded", "jId": "TRAJ39*01", "jStart": 6, "vCanonical": true, "vEnd": 4, "vFixType": "NoFixNeeded", "vId": "TRAV1-2*01"}	0
6837	TRA	CAVVSGAGSYQLTF	TRAV22*01	TRAJ28*01	HomoSapiens	HLA-E*01:03	B2M	MHCI	VMATRRNVL	Rv1518	M.tuberculosis	PMID:38439958	{"identification": "tetramer-sort", "frequency": "", "singlecell": "", "sequencing": "sanger", "verification": ""}	{"study.id": "", "cell.subset": "CD8+", "subject.cohort": "LTBI", "subject.id": "", "replica.id": "", "clone.id": "", "epitope.id": "", "tissue": "PBMC", "donor.MHC": "", "donor.MHC.method": "", "structure.id": "", "samples.found": 1, "studies.found": 1}	{"cdr3": "CAVVSGAGSYQLTF", "cdr3_old": "CAVVSGAGSYQLTF", "fixNeeded": false, "good": true, "jCanonical": true, "jFixType": "NoFixNeeded", "jId": "TRAJ28*01", "jStart": 4, "vCanonical": true, "vEnd": 3, "vFixType": "NoFixNeeded", "vId": "TRAV22*01"}	0
6838	TRA	CAAIDGQKLLF	TRAV5*01	TRAJ16	HomoSapiens	HLA-E*01:03	B2M	MHCI	VMATRRNVL	Rv1518	M.tuberculosis	PMID:38439958	{"identification": "tetramer-sort", "frequency": "", "singlecell": "", "sequencing": "sanger", "verification": ""}	{"study.id": "", "cell.subset": "CD8+", "subject.cohort": "LTBI", "subject.id": "", "replica.id": "", "clone.id": "", "epitope.id": "", "tissue": "PBMC", "donor.MHC": "", "donor.MHC.method": "", "structure.id": "", "samples.found": 1, "studies.found": 1}	{"cdr3": "CAAIDGQKLLF", "cdr3_old": "CAAIDGQKLLF", "fixNeeded": false, "good": false, "jCanonical": true, "jFixType": "FailedBadSegment", "jId": "TRAJ16", "jStart": -1, "vCanonical": true, "vEnd": 2, "vFixType": "NoFixNeeded", "vId": "TRAV5*01"}	0
6839	TRA	CALDGQKLLF	TRAV1-2*01	TRAJ16	HomoSapiens	HLA-E*01:03	B2M	MHCI	VMATRRNVL	Rv1518	M.tuberculosis	PMID:38439958	{"identification": "tetramer-sort", "frequency": "", "singlecell": "", "sequencing": "sanger", "verification": ""}	{"study.id": "", "cell.subset": "CD8+", "subject.cohort": "LTBI", "subject.id": "", "replica.id": "", "clone.id": "", "epitope.id": "", "tissue": "PBMC", "donor.MHC": "", "donor.MHC.method": "", "structure.id": "", "samples.found": 1, "studies.found": 1}	{"cdr3": "CALDGQKLLF", "cdr3_old": "CALDGQKLLF", "fixNeeded": false, "good": false, "jCanonical": true, "jFixType": "FailedBadSegment", "jId": "TRAJ16", "jStart": -1, "vCanonical": true, "vEnd": 2, "vFixType": "NoFixNeeded", "vId": "TRAV1-2*01"}	0
6840	TRA	CAMREGNNNARLMF	TRAV14/DV4*01	TRAJ31*01	HomoSapiens	HLA-E*01:03	B2M	MHCI	VMATRRNVL	Rv1518	M.tuberculosis	PMID:38439958	{"identification": "tetramer-sort", "frequency": "", "singlecell": "", "sequencing": "sanger", "verification": ""}	{"study.id": "", "cell.subset": "CD8+", "subject.cohort": "LTBI", "subject.id": "", "replica.id": "", "clone.id": "", "epitope.id": "", "tissue": "PBMC", "donor.MHC": "", "donor.MHC.method": "", "structure.id": "", "samples.found": 1, "studies.found": 1}	{"cdr3": "CAMREGNNNARLMF", "cdr3_old": "CAMREGNNNARLMF", "fixNeeded": false, "good": true, "jCanonical": true, "jFixType": "NoFixNeeded", "jId": "TRAJ31*01", "jStart": 6, "vCanonical": true, "vEnd": 5, "vFixType": "NoFixNeeded", "vId": "TRAV14/DV4*01"}	0
6841	TRA	CAVRDRTYKYIF	TRAV1-2*01	TRAJ40*01	HomoSapiens	HLA-E*01:03	B2M	MHCI	VMATRRNVL	Rv1518	M.tuberculosis	PMID:38439958	{"identification": "tetramer-sort", "frequency": "", "singlecell": "", "sequencing": "sanger", "verification": ""}	{"study.id": "", "cell.subset": "CD8+", "subject.cohort": "LTBI", "subject.id": "", "replica.id": "", "clone.id": "", "epitope.id": "", "tissue": "PBMC", "donor.MHC": "", "donor.MHC.method": "", "structure.id": "", "samples.found": 1, "studies.found": 1}	{"cdr3": "CAVRDRTYKYIF", "cdr3_old": "CAVRDRTYKYIF", "fixNeeded": false, "good": true, "jCanonical": true, "jFixType": "NoFixNeeded", "jId": "TRAJ40*01", "jStart": 6, "vCanonical": true, "vEnd": 4, "vFixType": "NoFixNeeded", "vId": "TRAV1-2*01"}	0
6842	TRA	CAVVSSGGSYIPTF	TRAV5*01	TRAJ6*01	HomoSapiens	HLA-E*01:03	B2M	MHCI	VMATRRNVL	Rv1518	M.tuberculosis	PMID:38439958	{"identification": "tetramer-sort", "frequency": "", "singlecell": "", "sequencing": "sanger", "verification": ""}	{"study.id": "", "cell.subset": "CD8+", "subject.cohort": "LTBI", "subject.id": "", "replica.id": "", "clone.id": "", "epitope.id": "", "tissue": "PBMC", "donor.MHC": "", "donor.MHC.method": "", "structure.id": "", "samples.found": 1, "studies.found": 1}	{"cdr3": "CAVVSSGGSYIPTF", "cdr3_old": "CAVVSSGGSYIPTF", "fixNeeded": false, "good": true, "jCanonical": true, "jFixType": "NoFixNeeded", "jId": "TRAJ6*01", "jStart": 5, "vCanonical": true, "vEnd": 2, "vFixType": "NoFixNeeded", "vId": "TRAV5*01"}	0
6844	TRA	CAVKRGGSRLTF	TRAV41*01	TRAJ58	HomoSapiens	HLA-E*01:03	B2M	MHCI	VMATRRNVL	Rv1518	M.tuberculosis	PMID:38439958	{"identification": "tetramer-sort", "frequency": "", "singlecell": "", "sequencing": "sanger", "verification": ""}	{"study.id": "", "cell.subset": "CD8+", "subject.cohort": "LTBI", "subject.id": "", "replica.id": "", "clone.id": "", "epitope.id": "", "tissue": "PBMC", "donor.MHC": "", "donor.MHC.method": "", "structure.id": "", "samples.found": 1, "studies.found": 1}	{"cdr3": "CAVKRGGSRLTF", "cdr3_old": "CAVKRGGSRLTF", "fixNeeded": false, "good": false, "jCanonical": true, "jFixType": "FailedBadSegment", "jId": "TRAJ58", "jStart": -1, "vCanonical": true, "vEnd": 3, "vFixType": "NoFixNeeded", "vId": "TRAV41*01"}	0
6845	TRA	CAYRNTGNQFYF	TRAV38-1*01	TRAJ49*01	HomoSapiens	HLA-E*01:03	B2M	MHCI	VMATRRNVL	Rv1518	M.tuberculosis	PMID:38439958	{"identification": "tetramer-sort", "frequency": "", "singlecell": "", "sequencing": "sanger", "verification": ""}	{"study.id": "", "cell.subset": "CD8+", "subject.cohort": "LTBI", "subject.id": "", "replica.id": "", "clone.id": "", "epitope.id": "", "tissue": "PBMC", "donor.MHC": "", "donor.MHC.method": "", "structure.id": "", "samples.found": 1, "studies.found": 1}	{"cdr3": "CAYRNTGNQFYF", "cdr3_old": "CAYRNTGNQFYF", "fixNeeded": false, "good": true, "jCanonical": true, "jFixType": "NoFixNeeded", "jId": "TRAJ49*01", "jStart": 4, "vCanonical": true, "vEnd": 2, "vFixType": "NoFixNeeded", "vId": "TRAV38-1*01"}	0
6846	TRA	CVVSALSNTGNQFYF	TRAV10*01	TRAJ49*01	HomoSapiens	HLA-E*01:03	B2M	MHCI	VMATRRNVL	Rv1518	M.tuberculosis	PMID:38439958	{"identification": "tetramer-sort", "frequency": "", "singlecell": "", "sequencing": "sanger", "verification": ""}	{"study.id": "", "cell.subset": "CD8+", "subject.cohort": "LTBI", "subject.id": "", "replica.id": "", "clone.id": "", "epitope.id": "", "tissue": "PBMC", "donor.MHC": "", "donor.MHC.method": "", "structure.id": "", "samples.found": 1, "studies.found": 1}	{"cdr3": "CVVSALSNTGNQFYF", "cdr3_old": "CVVSALSNTGNQFYF", "fixNeeded": false, "good": true, "jCanonical": true, "jFixType": "NoFixNeeded", "jId": "TRAJ49*01", "jStart": 7, "vCanonical": true, "vEnd": 4, "vFixType": "NoFixNeeded", "vId": "TRAV10*01"}	0
6847	TRA	CAVSSGTYKYIF	TRAV22*01	TRAJ40*01	HomoSapiens	HLA-E*01:03	B2M	MHCI	VMATRRNVL	Rv1518	M.tuberculosis	PMID:38439958	{"identification": "tetramer-sort", "frequency": "", "singlecell": "", "sequencing": "sanger", "verification": ""}	{"study.id": "", "cell.subset": "CD8+", "subject.cohort": "LTBI", "subject.id": "", "replica.id": "", "clone.id": "", "epitope.id": "", "tissue": "PBMC", "donor.MHC": "", "donor.MHC.method": "", "structure.id": "", "samples.found": 1, "studies.found": 1}	{"cdr3": "CAVSSGTYKYIF", "cdr3_old": "CAVSSGTYKYIF", "fixNeeded": false, "good": true, "jCanonical": true, "jFixType": "NoFixNeeded", "jId": "TRAJ40*01", "jStart": 4, "vCanonical": true, "vEnd": 3, "vFixType": "NoFixNeeded", "vId": "TRAV22*01"}	0
6848	TRA	CALTGLGGTSYGKLTF	TRAV12-2*01	TRAJ52*01	HomoSapiens	HLA-E*01:03	B2M	MHCI	VMATRRNVL	Rv1518	M.tuberculosis	PMID:38439958	{"identification": "tetramer-sort", "frequency": "", "singlecell": "", "sequencing": "sanger", "verification": ""}	{"study.id": "", "cell.subset": "CD8+", "subject.cohort": "LTBI", "subject.id": "", "replica.id": "", "clone.id": "", "epitope.id": "", "tissue": "PBMC", "donor.MHC": "", "donor.MHC.method": "", "structure.id": "", "samples.found": 1, "studies.found": 1}	{"cdr3": "CALTGLGGTSYGKLTF", "cdr3_old": "CALTGLGGTSYGKLTF", "fixNeeded": false, "good": true, "jCanonical": true, "jFixType": "NoFixNeeded", "jId": "TRAJ52*01", "jStart": 6, "vCanonical": true, "vEnd": 2, "vFixType": "NoFixNeeded", "vId": "TRAV12-2*01"}	0
6849	TRA	CAADEETSGSRLTF	TRAV13-1*01	TRAJ58	HomoSapiens	HLA-E*01:03	B2M	MHCI	VMATRRNVL	Rv1518	M.tuberculosis	PMID:38439958	{"identification": "tetramer-sort", "frequency": "", "singlecell": "", "sequencing": "sanger", "verification": ""}	{"study.id": "", "cell.subset": "CD8+", "subject.cohort": "LTBI", "subject.id": "", "replica.id": "", "clone.id": "", "epitope.id": "", "tissue": "PBMC", "donor.MHC": "", "donor.MHC.method": "", "structure.id": "", "samples.found": 1, "studies.found": 1}	{"cdr3": "CAADEETSGSRLTF", "cdr3_old": "CAADEETSGSRLTF", "fixNeeded": false, "good": false, "jCanonical": true, "jFixType": "FailedBadSegment", "jId": "TRAJ58", "jStart": -1, "vCanonical": true, "vEnd": 3, "vFixType": "NoFixNeeded", "vId": "TRAV13-1*01"}	0
6850	TRA	CALSEAVGNTPLVF	TRAV19*01	TRAJ29*01	HomoSapiens	HLA-E*01:03	B2M	MHCI	VMATRRNVL	Rv1518	M.tuberculosis	PMID:38439958	{"identification": "tetramer-sort", "frequency": "", "singlecell": "", "sequencing": "sanger", "verification": ""}	{"study.id": "", "cell.subset": "CD8+", "subject.cohort": "LTBI", "subject.id": "", "replica.id": "", "clone.id": "", "epitope.id": "", "tissue": "PBMC", "donor.MHC": "", "donor.MHC.method": "", "structure.id": "", "samples.found": 1, "studies.found": 1}	{"cdr3": "CALSEAVGNTPLVF", "cdr3_old": "CALSEAVGNTPLVF", "fixNeeded": false, "good": true, "jCanonical": true, "jFixType": "NoFixNeeded", "jId": "TRAJ29*01", "jStart": 7, "vCanonical": true, "vEnd": 5, "vFixType": "NoFixNeeded", "vId": "TRAV19*01"}	0
6851	TRA	CAASGFTSGTYKYIF	TRAV29/DV5*01	TRAJ40*01	HomoSapiens	HLA-E*01:03	B2M	MHCI	VMATRRNVL	Rv1518	M.tuberculosis	PMID:38439958	{"identification": "tetramer-sort", "frequency": "", "singlecell": "", "sequencing": "sanger", "verification": ""}	{"study.id": "", "cell.subset": "CD8+", "subject.cohort": "LTBI", "subject.id": "", "replica.id": "", "clone.id": "", "epitope.id": "", "tissue": "PBMC", "donor.MHC": "", "donor.MHC.method": "", "structure.id": "", "samples.found": 1, "studies.found": 1}	{"cdr3": "CAASGFTSGTYKYIF", "cdr3_old": "CAASGFTSGTYKYIF", "fixNeeded": false, "good": true, "jCanonical": true, "jFixType": "NoFixNeeded", "jId": "TRAJ40*01", "jStart": 6, "vCanonical": true, "vEnd": 4, "vFixType": "NoFixNeeded", "vId": "TRAV29/DV5*01"}	0
6852	TRA	CAVTTQGGSEKLVF	TRAV12-2*01	TRAJ57*01	HomoSapiens	HLA-E*01:03	B2M	MHCI	VMATRRNVL	Rv1518	M.tuberculosis	PMID:38439958	{"identification": "tetramer-sort", "frequency": "", "singlecell": "", "sequencing": "sanger", "verification": ""}	{"study.id": "", "cell.subset": "CD8+", "subject.cohort": "LTBI", "subject.id": "", "replica.id": "", "clone.id": "", "epitope.id": "", "tissue": "PBMC", "donor.MHC": "", "donor.MHC.method": "", "structure.id": "", "samples.found": 1, "studies.found": 1}	{"cdr3": "CAVTTQGGSEKLVF", "cdr3_old": "CAVTTQGGSEKLVF", "fixNeeded": false, "good": true, "jCanonical": true, "jFixType": "NoFixNeeded", "jId": "TRAJ57*01", "jStart": 4, "vCanonical": true, "vEnd": 3, "vFixType": "NoFixNeeded", "vId": "TRAV12-2*01"}	0
6853	TRA	CLVGVFRRALTF	TRAV4*01	TRAJ5*01	HomoSapiens	HLA-E*01:03	B2M	MHCI	VMATRRNVL	Rv1518	M.tuberculosis	PMID:38439958	{"identification": "tetramer-sort", "frequency": "", "singlecell": "", "sequencing": "sanger", "verification": ""}	{"study.id": "", "cell.subset": "CD8+", "subject.cohort": "LTBI", "subject.id": "", "replica.id": "", "clone.id": "", "epitope.id": "", "tissue": "PBMC", "donor.MHC": "", "donor.MHC.method": "", "structure.id": "", "samples.found": 1, "studies.found": 1}	{"cdr3": "CLVGVFRRALTF", "cdr3_old": "CLVGVFRRALTF", "fixNeeded": false, "good": true, "jCanonical": true, "jFixType": "NoFixNeeded", "jId": "TRAJ5*01", "jStart": 6, "vCanonical": true, "vEnd": 4, "vFixType": "NoFixNeeded", "vId": "TRAV4*01"}	0
6854	TRA	CAATQNQAGTALIF	TRAV29/DV5*01	TRAJ15*01	HomoSapiens	HLA-E*01:03	B2M	MHCI	VMATRRNVL	Rv1518	M.tuberculosis	PMID:38439958	{"identification": "tetramer-sort", "frequency": "", "singlecell": "", "sequencing": "sanger", "verification": ""}	{"study.id": "", "cell.subset": "CD8+", "subject.cohort": "LTBI", "subject.id": "", "replica.id": "", "clone.id": "", "epitope.id": "", "tissue": "PBMC", "donor.MHC": "", "donor.MHC.method": "", "structure.id": "", "samples.found": 1, "studies.found": 1}	{"cdr3": "CAATQNQAGTALIF", "cdr3_old": "CAATQNQAGTALIF", "fixNeeded": false, "good": true, "jCanonical": true, "jFixType": "NoFixNeeded", "jId": "TRAJ15*01", "jStart": 5, "vCanonical": true, "vEnd": 3, "vFixType": "NoFixNeeded", "vId": "TRAV29/DV5*01"}	0
6855	TRA	IKAAGNKLTF	TRAV19*01	TRAJ17*01	HomoSapiens	HLA-E*01:03	B2M	MHCI	VMATRRNVL	Rv1518	M.tuberculosis	PMID:38439958	{"identification": "tetramer-sort", "frequency": "", "singlecell": "", "sequencing": "sanger", "verification": ""}	{"study.id": "", "cell.subset": "CD8+", "subject.cohort": "LTBI", "subject.id": "", "replica.id": "", "clone.id": "", "epitope.id": "", "tissue": "PBMC", "donor.MHC": "", "donor.MHC.method": "", "structure.id": "", "samples.found": 1, "studies.found": 1}	{"cdr3": "IKAAGNKLTF", "cdr3_old": "CALSAIKAAGNKLIF", "fixNeeded": true, "good": false, "jCanonical": true, "jFixType": "FailedReplace", "jId": "TRAJ17*01", "jStart": -1, "vCanonical": false, "vEnd": 4, "vFixType": "NoFixNeeded", "vId": "TRAV19*01"}	0
6856	TRA	CALIGGSQGNLIF	TRAV38-1*01	TRAJ42*01	HomoSapiens	HLA-E*01:03	B2M	MHCI	VMATRRNVL	Rv1518	M.tuberculosis	PMID:38439958	{"identification": "tetramer-sort", "frequency": "", "singlecell": "", "sequencing": "sanger", "verification": ""}	{"study.id": "", "cell.subset": "CD8+", "subject.cohort": "LTBI", "subject.id": "", "replica.id": "", "clone.id": "", "epitope.id": "", "tissue": "PBMC", "donor.MHC": "", "donor.MHC.method": "", "structure.id": "", "samples.found": 1, "studies.found": 1}	{"cdr3": "CALIGGSQGNLIF", "cdr3_old": "CALIGGSQGNLIF", "fixNeeded": false, "good": true, "jCanonical": true, "jFixType": "NoFixNeeded", "jId": "TRAJ42*01", "jStart": 4, "vCanonical": true, "vEnd": 2, "vFixType": "NoFixNeeded", "vId": "TRAV38-1*01"}	0
6857	TRA	CAVS	TRAV8-6*01	TRAJ10*01	HomoSapiens	HLA-E*01:03	B2M	MHCI	VMATRRNVL	Rv1518	M.tuberculosis	PMID:38439958	{"identification": "tetramer-sort", "frequency": "", "singlecell": "", "sequencing": "sanger", "verification": ""}	{"study.id": "", "cell.subset": "CD8+", "subject.cohort": "LTBI", "subject.id": "", "replica.id": "", "clone.id": "", "epitope.id": "", "tissue": "PBMC", "donor.MHC": "", "donor.MHC.method": "", "structure.id": "", "samples.found": 1, "studies.found": 1}	{"cdr3": "CAVS", "cdr3_old": "CGVSGFKITGGRNKLTF", "fixNeeded": true, "good": false, "jCanonical": false, "jFixType": "FailedNoAlignment", "jId": "TRAJ10*01", "jStart": -1, "vCanonical": true, "vEnd": -1, "vFixType": "FailedReplace", "vId": "TRAV8-6*01"}	0
6858	TRA	CAVDLMEYGNKLVF	TRAV8-3*01	TRAJ47*01	HomoSapiens	HLA-E*01:03	B2M	MHCI	VMATRRNVL	Rv1518	M.tuberculosis	PMID:38439958	{"identification": "tetramer-sort", "frequency": "", "singlecell": "", "sequencing": "sanger", "verification": ""}	{"study.id": "", "cell.subset": "CD8+", "subject.cohort": "LTBI", "subject.id": "", "replica.id": "", "clone.id": "", "epitope.id": "", "tissue": "PBMC", "donor.MHC": "", "donor.MHC.method": "", "structure.id": "", "samples.found": 1, "studies.found": 1}	{"cdr3": "CAVDLMEYGNKLVF", "cdr3_old": "CAVDLMEYGNKLVF", "fixNeeded": false, "good": true, "jCanonical": true, "jFixType": "NoFixNeeded", "jId": "TRAJ47*01", "jStart": 6, "vCanonical": true, "vEnd": 3, "vFixType": "NoFixNeeded", "vId": "TRAV8-3*01"}	0
6859	TRA	CAGRYNFNKFYF	TRAV13-2*01	TRAJ21*01	HomoSapiens	HLA-E*01:03	B2M	MHCI	VMATRRNVL	Rv1518	M.tuberculosis	PMID:38439958	{"identification": "tetramer-sort", "frequency": "", "singlecell": "", "sequencing": "sanger", "verification": ""}	{"study.id": "", "cell.subset": "CD8+", "subject.cohort": "LTBI", "subject.id": "", "replica.id": "", "clone.id": "", "epitope.id": "", "tissue": "PBMC", "donor.MHC": "", "donor.MHC.method": "", "structure.id": "", "samples.found": 1, "studies.found": 1}	{"cdr3": "CAGRYNFNKFYF", "cdr3_old": "CAGRYNFNKFYF", "fixNeeded": false, "good": true, "jCanonical": true, "jFixType": "NoFixNeeded", "jId": "TRAJ21*01", "jStart": 4, "vCanonical": true, "vEnd": 2, "vFixType": "NoFixNeeded", "vId": "TRAV13-2*01"}	0
6860	TRA	CAMRVRGDKIIF	TRAV14/DV4*01	TRAJ30*01	HomoSapiens	HLA-E*01:03	B2M	MHCI	VMATRRNVL	Rv1518	M.tuberculosis	PMID:38439958	{"identification": "tetramer-sort", "frequency": "", "singlecell": "", "sequencing": "sanger", "verification": ""}	{"study.id": "", "cell.subset": "CD8+", "subject.cohort": "LTBI", "subject.id": "", "replica.id": "", "clone.id": "", "epitope.id": "", "tissue": "PBMC", "donor.MHC": "", "donor.MHC.method": "", "structure.id": "", "samples.found": 1, "studies.found": 1}	{"cdr3": "CAMRVRGDKIIF", "cdr3_old": "CAMRVRGDKIIF", "fixNeeded": false, "good": true, "jCanonical": true, "jFixType": "NoFixNeeded", "jId": "TRAJ30*01", "jStart": 7, "vCanonical": true, "vEnd": 4, "vFixType": "NoFixNeeded", "vId": "TRAV14/DV4*01"}	0
6861	TRA	CAASNTGNQFYF	TRAV29/DV5*01	TRAJ49*01	HomoSapiens	HLA-E*01:03	B2M	MHCI	VMATRRNVL	Rv1518	M.tuberculosis	PMID:38439958	{"identification": "tetramer-sort", "frequency": "", "singlecell": "", "sequencing": "sanger", "verification": ""}	{"study.id": "", "cell.subset": "CD8+", "subject.cohort": "LTBI", "subject.id": "", "replica.id": "", "clone.id": "", "epitope.id": "", "tissue": "PBMC", "donor.MHC": "", "donor.MHC.method": "", "structure.id": "", "samples.found": 1, "studies.found": 1}	{"cdr3": "CAASNTGNQFYF", "cdr3_old": "CAASNTGNQFYF", "fixNeeded": false, "good": true, "jCanonical": true, "jFixType": "NoFixNeeded", "jId": "TRAJ49*01", "jStart": 4, "vCanonical": true, "vEnd": 4, "vFixType": "NoFixNeeded", "vId": "TRAV29/DV5*01"}	0
6862	TRA	CALDVYMDSNYQLIW	TRAV6*01	TRAJ33*01	HomoSapiens	HLA-E*01:03	B2M	MHCI	VMATRRNVL	Rv1518	M.tuberculosis	PMID:38439958	{"identification": "tetramer-sort", "frequency": "", "singlecell": "", "sequencing": "sanger", "verification": ""}	{"study.id": "", "cell.subset": "CD8+", "subject.cohort": "LTBI", "subject.id": "", "replica.id": "", "clone.id": "", "epitope.id": "", "tissue": "PBMC", "donor.MHC": "", "donor.MHC.method": "", "structure.id": "", "samples.found": 1, "studies.found": 1}	{"cdr3": "CALDVYMDSNYQLIW", "cdr3_old": "CALDVYMDSNYQLIW", "fixNeeded": false, "good": true, "jCanonical": true, "jFixType": "NoFixNeeded", "jId": "TRAJ33*01", "jStart": 7, "vCanonical": true, "vEnd": 4, "vFixType": "NoFixNeeded", "vId": "TRAV6*01"}	0
6863	TRA	CAASVSGGSYYKLTF	TRAV29/DV5*01	TRAJ53*01	HomoSapiens	HLA-E*01:03	B2M	MHCI	VMATRRNVL	Rv1518	M.tuberculosis	PMID:38439958	{"identification": "tetramer-sort", "frequency": "", "singlecell": "", "sequencing": "sanger", "verification": ""}	{"study.id": "", "cell.subset": "CD8+", "subject.cohort": "LTBI", "subject.id": "", "replica.id": "", "clone.id": "", "epitope.id": "", "tissue": "PBMC", "donor.MHC": "", "donor.MHC.method": "", "structure.id": "", "samples.found": 1, "studies.found": 1}	{"cdr3": "CAASVSGGSYYKLTF", "cdr3_old": "CAASVSGGSYYKLTF", "fixNeeded": false, "good": true, "jCanonical": true, "jFixType": "NoFixNeeded", "jId": "TRAJ53*01", "jStart": 10, "vCanonical": true, "vEnd": 4, "vFixType": "NoFixNeeded", "vId": "TRAV29/DV5*01"}	0
6864	TRA	CAVINAGNMLTF	TRAV3*01	TRAJ39*01	HomoSapiens	HLA-E*01:03	B2M	MHCI	VMATRRNVL	Rv1518	M.tuberculosis	PMID:38439958	{"identification": "tetramer-sort", "frequency": "", "singlecell": "", "sequencing": "sanger", "verification": ""}	{"study.id": "", "cell.subset": "CD8+", "subject.cohort": "LTBI", "subject.id": "", "replica.id": "", "clone.id": "", "epitope.id": "", "tissue": "PBMC", "donor.MHC": "", "donor.MHC.method": "", "structure.id": "", "samples.found": 1, "studies.found": 1}	{"cdr3": "CAVINAGNMLTF", "cdr3_old": "CAVINAGNMLTF", "fixNeeded": false, "good": true, "jCanonical": true, "jFixType": "NoFixNeeded", "jId": "TRAJ39*01", "jStart": 4, "vCanonical": true, "vEnd": 3, "vFixType": "NoFixNeeded", "vId": "TRAV3*01"}	0
6865	TRA	TTDSWGKFEF	TRAV4*01	TRAJ24*01	HomoSapiens	HLA-E*01:03	B2M	MHCI	VMATRRNVL	Rv1518	M.tuberculosis	PMID:38439958	{"identification": "tetramer-sort", "frequency": "", "singlecell": "", "sequencing": "sanger", "verification": ""}	{"study.id": "", "cell.subset": "CD8+", "subject.cohort": "LTBI", "subject.id": "", "replica.id": "", "clone.id": "", "epitope.id": "", "tissue": "PBMC", "donor.MHC": "", "donor.MHC.method": "", "structure.id": "", "samples.found": 1, "studies.found": 1}	{"cdr3": "TTDSWGKFEF", "cdr3_old": "CLVGSTDSWGKLQF", "fixNeeded": true, "good": false, "jCanonical": true, "jFixType": "FailedReplace", "jId": "TRAJ24*01", "jStart": -1, "vCanonical": false, "vEnd": 4, "vFixType": "NoFixNeeded", "vId": "TRAV4*01"}	0
6866	TRA	CGADPSGTYKYIF	TRAV34*01	TRAJ40*01	HomoSapiens	HLA-E*01:03	B2M	MHCI	VMATRRNVL	Rv1518	M.tuberculosis	PMID:38439958	{"identification": "tetramer-sort", "frequency": "", "singlecell": "", "sequencing": "sanger", "verification": ""}	{"study.id": "", "cell.subset": "CD8+", "subject.cohort": "LTBI", "subject.id": "", "replica.id": "", "clone.id": "", "epitope.id": "", "tissue": "PBMC", "donor.MHC": "", "donor.MHC.method": "", "structure.id": "", "samples.found": 1, "studies.found": 1}	{"cdr3": "CGADPSGTYKYIF", "cdr3_old": "CGADPSGTYKYIF", "fixNeeded": false, "good": true, "jCanonical": true, "jFixType": "NoFixNeeded", "jId": "TRAJ40*01", "jStart": 5, "vCanonical": true, "vEnd": 4, "vFixType": "NoFixNeeded", "vId": "TRAV34*01"}	0
6867	TRA	CAVRDSNYQLIW	TRAV1-1*01	TRAJ33*01	HomoSapiens	HLA-E*01:03	B2M	MHCI	VMATRRNVL	Rv1518	M.tuberculosis	PMID:38439958	{"identification": "tetramer-sort", "frequency": "", "singlecell": "", "sequencing": "sanger", "verification": ""}	{"study.id": "", "cell.subset": "CD8+", "subject.cohort": "LTBI", "subject.id": "", "replica.id": "", "clone.id": "", "epitope.id": "", "tissue": "PBMC", "donor.MHC": "", "donor.MHC.method": "", "structure.id": "", "samples.found": 1, "studies.found": 1}	{"cdr3": "CAVRDSNYQLIW", "cdr3_old": "CAVRDSNYQLIW", "fixNeeded": false, "good": true, "jCanonical": true, "jFixType": "NoFixNeeded", "jId": "TRAJ33*01", "jStart": 4, "vCanonical": true, "vEnd": 4, "vFixType": "NoFixNeeded", "vId": "TRAV1-1*01"}	0
6868	TRA	CAYNTGTYKYIF	TRAV38-1*01	TRAJ40*01	HomoSapiens	HLA-E*01:03	B2M	MHCI	VMATRRNVL	Rv1518	M.tuberculosis	PMID:38439958	{"identification": "tetramer-sort", "frequency": "", "singlecell": "", "sequencing": "sanger", "verification": ""}	{"study.id": "", "cell.subset": "CD8+", "subject.cohort": "LTBI", "subject.id": "", "replica.id": "", "clone.id": "", "epitope.id": "", "tissue": "PBMC", "donor.MHC": "", "donor.MHC.method": "", "structure.id": "", "samples.found": 1, "studies.found": 1}	{"cdr3": "CAYNTGTYKYIF", "cdr3_old": "CAYNTGTYKYIF", "fixNeeded": false, "good": true, "jCanonical": true, "jFixType": "NoFixNeeded", "jId": "TRAJ40*01", "jStart": 5, "vCanonical": true, "vEnd": 2, "vFixType": "NoFixNeeded", "vId": "TRAV38-1*01"}	0
6869	TRA	CAVRAFSGGYNKLIF	TRAV1-2*01	TRAJ4*01	HomoSapiens	HLA-E*01:03	B2M	MHCI	VMATRRNVL	Rv1518	M.tuberculosis	PMID:38439958	{"identification": "tetramer-sort", "frequency": "", "singlecell": "", "sequencing": "sanger", "verification": ""}	{"study.id": "", "cell.subset": "CD8+", "subject.cohort": "LTBI", "subject.id": "", "replica.id": "", "clone.id": "", "epitope.id": "", "tissue": "PBMC", "donor.MHC": "", "donor.MHC.method": "", "structure.id": "", "samples.found": 1, "studies.found": 1}	{"cdr3": "CAVRAFSGGYNKLIF", "cdr3_old": "CAVRAFSGGYNKLIF", "fixNeeded": false, "good": true, "jCanonical": true, "jFixType": "NoFixNeeded", "jId": "TRAJ4*01", "jStart": 5, "vCanonical": true, "vEnd": 4, "vFixType": "NoFixNeeded", "vId": "TRAV1-2*01"}	0
6870	TRA	CAVSGFKITGGGNKLTF	TRAV8-6*01	TRAJ10*01	HomoSapiens	HLA-E*01:03	B2M	MHCI	VMATRRNVL	Rv1518	M.tuberculosis	PMID:38439958	{"identification": "tetramer-sort", "frequency": "", "singlecell": "", "sequencing": "sanger", "verification": ""}	{"study.id": "", "cell.subset": "CD8+", "subject.cohort": "LTBI", "subject.id": "", "replica.id": "", "clone.id": "", "epitope.id": "", "tissue": "PBMC", "donor.MHC": "", "donor.MHC.method": "", "structure.id": "", "samples.found": 1, "studies.found": 1}	{"cdr3": "CAVSGFKITGGGNKLTF", "cdr3_old": "CAVSGFKITGGGNKLTF", "fixNeeded": false, "good": true, "jCanonical": true, "jFixType": "NoFixNeeded", "jId": "TRAJ10*01", "jStart": 8, "vCanonical": true, "vEnd": 4, "vFixType": "NoFixNeeded", "vId": "TRAV8-6*01"}	0
6871	TRA	CAGPMKTSYAKVIF	TRAV35*01	TRAJ50*01	HomoSapiens	HLA-E*01:03	B2M	MHCI	VMATRRNVL	Rv1518	M.tuberculosis	PMID:38439958	{"identification": "tetramer-sort", "frequency": "", "singlecell": "", "sequencing": "sanger", "verification": ""}	{"study.id": "", "cell.subset": "CD8+", "subject.cohort": "LTBI", "subject.id": "", "replica.id": "", "clone.id": "", "epitope.id": "", "tissue": "PBMC", "donor.MHC": "", "donor.MHC.method": "", "structure.id": "", "samples.found": 1, "studies.found": 1}	{"cdr3": "CAGPMKTSYAKVIF", "cdr3_old": "CAGPMKTSYAKVIF", "fixNeeded": false, "good": true, "jCanonical": true, "jFixType": "NoFixNeeded", "jId": "TRAJ50*01", "jStart": 10, "vCanonical": true, "vEnd": 3, "vFixType": "NoFixNeeded", "vId": "TRAV35*01"}	0
6872	TRA	CAVQGGKLIF	TRAV8-4*01	TRAJ23*01	HomoSapiens	HLA-E*01:03	B2M	MHCI	VMATRRNVL	Rv1518	M.tuberculosis	PMID:38439958	{"identification": "tetramer-sort", "frequency": "", "singlecell": "", "sequencing": "sanger", "verification": ""}	{"study.id": "", "cell.subset": "CD8+", "subject.cohort": "LTBI", "subject.id": "", "replica.id": "", "clone.id": "", "epitope.id": "", "tissue": "PBMC", "donor.MHC": "", "donor.MHC.method": "", "structure.id": "", "samples.found": 1, "studies.found": 1}	{"cdr3": "CAVQGGKLIF", "cdr3_old": "CAVQGGKLIF", "fixNeeded": false, "good": true, "jCanonical": true, "jFixType": "NoFixNeeded", "jId": "TRAJ23*01", "jStart": 3, "vCanonical": true, "vEnd": 3, "vFixType": "NoFixNeeded", "vId": "TRAV8-4*01"}	0
6873	TRA	CAVNSGGYQKVTF	TRAV8-6*01	TRAJ13*01	HomoSapiens	HLA-E*01:03	B2M	MHCI	VMATRRNVL	Rv1518	M.tuberculosis	PMID:38439958	{"identification": "tetramer-sort", "frequency": "", "singlecell": "", "sequencing": "sanger", "verification": ""}	{"study.id": "", "cell.subset": "CD8+", "subject.cohort": "LTBI", "subject.id": "", "replica.id": "", "clone.id": "", "epitope.id": "", "tissue": "PBMC", "donor.MHC": "", "donor.MHC.method": "", "structure.id": "", "samples.found": 1, "studies.found": 1}	{"cdr3": "CAVNSGGYQKVTF", "cdr3_old": "CAVNSGGYQKVTF", "fixNeeded": false, "good": true, "jCanonical": true, "jFixType": "NoFixNeeded", "jId": "TRAJ13*01", "jStart": 3, "vCanonical": true, "vEnd": 3, "vFixType": "NoFixNeeded", "vId": "TRAV8-6*01"}	0
6874	TRA	CSERTSRGVKMIF	TRAV12-2*01	TRAJ46*01	HomoSapiens	HLA-E*01:03	B2M	MHCI	VMATRRNVL	Rv1518	M.tuberculosis	PMID:38439958	{"identification": "tetramer-sort", "frequency": "", "singlecell": "", "sequencing": "sanger", "verification": ""}	{"study.id": "", "cell.subset": "CD8+", "subject.cohort": "LTBI", "subject.id": "", "replica.id": "", "clone.id": "", "epitope.id": "", "tissue": "PBMC", "donor.MHC": "", "donor.MHC.method": "", "structure.id": "", "samples.found": 1, "studies.found": 1}	{"cdr3": "CSERTSRGVKMIF", "cdr3_old": "CSERTSRGVKMIF", "fixNeeded": false, "good": false, "jCanonical": true, "jFixType": "FailedNoAlignment", "jId": "TRAJ46*01", "jStart": -1, "vCanonical": true, "vEnd": -1, "vFixType": "FailedNoAlignment", "vId": "TRAV12-2*01"}	0
6875	TRA	CAVRDMRNYGQNFVF	TRAV3*01	TRAJ26*01	HomoSapiens	HLA-E*01:03	B2M	MHCI	VMATRRNVL	Rv1518	M.tuberculosis	PMID:38439958	{"identification": "tetramer-sort", "frequency": "", "singlecell": "", "sequencing": "sanger", "verification": ""}	{"study.id": "", "cell.subset": "CD8+", "subject.cohort": "LTBI", "subject.id": "", "replica.id": "", "clone.id": "", "epitope.id": "", "tissue": "PBMC", "donor.MHC": "", "donor.MHC.method": "", "structure.id": "", "samples.found": 1, "studies.found": 1}	{"cdr3": "CAVRDMRNYGQNFVF", "cdr3_old": "CAVRDMRNYGQNFVF", "fixNeeded": false, "good": true, "jCanonical": true, "jFixType": "NoFixNeeded", "jId": "TRAJ26*01", "jStart": 7, "vCanonical": true, "vEnd": 5, "vFixType": "NoFixNeeded", "vId": "TRAV3*01"}	0
6876	TRA	CAFSGGYQKVTF	TRAV19*01	TRAJ13*01	HomoSapiens	HLA-E*01:03	B2M	MHCI	VMATRRNVL	Rv1518	M.tuberculosis	PMID:38439958	{"identification": "tetramer-sort", "frequency": "", "singlecell": "", "sequencing": "sanger", "verification": ""}	{"study.id": "", "cell.subset": "CD8+", "subject.cohort": "LTBI", "subject.id": "", "replica.id": "", "clone.id": "", "epitope.id": "", "tissue": "PBMC", "donor.MHC": "", "donor.MHC.method": "", "structure.id": "", "samples.found": 1, "studies.found": 1}	{"cdr3": "CAFSGGYQKVTF", "cdr3_old": "CAFSGGYQKVTF", "fixNeeded": false, "good": true, "jCanonical": true, "jFixType": "NoFixNeeded", "jId": "TRAJ13*01", "jStart": 3, "vCanonical": true, "vEnd": 2, "vFixType": "NoFixNeeded", "vId": "TRAV19*01"}	0
6877	TRA	CAVMDSNYQLIW	TRAV1-2*01	TRAJ33*01	HomoSapiens	HLA-E*01:03	B2M	MHCI	VMATRRNVL	Rv1518	M.tuberculosis	PMID:38439958	{"identification": "tetramer-sort", "frequency": "", "singlecell": "", "sequencing": "sanger", "verification": ""}	{"study.id": "", "cell.subset": "CD8+", "subject.cohort": "LTBI", "subject.id": "", "replica.id": "", "clone.id": "", "epitope.id": "", "tissue": "PBMC", "donor.MHC": "", "donor.MHC.method": "", "structure.id": "", "samples.found": 1, "studies.found": 1}	{"cdr3": "CAVMDSNYQLIW", "cdr3_old": "CAVMDSNYQLIW", "fixNeeded": false, "good": true, "jCanonical": true, "jFixType": "NoFixNeeded", "jId": "TRAJ33*01", "jStart": 4, "vCanonical": true, "vEnd": 3, "vFixType": "NoFixNeeded", "vId": "TRAV1-2*01"}	0
6878	TRA	CALSDLVGFGNVLHC	TRAV9-2*01	TRAJ35	HomoSapiens	HLA-E*01:03	B2M	MHCI	VMATRRNVL	Rv1518	M.tuberculosis	PMID:38439958	{"identification": "tetramer-sort", "frequency": "", "singlecell": "", "sequencing": "sanger", "verification": ""}	{"study.id": "", "cell.subset": "CD8+", "subject.cohort": "LTBI", "subject.id": "", "replica.id": "", "clone.id": "", "epitope.id": "", "tissue": "PBMC", "donor.MHC": "", "donor.MHC.method": "", "structure.id": "", "samples.found": 1, "studies.found": 1}	{"cdr3": "CALSDLVGFGNVLHC", "cdr3_old": "CALSDLVGFGNVLHC", "fixNeeded": false, "good": false, "jCanonical": false, "jFixType": "FailedBadSegment", "jId": "TRAJ35", "jStart": -1, "vCanonical": true, "vEnd": 4, "vFixType": "NoFixNeeded", "vId": "TRAV9-2*01"}	0
6879	TRA	CAMREGHYYGNKLVF	TRAV14/DV4*01	TRAJ47*01	HomoSapiens	HLA-E*01:03	B2M	MHCI	VMATRRNVL	Rv1518	M.tuberculosis	PMID:38439958	{"identification": "tetramer-sort", "frequency": "", "singlecell": "", "sequencing": "sanger", "verification": ""}	{"study.id": "", "cell.subset": "CD8+", "subject.cohort": "LTBI", "subject.id": "", "replica.id": "", "clone.id": "", "epitope.id": "", "tissue": "PBMC", "donor.MHC": "", "donor.MHC.method": "", "structure.id": "", "samples.found": 1, "studies.found": 1}	{"cdr3": "CAMREGHYYGNKLVF", "cdr3_old": "CAMREGHYYGNKLVF", "fixNeeded": false, "good": true, "jCanonical": true, "jFixType": "NoFixNeeded", "jId": "TRAJ47*01", "jStart": 8, "vCanonical": true, "vEnd": 5, "vFixType": "NoFixNeeded", "vId": "TRAV14/DV4*01"}	0
6880	TRA	MDSSYKLIF	TRAV8-1*01	TRAJ12*01	HomoSapiens	HLA-E*01:03	B2M	MHCI	VMATRRNVL	Rv1518	M.tuberculosis	PMID:38439958	{"identification": "tetramer-sort", "frequency": "", "singlecell": "", "sequencing": "sanger", "verification": ""}	{"study.id": "", "cell.subset": "CD8+", "subject.cohort": "LTBI", "subject.id": "", "replica.id": "", "clone.id": "", "epitope.id": "", "tissue": "PBMC", "donor.MHC": "", "donor.MHC.method": "", "structure.id": "", "samples.found": 1, "studies.found": 1}	{"cdr3": "MDSSYKLIF", "cdr3_old": "CSVMGMDSSYKVIF", "fixNeeded": true, "good": false, "jCanonical": true, "jFixType": "FailedReplace", "jId": "TRAJ12*01", "jStart": -1, "vCanonical": false, "vEnd": -1, "vFixType": "FailedNoAlignment", "vId": "TRAV8-1*01"}	0
6881	TRA	CATGLEGQKLLF	TRAV17*01	TRAJ16	HomoSapiens	HLA-E*01:03	B2M	MHCI	VMATRRNVL	Rv1518	M.tuberculosis	PMID:38439958	{"identification": "tetramer-sort", "frequency": "", "singlecell": "", "sequencing": "sanger", "verification": ""}	{"study.id": "", "cell.subset": "CD8+", "subject.cohort": "LTBI", "subject.id": "", "replica.id": "", "clone.id": "", "epitope.id": "", "tissue": "PBMC", "donor.MHC": "", "donor.MHC.method": "", "structure.id": "", "samples.found": 1, "studies.found": 1}	{"cdr3": "CATGLEGQKLLF", "cdr3_old": "CATGLEGQKLLF", "fixNeeded": false, "good": false, "jCanonical": true, "jFixType": "FailedBadSegment", "jId": "TRAJ16", "jStart": -1, "vCanonical": true, "vEnd": 3, "vFixType": "NoFixNeeded", "vId": "TRAV17*01"}	0
6882	TRA	CAASATNSGNTPLVF	TRAV29/DV5*01	TRAJ29*01	HomoSapiens	HLA-E*01:03	B2M	MHCI	VMATRRNVL	Rv1518	M.tuberculosis	PMID:38439958	{"identification": "tetramer-sort", "frequency": "", "singlecell": "", "sequencing": "sanger", "verification": ""}	{"study.id": "", "cell.subset": "CD8+", "subject.cohort": "LTBI", "subject.id": "", "replica.id": "", "clone.id": "", "epitope.id": "", "tissue": "PBMC", "donor.MHC": "", "donor.MHC.method": "", "structure.id": "", "samples.found": 1, "studies.found": 1}	{"cdr3": "CAASATNSGNTPLVF", "cdr3_old": "CAASATNSGNTPLVF", "fixNeeded": false, "good": true, "jCanonical": true, "jFixType": "NoFixNeeded", "jId": "TRAJ29*01", "jStart": 6, "vCanonical": true, "vEnd": 4, "vFixType": "NoFixNeeded", "vId": "TRAV29/DV5*01"}	0
6883	TRA	CAAYLISNFGNEKLTF	TRAV13-1*01	TRAJ48*01	HomoSapiens	HLA-E*01:03	B2M	MHCI	VMATRRNVL	Rv1518	M.tuberculosis	PMID:38439958	{"identification": "tetramer-sort", "frequency": "", "singlecell": "", "sequencing": "sanger", "verification": ""}	{"study.id": "", "cell.subset": "CD8+", "subject.cohort": "LTBI", "subject.id": "", "replica.id": "", "clone.id": "", "epitope.id": "", "tissue": "PBMC", "donor.MHC": "", "donor.MHC.method": "", "structure.id": "", "samples.found": 1, "studies.found": 1}	{"cdr3": "CAAYLISNFGNEKLTF", "cdr3_old": "CAAYLISNFGNEKLTF", "fixNeeded": false, "good": true, "jCanonical": true, "jFixType": "NoFixNeeded", "jId": "TRAJ48*01", "jStart": 6, "vCanonical": true, "vEnd": 3, "vFixType": "NoFixNeeded", "vId": "TRAV13-1*01"}	0
6884	TRA	CAVNMWGKLIF	TRAV12-2*01	TRAJ23*01	HomoSapiens	HLA-E*01:03	B2M	MHCI	VMATRRNVL	Rv1518	M.tuberculosis	PMID:38439958	{"identification": "tetramer-sort", "frequency": "", "singlecell": "", "sequencing": "sanger", "verification": ""}	{"study.id": "", "cell.subset": "CD8+", "subject.cohort": "LTBI", "subject.id": "", "replica.id": "", "clone.id": "", "epitope.id": "", "tissue": "PBMC", "donor.MHC": "", "donor.MHC.method": "", "structure.id": "", "samples.found": 1, "studies.found": 1}	{"cdr3": "CAVNMWGKLIF", "cdr3_old": "CAVNMWGKLIF", "fixNeeded": false, "good": true, "jCanonical": true, "jFixType": "NoFixNeeded", "jId": "TRAJ23*01", "jStart": 6, "vCanonical": true, "vEnd": 4, "vFixType": "NoFixNeeded", "vId": "TRAV12-2*01"}	0
6885	TRA	CALTAFYNQGGKLIF	TRAV9-2*01	TRAJ23*01	HomoSapiens	HLA-E*01:03	B2M	MHCI	VMATRRNVL	Rv1518	M.tuberculosis	PMID:38439958	{"identification": "tetramer-sort", "frequency": "", "singlecell": "", "sequencing": "sanger", "verification": ""}	{"study.id": "", "cell.subset": "CD8+", "subject.cohort": "LTBI", "subject.id": "", "replica.id": "", "clone.id": "", "epitope.id": "", "tissue": "PBMC", "donor.MHC": "", "donor.MHC.method": "", "structure.id": "", "samples.found": 1, "studies.found": 1}	{"cdr3": "CALTAFYNQGGKLIF", "cdr3_old": "CALTAFYNQGGKLIF", "fixNeeded": false, "good": true, "jCanonical": true, "jFixType": "NoFixNeeded", "jId": "TRAJ23*01", "jStart": 6, "vCanonical": true, "vEnd": 3, "vFixType": "NoFixNeeded", "vId": "TRAV9-2*01"}	0
6886	TRA	CALSEPITQGGSEKLVF	TRAV19*01	TRAJ57*01	HomoSapiens	HLA-E*01:03	B2M	MHCI	VMATRRNVL	Rv1518	M.tuberculosis	PMID:38439958	{"identification": "tetramer-sort", "frequency": "", "singlecell": "", "sequencing": "sanger", "verification": ""}	{"study.id": "", "cell.subset": "CD8+", "subject.cohort": "LTBI", "subject.id": "", "replica.id": "", "clone.id": "", "epitope.id": "", "tissue": "PBMC", "donor.MHC": "", "donor.MHC.method": "", "structure.id": "", "samples.found": 1, "studies.found": 1}	{"cdr3": "CALSEPITQGGSEKLVF", "cdr3_old": "CALSEPITQGGSEKLVF", "fixNeeded": false, "good": true, "jCanonical": true, "jFixType": "NoFixNeeded", "jId": "TRAJ57*01", "jStart": 7, "vCanonical": true, "vEnd": 5, "vFixType": "NoFixNeeded", "vId": "TRAV19*01"}	0
6887	TRA	CAGVGGSEKLVF	TRAV27*01	TRAJ57*01	HomoSapiens	HLA-E*01:03	B2M	MHCI	VMATRRNVL	Rv1518	M.tuberculosis	PMID:38439958	{"identification": "tetramer-sort", "frequency": "", "singlecell": "", "sequencing": "sanger", "verification": ""}	{"study.id": "", "cell.subset": "CD8+", "subject.cohort": "LTBI", "subject.id": "", "replica.id": "", "clone.id": "", "epitope.id": "", "tissue": "PBMC", "donor.MHC": "", "donor.MHC.method": "", "structure.id": "", "samples.found": 1, "studies.found": 1}	{"cdr3": "CAGVGGSEKLVF", "cdr3_old": "CAGVGGSEKLVF", "fixNeeded": false, "good": true, "jCanonical": true, "jFixType": "NoFixNeeded", "jId": "TRAJ57*01", "jStart": 4, "vCanonical": true, "vEnd": 3, "vFixType": "NoFixNeeded", "vId": "TRAV27*01"}	0
6888	TRA	CAVPRGGGGADGLTF	TRAV22*01	TRAJ45*01	HomoSapiens	HLA-E*01:03	B2M	MHCI	VMATRRNVL	Rv1518	M.tuberculosis	PMID:38439958	{"identification": "tetramer-sort", "frequency": "", "singlecell": "", "sequencing": "sanger", "verification": ""}	{"study.id": "", "cell.subset": "CD8+", "subject.cohort": "LTBI", "subject.id": "", "replica.id": "", "clone.id": "", "epitope.id": "", "tissue": "PBMC", "donor.MHC": "", "donor.MHC.method": "", "structure.id": "", "samples.found": 1, "studies.found": 1}	{"cdr3": "CAVPRGGGGADGLTF", "cdr3_old": "CAVPRGGGGADGLTF", "fixNeeded": false, "good": true, "jCanonical": true, "jFixType": "NoFixNeeded", "jId": "TRAJ45*01", "jStart": 6, "vCanonical": true, "vEnd": 3, "vFixType": "NoFixNeeded", "vId": "TRAV22*01"}	0
6889	TRA	MDSSYKLIF	TRAV14/DV4*01	TRAJ12*01	HomoSapiens	HLA-E*01:03	B2M	MHCI	VMATRRNVL	Rv1518	M.tuberculosis	PMID:38439958	{"identification": "tetramer-sort", "frequency": "", "singlecell": "", "sequencing": "sanger", "verification": ""}	{"study.id": "", "cell.subset": "CD8+", "subject.cohort": "LTBI", "subject.id": "", "replica.id": "", "clone.id": "", "epitope.id": "", "tissue": "PBMC", "donor.MHC": "", "donor.MHC.method": "", "structure.id": "", "samples.found": 1, "studies.found": 1}	{"cdr3": "MDSSYKLIF", "cdr3_old": "GAMHSRYKLVF", "fixNeeded": true, "good": false, "jCanonical": true, "jFixType": "FailedReplace", "jId": "TRAJ12*01", "jStart": -1, "vCanonical": false, "vEnd": 2, "vFixType": "FixReplace", "vId": "TRAV14/DV4*01"}	0
6890	TRA	CLVGALRNTDKLIF	TRAV4*01	TRAJ34*01	HomoSapiens	HLA-E*01:03	B2M	MHCI	VMATRRNVL	Rv1518	M.tuberculosis	PMID:38439958	{"identification": "tetramer-sort", "frequency": "", "singlecell": "", "sequencing": "sanger", "verification": ""}	{"study.id": "", "cell.subset": "CD8+", "subject.cohort": "LTBI", "subject.id": "", "replica.id": "", "clone.id": "", "epitope.id": "", "tissue": "PBMC", "donor.MHC": "", "donor.MHC.method": "", "structure.id": "", "samples.found": 1, "studies.found": 1}	{"cdr3": "CLVGALRNTDKLIF", "cdr3_old": "CLVGALRNTDKLIF", "fixNeeded": false, "good": true, "jCanonical": true, "jFixType": "NoFixNeeded", "jId": "TRAJ34*01", "jStart": 7, "vCanonical": true, "vEnd": 4, "vFixType": "NoFixNeeded", "vId": "TRAV4*01"}	0
6891	TRA	CAVERGDYKLSF	TRAV22*01	TRAJ20*01	HomoSapiens	HLA-E*01:03	B2M	MHCI	VMATRRNVL	Rv1518	M.tuberculosis	PMID:38439958	{"identification": "tetramer-sort", "frequency": "", "singlecell": "", "sequencing": "sanger", "verification": ""}	{"study.id": "", "cell.subset": "CD8+", "subject.cohort": "LTBI", "subject.id": "", "replica.id": "", "clone.id": "", "epitope.id": "", "tissue": "PBMC", "donor.MHC": "", "donor.MHC.method": "", "structure.id": "", "samples.found": 1, "studies.found": 1}	{"cdr3": "CAVERGDYKLSF", "cdr3_old": "CAVERGDYKLSF", "fixNeeded": false, "good": true, "jCanonical": true, "jFixType": "NoFixNeeded", "jId": "TRAJ20*01", "jStart": 6, "vCanonical": true, "vEnd": 4, "vFixType": "NoFixNeeded", "vId": "TRAV22*01"}	0
6892	TRA	CALNLANAGGTSYGKLTF	TRAV12-1*01	TRAJ52*01	HomoSapiens	HLA-E*01:03	B2M	MHCI	VMATRRNVL	Rv1518	M.tuberculosis	PMID:38439958	{"identification": "tetramer-sort", "frequency": "", "singlecell": "", "sequencing": "sanger", "verification": ""}	{"study.id": "", "cell.subset": "CD8+", "subject.cohort": "LTBI", "subject.id": "", "replica.id": "", "clone.id": "", "epitope.id": "", "tissue": "PBMC", "donor.MHC": "", "donor.MHC.method": "", "structure.id": "", "samples.found": 1, "studies.found": 1}	{"cdr3": "CALNLANAGGTSYGKLTF", "cdr3_old": "CALNLANAGGTSYGKLTF", "fixNeeded": false, "good": false, "jCanonical": true, "jFixType": "NoFixNeeded", "jId": "TRAJ52*01", "jStart": 6, "vCanonical": true, "vEnd": -1, "vFixType": "FailedNoAlignment", "vId": "TRAV12-1*01"}	0
6893	TRA	NAGGTSYGKLTF	TRAV24*01	TRAJ52*01	HomoSapiens	HLA-E*01:03	B2M	MHCI	VMATRRNVL	Rv1518	M.tuberculosis	PMID:38439958	{"identification": "tetramer-sort", "frequency": "", "singlecell": "", "sequencing": "sanger", "verification": ""}	{"study.id": "", "cell.subset": "CD8+", "subject.cohort": "LTBI", "subject.id": "", "replica.id": "", "clone.id": "", "epitope.id": "", "tissue": "PBMC", "donor.MHC": "", "donor.MHC.method": "", "structure.id": "", "samples.found": 1, "studies.found": 1}	{"cdr3": "NAGGTSYGKLTF", "cdr3_old": "CAPYYAGGTSYGKLSF", "fixNeeded": true, "good": false, "jCanonical": true, "jFixType": "FailedReplace", "jId": "TRAJ52*01", "jStart": -1, "vCanonical": false, "vEnd": 2, "vFixType": "NoFixNeeded", "vId": "TRAV24*01"}	0
6894	TRA	CAVAPGGGADGLTF	TRAV1-2*01	TRAJ45*01	HomoSapiens	HLA-E*01:03	B2M	MHCI	VMATRRNVL	Rv1518	M.tuberculosis	PMID:38439958	{"identification": "tetramer-sort", "frequency": "", "singlecell": "", "sequencing": "sanger", "verification": ""}	{"study.id": "", "cell.subset": "CD8+", "subject.cohort": "LTBI", "subject.id": "", "replica.id": "", "clone.id": "", "epitope.id": "", "tissue": "PBMC", "donor.MHC": "", "donor.MHC.method": "", "structure.id": "", "samples.found": 1, "studies.found": 1}	{"cdr3": "CAVAPGGGADGLTF", "cdr3_old": "CAVAPGGGADGLTF", "fixNeeded": false, "good": true, "jCanonical": true, "jFixType": "NoFixNeeded", "jId": "TRAJ45*01", "jStart": 5, "vCanonical": true, "vEnd": 3, "vFixType": "NoFixNeeded", "vId": "TRAV1-2*01"}	0
6895	TRA	CAVLDSNYQLIW	TRAV1-2*01	TRAJ33*01	HomoSapiens	HLA-E*01:03	B2M	MHCI	VMATRRNVL	Rv1518	M.tuberculosis	PMID:38439958	{"identification": "tetramer-sort", "frequency": "", "singlecell": "", "sequencing": "sanger", "verification": ""}	{"study.id": "", "cell.subset": "CD8+", "subject.cohort": "LTBI", "subject.id": "", "replica.id": "", "clone.id": "", "epitope.id": "", "tissue": "PBMC", "donor.MHC": "", "donor.MHC.method": "", "structure.id": "", "samples.found": 1, "studies.found": 1}	{"cdr3": "CAVLDSNYQLIW", "cdr3_old": "CAVLDSNYQLIW", "fixNeeded": false, "good": true, "jCanonical": true, "jFixType": "NoFixNeeded", "jId": "TRAJ33*01", "jStart": 4, "vCanonical": true, "vEnd": 3, "vFixType": "NoFixNeeded", "vId": "TRAV1-2*01"}	0
6896	TRA	CALSEMGGNAGGTSYGKLTF	TRAV19*01	TRAJ52*01	HomoSapiens	HLA-E*01:03	B2M	MHCI	VMATRRNVL	Rv1518	M.tuberculosis	PMID:38439958	{"identification": "tetramer-sort", "frequency": "", "singlecell": "", "sequencing": "sanger", "verification": ""}	{"study.id": "", "cell.subset": "CD8+", "subject.cohort": "LTBI", "subject.id": "", "replica.id": "", "clone.id": "", "epitope.id": "", "tissue": "PBMC", "donor.MHC": "", "donor.MHC.method": "", "structure.id": "", "samples.found": 1, "studies.found": 1}	{"cdr3": "CALSEMGGNAGGTSYGKLTF", "cdr3_old": "CALSEMGGNAGGTSYGKLTF", "fixNeeded": false, "good": true, "jCanonical": true, "jFixType": "NoFixNeeded", "jId": "TRAJ52*01", "jStart": 8, "vCanonical": true, "vEnd": 5, "vFixType": "NoFixNeeded", "vId": "TRAV19*01"}	0
6897	TRA	CAVRGGGSNDMRF	TRAV12-2*01	TRAJ43*01	HomoSapiens	HLA-E*01:03	B2M	MHCI	VMATRRNVL	Rv1518	M.tuberculosis	PMID:38439958	{"identification": "tetramer-sort", "frequency": "", "singlecell": "", "sequencing": "sanger", "verification": ""}	{"study.id": "", "cell.subset": "CD8+", "subject.cohort": "LTBI", "subject.id": "", "replica.id": "", "clone.id": "", "epitope.id": "", "tissue": "PBMC", "donor.MHC": "", "donor.MHC.method": "", "structure.id": "", "samples.found": 1, "studies.found": 1}	{"cdr3": "CAVRGGGSNDMRF", "cdr3_old": "CAVRGGGSNDMRF", "fixNeeded": false, "good": true, "jCanonical": true, "jFixType": "NoFixNeeded", "jId": "TRAJ43*01", "jStart": 8, "vCanonical": true, "vEnd": 3, "vFixType": "NoFixNeeded", "vId": "TRAV12-2*01"}	0
6898	TRA	CAGAGGYQKVTF	TRAV5*01	TRAJ13*01	HomoSapiens	HLA-E*01:03	B2M	MHCI	VMATRRNVL	Rv1518	M.tuberculosis	PMID:38439958	{"identification": "tetramer-sort", "frequency": "", "singlecell": "", "sequencing": "sanger", "verification": ""}	{"study.id": "", "cell.subset": "CD8+", "subject.cohort": "LTBI", "subject.id": "", "replica.id": "", "clone.id": "", "epitope.id": "", "tissue": "PBMC", "donor.MHC": "", "donor.MHC.method": "", "structure.id": "", "samples.found": 1, "studies.found": 1}	{"cdr3": "CAGAGGYQKVTF", "cdr3_old": "CAGAGGYQKVTF", "fixNeeded": false, "good": true, "jCanonical": true, "jFixType": "NoFixNeeded", "jId": "TRAJ13*01", "jStart": 4, "vCanonical": true, "vEnd": 2, "vFixType": "NoFixNeeded", "vId": "TRAV5*01"}	0
6899	TRA	CATVADSNYQLIW	TRAV17*01	TRAJ33*01	HomoSapiens	HLA-E*01:03	B2M	MHCI	VMATRRNVL	Rv1518	M.tuberculosis	PMID:38439958	{"identification": "tetramer-sort", "frequency": "", "singlecell": "", "sequencing": "sanger", "verification": ""}	{"study.id": "", "cell.subset": "CD8+", "subject.cohort": "LTBI", "subject.id": "", "replica.id": "", "clone.id": "", "epitope.id": "", "tissue": "PBMC", "donor.MHC": "", "donor.MHC.method": "", "structure.id": "", "samples.found": 1, "studies.found": 1}	{"cdr3": "CATVADSNYQLIW", "cdr3_old": "CATVADSNYQLIW", "fixNeeded": false, "good": true, "jCanonical": true, "jFixType": "NoFixNeeded", "jId": "TRAJ33*01", "jStart": 5, "vCanonical": true, "vEnd": 3, "vFixType": "NoFixNeeded", "vId": "TRAV17*01"}	0
6900	TRA	CVVNGPGNTPLVF	TRAV12-1*01	TRAJ29*01	HomoSapiens	HLA-E*01:03	B2M	MHCI	VMATRRNVL	Rv1518	M.tuberculosis	PMID:38439958	{"identification": "tetramer-sort", "frequency": "", "singlecell": "", "sequencing": "sanger", "verification": ""}	{"study.id": "", "cell.subset": "CD8+", "subject.cohort": "LTBI", "subject.id": "", "replica.id": "", "clone.id": "", "epitope.id": "", "tissue": "PBMC", "donor.MHC": "", "donor.MHC.method": "", "structure.id": "", "samples.found": 1, "studies.found": 1}	{"cdr3": "CVVNGPGNTPLVF", "cdr3_old": "CVVNGPGNTPLVF", "fixNeeded": false, "good": true, "jCanonical": true, "jFixType": "NoFixNeeded", "jId": "TRAJ29*01", "jStart": 6, "vCanonical": true, "vEnd": 4, "vFixType": "NoFixNeeded", "vId": "TRAV12-1*01"}	0
6901	TRA	CAVRLFLGNQFYF	TRAV41*01	TRAJ49*01	HomoSapiens	HLA-E*01:03	B2M	MHCI	VMATRRNVL	Rv1518	M.tuberculosis	PMID:38439958	{"identification": "tetramer-sort", "frequency": "", "singlecell": "", "sequencing": "sanger", "verification": ""}	{"study.id": "", "cell.subset": "CD8+", "subject.cohort": "LTBI", "subject.id": "", "replica.id": "", "clone.id": "", "epitope.id": "", "tissue": "PBMC", "donor.MHC": "", "donor.MHC.method": "", "structure.id": "", "samples.found": 1, "studies.found": 1}	{"cdr3": "CAVRLFLGNQFYF", "cdr3_old": "CAVRLFLGNQFYF", "fixNeeded": false, "good": true, "jCanonical": true, "jFixType": "NoFixNeeded", "jId": "TRAJ49*01", "jStart": 7, "vCanonical": true, "vEnd": 4, "vFixType": "NoFixNeeded", "vId": "TRAV41*01"}	0
6902	TRA	TTSGTYKYIF	TRAV14/DV4*01	TRAJ40*01	HomoSapiens	HLA-E*01:03	B2M	MHCI	VMATRRNVL	Rv1518	M.tuberculosis	PMID:38439958	{"identification": "tetramer-sort", "frequency": "", "singlecell": "", "sequencing": "sanger", "verification": ""}	{"study.id": "", "cell.subset": "CD8+", "subject.cohort": "LTBI", "subject.id": "", "replica.id": "", "clone.id": "", "epitope.id": "", "tissue": "PBMC", "donor.MHC": "", "donor.MHC.method": "", "structure.id": "", "samples.found": 1, "studies.found": 1}	{"cdr3": "TTSGTYKYIF", "cdr3_old": "CAMREFTSGTYKLTF", "fixNeeded": true, "good": false, "jCanonical": true, "jFixType": "FailedReplace", "jId": "TRAJ40*01", "jStart": -1, "vCanonical": false, "vEnd": 5, "vFixType": "NoFixNeeded", "vId": "TRAV14/DV4*01"}	0
6903	TRA	CAMREGIYNQGGKLIF	TRAV14/DV4*01	TRAJ23*01	HomoSapiens	HLA-E*01:03	B2M	MHCI	VMATRRNVL	Rv1518	M.tuberculosis	PMID:38439958	{"identification": "tetramer-sort", "frequency": "", "singlecell": "", "sequencing": "sanger", "verification": ""}	{"study.id": "", "cell.subset": "CD8+", "subject.cohort": "LTBI", "subject.id": "", "replica.id": "", "clone.id": "", "epitope.id": "", "tissue": "PBMC", "donor.MHC": "", "donor.MHC.method": "", "structure.id": "", "samples.found": 1, "studies.found": 1}	{"cdr3": "CAMREGIYNQGGKLIF", "cdr3_old": "CAMREGIYNQGGKLIF", "fixNeeded": false, "good": true, "jCanonical": true, "jFixType": "NoFixNeeded", "jId": "TRAJ23*01", "jStart": 6, "vCanonical": true, "vEnd": 5, "vFixType": "NoFixNeeded", "vId": "TRAV14/DV4*01"}	0
6904	TRA	TTDSWGKFEF	TRAV13-1*01	TRAJ24*01	HomoSapiens	HLA-E*01:03	B2M	MHCI	VMATRRNVL	Rv1518	M.tuberculosis	PMID:38439958	{"identification": "tetramer-sort", "frequency": "", "singlecell": "", "sequencing": "sanger", "verification": ""}	{"study.id": "", "cell.subset": "CD8+", "subject.cohort": "LTBI", "subject.id": "", "replica.id": "", "clone.id": "", "epitope.id": "", "tissue": "PBMC", "donor.MHC": "", "donor.MHC.method": "", "structure.id": "", "samples.found": 1, "studies.found": 1}	{"cdr3": "TTDSWGKFEF", "cdr3_old": "CAASSQTDSWGKLQF", "fixNeeded": true, "good": false, "jCanonical": true, "jFixType": "FailedReplace", "jId": "TRAJ24*01", "jStart": -1, "vCanonical": false, "vEnd": 4, "vFixType": "NoFixNeeded", "vId": "TRAV13-1*01"}	0
6905	TRA	CGTGPSGTCKYIF	TRAV17*01	TRAJ40*01	HomoSapiens	HLA-E*01:03	B2M	MHCI	VMATRRNVL	Rv1518	M.tuberculosis	PMID:38439958	{"identification": "tetramer-sort", "frequency": "", "singlecell": "", "sequencing": "sanger", "verification": ""}	{"study.id": "", "cell.subset": "CD8+", "subject.cohort": "LTBI", "subject.id": "", "replica.id": "", "clone.id": "", "epitope.id": "", "tissue": "PBMC", "donor.MHC": "", "donor.MHC.method": "", "structure.id": "", "samples.found": 1, "studies.found": 1}	{"cdr3": "CGTGPSGTCKYIF", "cdr3_old": "CGTGPSGTCKYIF", "fixNeeded": false, "good": false, "jCanonical": true, "jFixType": "NoFixNeeded", "jId": "TRAJ40*01", "jStart": 9, "vCanonical": true, "vEnd": -1, "vFixType": "FailedNoAlignment", "vId": "TRAV17*01"}	0
6906	TRA	CALTANNAGNMLTF	TRAV19*01	TRAJ39*01	HomoSapiens	HLA-E*01:03	B2M	MHCI	VMATRRNVL	Rv1518	M.tuberculosis	PMID:38439958	{"identification": "tetramer-sort", "frequency": "", "singlecell": "", "sequencing": "sanger", "verification": ""}	{"study.id": "", "cell.subset": "CD8+", "subject.cohort": "LTBI", "subject.id": "", "replica.id": "", "clone.id": "", "epitope.id": "", "tissue": "PBMC", "donor.MHC": "", "donor.MHC.method": "", "structure.id": "", "samples.found": 1, "studies.found": 1}	{"cdr3": "CALTANNAGNMLTF", "cdr3_old": "CALTANNAGNMLTF", "fixNeeded": false, "good": true, "jCanonical": true, "jFixType": "NoFixNeeded", "jId": "TRAJ39*01", "jStart": 5, "vCanonical": true, "vEnd": 3, "vFixType": "NoFixNeeded", "vId": "TRAV19*01"}	0
6907	TRA	CVVNSNYQLIW	TRAV12-1*01	TRAJ33*01	HomoSapiens	HLA-E*01:03	B2M	MHCI	VMATRRNVL	Rv1518	M.tuberculosis	PMID:38439958	{"identification": "tetramer-sort", "frequency": "", "singlecell": "", "sequencing": "sanger", "verification": ""}	{"study.id": "", "cell.subset": "CD8+", "subject.cohort": "LTBI", "subject.id": "", "replica.id": "", "clone.id": "", "epitope.id": "", "tissue": "PBMC", "donor.MHC": "", "donor.MHC.method": "", "structure.id": "", "samples.found": 1, "studies.found": 1}	{"cdr3": "CVVNSNYQLIW", "cdr3_old": "CVVNSNYQLIW", "fixNeeded": false, "good": true, "jCanonical": true, "jFixType": "NoFixNeeded", "jId": "TRAJ33*01", "jStart": 4, "vCanonical": true, "vEnd": 4, "vFixType": "NoFixNeeded", "vId": "TRAV12-1*01"}	0
6908	TRA	CALSESYNTDKLIF	TRAV19*01	TRAJ34*01	HomoSapiens	HLA-E*01:03	B2M	MHCI	VMATRRNVL	Rv1518	M.tuberculosis	PMID:38439958	{"identification": "tetramer-sort", "frequency": "", "singlecell": "", "sequencing": "sanger", "verification": ""}	{"study.id": "", "cell.subset": "CD8+", "subject.cohort": "LTBI", "subject.id": "", "replica.id": "", "clone.id": "", "epitope.id": "", "tissue": "PBMC", "donor.MHC": "", "donor.MHC.method": "", "structure.id": "", "samples.found": 1, "studies.found": 1}	{"cdr3": "CALSESYNTDKLIF", "cdr3_old": "CALSESYNTDKLIF", "fixNeeded": false, "good": true, "jCanonical": true, "jFixType": "NoFixNeeded", "jId": "TRAJ34*01", "jStart": 5, "vCanonical": true, "vEnd": 5, "vFixType": "NoFixNeeded", "vId": "TRAV19*01"}	0
6909	TRA	CVVNQGGKLIF	TRAV12-1*01	TRAJ23*01	HomoSapiens	HLA-E*01:03	B2M	MHCI	VMATRRNVL	Rv1518	M.tuberculosis	PMID:38439958	{"identification": "tetramer-sort", "frequency": "", "singlecell": "", "sequencing": "sanger", "verification": ""}	{"study.id": "", "cell.subset": "CD8+", "subject.cohort": "LTBI", "subject.id": "", "replica.id": "", "clone.id": "", "epitope.id": "", "tissue": "PBMC", "donor.MHC": "", "donor.MHC.method": "", "structure.id": "", "samples.found": 1, "studies.found": 1}	{"cdr3": "CVVNQGGKLIF", "cdr3_old": "CVVNQGGKLIF", "fixNeeded": false, "good": true, "jCanonical": true, "jFixType": "NoFixNeeded", "jId": "TRAJ23*01", "jStart": 3, "vCanonical": true, "vEnd": 4, "vFixType": "NoFixNeeded", "vId": "TRAV12-1*01"}	0
6910	TRA	CAMREGLRNQGGKLIF	TRAV14/DV4*01	TRAJ23*01	HomoSapiens	HLA-E*01:03	B2M	MHCI	VMATRRNVL	Rv1518	M.tuberculosis	PMID:38439958	{"identification": "tetramer-sort", "frequency": "", "singlecell": "", "sequencing": "sanger", "verification": ""}	{"study.id": "", "cell.subset": "CD8+", "subject.cohort": "LTBI", "subject.id": "", "replica.id": "", "clone.id": "", "epitope.id": "", "tissue": "PBMC", "donor.MHC": "", "donor.MHC.method": "", "structure.id": "", "samples.found": 1, "studies.found": 1}	{"cdr3": "CAMREGLRNQGGKLIF", "cdr3_old": "CAMREGLRNQGGKLIF", "fixNeeded": false, "good": true, "jCanonical": true, "jFixType": "NoFixNeeded", "jId": "TRAJ23*01", "jStart": 8, "vCanonical": true, "vEnd": 5, "vFixType": "NoFixNeeded", "vId": "TRAV14/DV4*01"}	0
6911	TRA	CAMRSSGGNMLTF	TRAV14/DV4*01	TRAJ39*01	HomoSapiens	HLA-E*01:03	B2M	MHCI	VMATRRNVL	Rv1518	M.tuberculosis	PMID:38439958	{"identification": "tetramer-sort", "frequency": "", "singlecell": "", "sequencing": "sanger", "verification": ""}	{"study.id": "", "cell.subset": "CD8+", "subject.cohort": "LTBI", "subject.id": "", "replica.id": "", "clone.id": "", "epitope.id": "", "tissue": "PBMC", "donor.MHC": "", "donor.MHC.method": "", "structure.id": "", "samples.found": 1, "studies.found": 1}	{"cdr3": "CAMRSSGGNMLTF", "cdr3_old": "CAMRSSGGNMLTF", "fixNeeded": false, "good": true, "jCanonical": true, "jFixType": "NoFixNeeded", "jId": "TRAJ39*01", "jStart": 7, "vCanonical": true, "vEnd": 4, "vFixType": "NoFixNeeded", "vId": "TRAV14/DV4*01"}	0
6912	TRA	CALRSPSYSGAGSYQLTF	TRAV9-2*01	TRAJ28*01	HomoSapiens	HLA-E*01:03	B2M	MHCI	VMATRRNVL	Rv1518	M.tuberculosis	PMID:38439958	{"identification": "tetramer-sort", "frequency": "", "singlecell": "", "sequencing": "sanger", "verification": ""}	{"study.id": "", "cell.subset": "CD8+", "subject.cohort": "LTBI", "subject.id": "", "replica.id": "", "clone.id": "", "epitope.id": "", "tissue": "PBMC", "donor.MHC": "", "donor.MHC.method": "", "structure.id": "", "samples.found": 1, "studies.found": 1}	{"cdr3": "CALRSPSYSGAGSYQLTF", "cdr3_old": "CALRSPSYSGAGSYQLTF", "fixNeeded": false, "good": true, "jCanonical": true, "jFixType": "NoFixNeeded", "jId": "TRAJ28*01", "jStart": 7, "vCanonical": true, "vEnd": 3, "vFixType": "NoFixNeeded", "vId": "TRAV9-2*01"}	0
6913	TRA	CAERAGTALIF	TRAV5*01	TRAJ15*01	HomoSapiens	HLA-E*01:03	B2M	MHCI	VMATRRNVL	Rv1518	M.tuberculosis	PMID:38439958	{"identification": "tetramer-sort", "frequency": "", "singlecell": "", "sequencing": "sanger", "verification": ""}	{"study.id": "", "cell.subset": "CD8+", "subject.cohort": "LTBI", "subject.id": "", "replica.id": "", "clone.id": "", "epitope.id": "", "tissue": "PBMC", "donor.MHC": "", "donor.MHC.method": "", "structure.id": "", "samples.found": 1, "studies.found": 1}	{"cdr3": "CAERAGTALIF", "cdr3_old": "CAERAGTALIF", "fixNeeded": false, "good": true, "jCanonical": true, "jFixType": "NoFixNeeded", "jId": "TRAJ15*01", "jStart": 4, "vCanonical": true, "vEnd": 3, "vFixType": "NoFixNeeded", "vId": "TRAV5*01"}	0
6914	TRA	CALSMIYNQGGKLIF	TRAV19*01	TRAJ23*01	HomoSapiens	HLA-E*01:03	B2M	MHCI	VMATRRNVL	Rv1518	M.tuberculosis	PMID:38439958	{"identification": "tetramer-sort", "frequency": "", "singlecell": "", "sequencing": "sanger", "verification": ""}	{"study.id": "", "cell.subset": "CD8+", "subject.cohort": "LTBI", "subject.id": "", "replica.id": "", "clone.id": "", "epitope.id": "", "tissue": "PBMC", "donor.MHC": "", "donor.MHC.method": "", "structure.id": "", "samples.found": 1, "studies.found": 1}	{"cdr3": "CALSMIYNQGGKLIF", "cdr3_old": "CALSMIYNQGGKLIF", "fixNeeded": false, "good": true, "jCanonical": true, "jFixType": "NoFixNeeded", "jId": "TRAJ23*01", "jStart": 5, "vCanonical": true, "vEnd": 4, "vFixType": "NoFixNeeded", "vId": "TRAV19*01"}	0
6915	TRA	CALDSGAGSYQLTF	TRAV25*01	TRAJ28*01	HomoSapiens	HLA-E*01:03	B2M	MHCI	VMATRRNVL	Rv1518	M.tuberculosis	PMID:38439958	{"identification": "tetramer-sort", "frequency": "", "singlecell": "", "sequencing": "sanger", "verification": ""}	{"study.id": "", "cell.subset": "CD8+", "subject.cohort": "LTBI", "subject.id": "", "replica.id": "", "clone.id": "", "epitope.id": "", "tissue": "PBMC", "donor.MHC": "", "donor.MHC.method": "", "structure.id": "", "samples.found": 1, "studies.found": 1}	{"cdr3": "CALDSGAGSYQLTF", "cdr3_old": "CALDSGAGSYQLTF", "fixNeeded": false, "good": true, "jCanonical": true, "jFixType": "NoFixNeeded", "jId": "TRAJ28*01", "jStart": 4, "vCanonical": true, "vEnd": 2, "vFixType": "NoFixNeeded", "vId": "TRAV25*01"}	0
6916	TRA	CAVSESVDTGRRALTF	TRAV8-4*01	TRAJ5*01	HomoSapiens	HLA-E*01:03	B2M	MHCI	VMATRRNVL	Rv1518	M.tuberculosis	PMID:38439958	{"identification": "tetramer-sort", "frequency": "", "singlecell": "", "sequencing": "sanger", "verification": ""}	{"study.id": "", "cell.subset": "CD8+", "subject.cohort": "LTBI", "subject.id": "", "replica.id": "", "clone.id": "", "epitope.id": "", "tissue": "PBMC", "donor.MHC": "", "donor.MHC.method": "", "structure.id": "", "samples.found": 1, "studies.found": 1}	{"cdr3": "CAVSESVDTGRRALTF", "cdr3_old": "CAVSESVDTGRRALTF", "fixNeeded": false, "good": true, "jCanonical": true, "jFixType": "NoFixNeeded", "jId": "TRAJ5*01", "jStart": 7, "vCanonical": true, "vEnd": 4, "vFixType": "NoFixNeeded", "vId": "TRAV8-4*01"}	0
6917	TRA	CAGQDGGGSNYKLTF	TRAV27*01	TRAJ53*01	HomoSapiens	HLA-E*01:03	B2M	MHCI	VMATRRNVL	Rv1518	M.tuberculosis	PMID:38439958	{"identification": "tetramer-sort", "frequency": "", "singlecell": "", "sequencing": "sanger", "verification": ""}	{"study.id": "", "cell.subset": "CD8+", "subject.cohort": "LTBI", "subject.id": "", "replica.id": "", "clone.id": "", "epitope.id": "", "tissue": "PBMC", "donor.MHC": "", "donor.MHC.method": "", "structure.id": "", "samples.found": 1, "studies.found": 1}	{"cdr3": "CAGQDGGGSNYKLTF", "cdr3_old": "CAGQDGGGSNYKLTF", "fixNeeded": false, "good": true, "jCanonical": true, "jFixType": "NoFixNeeded", "jId": "TRAJ53*01", "jStart": 6, "vCanonical": true, "vEnd": 3, "vFixType": "NoFixNeeded", "vId": "TRAV27*01"}	0
6918	TRA	CAVEASDGQKLLF	TRAV22*01	TRAJ16	HomoSapiens	HLA-E*01:03	B2M	MHCI	VMATRRNVL	Rv1518	M.tuberculosis	PMID:38439958	{"identification": "tetramer-sort", "frequency": "", "singlecell": "", "sequencing": "sanger", "verification": ""}	{"study.id": "", "cell.subset": "CD8+", "subject.cohort": "LTBI", "subject.id": "", "replica.id": "", "clone.id": "", "epitope.id": "", "tissue": "PBMC", "donor.MHC": "", "donor.MHC.method": "", "structure.id": "", "samples.found": 1, "studies.found": 1}	{"cdr3": "CAVEASDGQKLLF", "cdr3_old": "CAVEASDGQKLLF", "fixNeeded": false, "good": false, "jCanonical": true, "jFixType": "FailedBadSegment", "jId": "TRAJ16", "jStart": -1, "vCanonical": true, "vEnd": 4, "vFixType": "NoFixNeeded", "vId": "TRAV22*01"}	0
6919	TRA	CIVSHGGSQGNLIF	TRAV26-1*01	TRAJ42*01	HomoSapiens	HLA-E*01:03	B2M	MHCI	VMATRRNVL	Rv1518	M.tuberculosis	PMID:38439958	{"identification": "tetramer-sort", "frequency": "", "singlecell": "", "sequencing": "sanger", "verification": ""}	{"study.id": "", "cell.subset": "CD8+", "subject.cohort": "LTBI", "subject.id": "", "replica.id": "", "clone.id": "", "epitope.id": "", "tissue": "PBMC", "donor.MHC": "", "donor.MHC.method": "", "structure.id": "", "samples.found": 1, "studies.found": 1}	{"cdr3": "CIVSHGGSQGNLIF", "cdr3_old": "CIVSHGGSQGNLIF", "fixNeeded": false, "good": true, "jCanonical": true, "jFixType": "NoFixNeeded", "jId": "TRAJ42*01", "jStart": 5, "vCanonical": true, "vEnd": 3, "vFixType": "NoFixNeeded", "vId": "TRAV26-1*01"}	0
6920	TRA	CAVRHPDGQKLLF	TRAV1-2*01	TRAJ16	HomoSapiens	HLA-E*01:03	B2M	MHCI	VMATRRNVL	Rv1518	M.tuberculosis	PMID:38439958	{"identification": "tetramer-sort", "frequency": "", "singlecell": "", "sequencing": "sanger", "verification": ""}	{"study.id": "", "cell.subset": "CD8+", "subject.cohort": "LTBI", "subject.id": "", "replica.id": "", "clone.id": "", "epitope.id": "", "tissue": "PBMC", "donor.MHC": "", "donor.MHC.method": "", "structure.id": "", "samples.found": 1, "studies.found": 1}	{"cdr3": "CAVRHPDGQKLLF", "cdr3_old": "CAVRHPDGQKLLF", "fixNeeded": false, "good": false, "jCanonical": true, "jFixType": "FailedBadSegment", "jId": "TRAJ16", "jStart": -1, "vCanonical": true, "vEnd": 4, "vFixType": "NoFixNeeded", "vId": "TRAV1-2*01"}	0
6921	TRA	CAVRNRDVKIIF	TRAV1-2*01	TRAJ30*01	HomoSapiens	HLA-E*01:03	B2M	MHCI	VMATRRNVL	Rv1518	M.tuberculosis	PMID:38439958	{"identification": "tetramer-sort", "frequency": "", "singlecell": "", "sequencing": "sanger", "verification": ""}	{"study.id": "", "cell.subset": "CD8+", "subject.cohort": "LTBI", "subject.id": "", "replica.id": "", "clone.id": "", "epitope.id": "", "tissue": "PBMC", "donor.MHC": "", "donor.MHC.method": "", "structure.id": "", "samples.found": 1, "studies.found": 1}	{"cdr3": "CAVRNRDVKIIF", "cdr3_old": "WAVRNRDVKIIL", "fixNeeded": true, "good": true, "jCanonical": true, "jFixType": "FixReplace", "jId": "TRAJ30*01", "jStart": 9, "vCanonical": true, "vEnd": 3, "vFixType": "FixReplace", "vId": "TRAV1-2*01"}	0
6922	TRA	CILSYDTGNQFYF	TRAV26-2*01	TRAJ49*01	HomoSapiens	HLA-E*01:03	B2M	MHCI	VMATRRNVL	Rv1518	M.tuberculosis	PMID:38439958	{"identification": "tetramer-sort", "frequency": "", "singlecell": "", "sequencing": "sanger", "verification": ""}	{"study.id": "", "cell.subset": "CD8+", "subject.cohort": "LTBI", "subject.id": "", "replica.id": "", "clone.id": "", "epitope.id": "", "tissue": "PBMC", "donor.MHC": "", "donor.MHC.method": "", "structure.id": "", "samples.found": 1, "studies.found": 1}	{"cdr3": "CILSYDTGNQFYF", "cdr3_old": "CILSYDTGNQFYF", "fixNeeded": false, "good": true, "jCanonical": true, "jFixType": "NoFixNeeded", "jId": "TRAJ49*01", "jStart": 6, "vCanonical": true, "vEnd": 3, "vFixType": "NoFixNeeded", "vId": "TRAV26-2*01"}	0
6923	TRA	CAMSSFVNRDGKIIF	TRAV14/DV4*01	TRAJ30*01	HomoSapiens	HLA-E*01:03	B2M	MHCI	VMATRRNVL	Rv1518	M.tuberculosis	PMID:38439958	{"identification": "tetramer-sort", "frequency": "", "singlecell": "", "sequencing": "sanger", "verification": ""}	{"study.id": "", "cell.subset": "CD8+", "subject.cohort": "LTBI", "subject.id": "", "replica.id": "", "clone.id": "", "epitope.id": "", "tissue": "PBMC", "donor.MHC": "", "donor.MHC.method": "", "structure.id": "", "samples.found": 1, "studies.found": 1}	{"cdr3": "CAMSSFVNRDGKIIF", "cdr3_old": "CAMSSFVNRDGKIIF", "fixNeeded": false, "good": true, "jCanonical": true, "jFixType": "NoFixNeeded", "jId": "TRAJ30*01", "jStart": 11, "vCanonical": true, "vEnd": 3, "vFixType": "NoFixNeeded", "vId": "TRAV14/DV4*01"}	0
6924	TRA	CAMRGTGNQFYF	TRAV14/DV4*01	TRAJ49*01	HomoSapiens	HLA-E*01:03	B2M	MHCI	VMATRRNVL	Rv1518	M.tuberculosis	PMID:38439958	{"identification": "tetramer-sort", "frequency": "", "singlecell": "", "sequencing": "sanger", "verification": ""}	{"study.id": "", "cell.subset": "CD8+", "subject.cohort": "LTBI", "subject.id": "", "replica.id": "", "clone.id": "", "epitope.id": "", "tissue": "PBMC", "donor.MHC": "", "donor.MHC.method": "", "structure.id": "", "samples.found": 1, "studies.found": 1}	{"cdr3": "CAMRGTGNQFYF", "cdr3_old": "CAMRGTGNQFYF", "fixNeeded": false, "good": true, "jCanonical": true, "jFixType": "NoFixNeeded", "jId": "TRAJ49*01", "jStart": 5, "vCanonical": true, "vEnd": 4, "vFixType": "NoFixNeeded", "vId": "TRAV14/DV4*01"}	0
6925	TRA	CAMREGLGGGADGLTF	TRAV14/DV4*01	TRAJ45*01	HomoSapiens	HLA-E*01:03	B2M	MHCI	VMATRRNVL	Rv1518	M.tuberculosis	PMID:38439958	{"identification": "tetramer-sort", "frequency": "", "singlecell": "", "sequencing": "sanger", "verification": ""}	{"study.id": "", "cell.subset": "CD8+", "subject.cohort": "LTBI", "subject.id": "", "replica.id": "", "clone.id": "", "epitope.id": "", "tissue": "PBMC", "donor.MHC": "", "donor.MHC.method": "", "structure.id": "", "samples.found": 1, "studies.found": 1}	{"cdr3": "CAMREGLGGGADGLTF", "cdr3_old": "CAMREGLGGGADGLTF", "fixNeeded": false, "good": true, "jCanonical": true, "jFixType": "NoFixNeeded", "jId": "TRAJ45*01", "jStart": 7, "vCanonical": true, "vEnd": 5, "vFixType": "NoFixNeeded", "vId": "TRAV14/DV4*01"}	0
6926	TRA	CAVVPSGTYKYIF	TRAV21*01	TRAJ40*01	HomoSapiens	HLA-E*01:03	B2M	MHCI	VMATRRNVL	Rv1518	M.tuberculosis	PMID:38439958	{"identification": "tetramer-sort", "frequency": "", "singlecell": "", "sequencing": "sanger", "verification": ""}	{"study.id": "", "cell.subset": "CD8+", "subject.cohort": "LTBI", "subject.id": "", "replica.id": "", "clone.id": "", "epitope.id": "", "tissue": "PBMC", "donor.MHC": "", "donor.MHC.method": "", "structure.id": "", "samples.found": 1, "studies.found": 1}	{"cdr3": "CAVVPSGTYKYIF", "cdr3_old": "CAVVPSGTYKYIF", "fixNeeded": false, "good": true, "jCanonical": true, "jFixType": "NoFixNeeded", "jId": "TRAJ40*01", "jStart": 5, "vCanonical": true, "vEnd": 3, "vFixType": "NoFixNeeded", "vId": "TRAV21*01"}	0
6927	TRA	CAVGGISGGSNYKLTF	TRAV21*01	TRAJ53*01	HomoSapiens	HLA-E*01:03	B2M	MHCI	VMATRRNVL	Rv1518	M.tuberculosis	PMID:38439958	{"identification": "tetramer-sort", "frequency": "", "singlecell": "", "sequencing": "sanger", "verification": ""}	{"study.id": "", "cell.subset": "CD8+", "subject.cohort": "LTBI", "subject.id": "", "replica.id": "", "clone.id": "", "epitope.id": "", "tissue": "PBMC", "donor.MHC": "", "donor.MHC.method": "", "structure.id": "", "samples.found": 1, "studies.found": 1}	{"cdr3": "CAVGGISGGSNYKLTF", "cdr3_old": "CAVGGISGGSNYKLTF", "fixNeeded": false, "good": true, "jCanonical": true, "jFixType": "NoFixNeeded", "jId": "TRAJ53*01", "jStart": 6, "vCanonical": true, "vEnd": 3, "vFixType": "NoFixNeeded", "vId": "TRAV21*01"}	0
6928	TRA	CALNMFSGGYNKLIF	TRAV3*01	TRAJ4*01	HomoSapiens	HLA-E*01:03	B2M	MHCI	VMATRRNVL	Rv1518	M.tuberculosis	PMID:38439958	{"identification": "tetramer-sort", "frequency": "", "singlecell": "", "sequencing": "sanger", "verification": ""}	{"study.id": "", "cell.subset": "CD8+", "subject.cohort": "LTBI", "subject.id": "", "replica.id": "", "clone.id": "", "epitope.id": "", "tissue": "PBMC", "donor.MHC": "", "donor.MHC.method": "", "structure.id": "", "samples.found": 1, "studies.found": 1}	{"cdr3": "CALNMFSGGYNKLIF", "cdr3_old": "CALNMFSGGYNKLIF", "fixNeeded": false, "good": true, "jCanonical": true, "jFixType": "NoFixNeeded", "jId": "TRAJ4*01", "jStart": 5, "vCanonical": true, "vEnd": 2, "vFixType": "NoFixNeeded", "vId": "TRAV3*01"}	0
6929	TRA	TTDSWGKFEF	TRAV27*01	TRAJ24*01	HomoSapiens	HLA-E*01:03	B2M	MHCI	VMATRRNVL	Rv1518	M.tuberculosis	PMID:38439958	{"identification": "tetramer-sort", "frequency": "", "singlecell": "", "sequencing": "sanger", "verification": ""}	{"study.id": "", "cell.subset": "CD8+", "subject.cohort": "LTBI", "subject.id": "", "replica.id": "", "clone.id": "", "epitope.id": "", "tissue": "PBMC", "donor.MHC": "", "donor.MHC.method": "", "structure.id": "", "samples.found": 1, "studies.found": 1}	{"cdr3": "TTDSWGKFEF", "cdr3_old": "CAGAPTHSWGKLQF", "fixNeeded": true, "good": false, "jCanonical": true, "jFixType": "FailedReplace", "jId": "TRAJ24*01", "jStart": -1, "vCanonical": false, "vEnd": 3, "vFixType": "NoFixNeeded", "vId": "TRAV27*01"}	0
6930	TRA	CILRDNARLMF	TRAV26-2*01	TRAJ31*01	HomoSapiens	HLA-E*01:03	B2M	MHCI	VMATRRNVL	Rv1518	M.tuberculosis	PMID:38439958	{"identification": "tetramer-sort", "frequency": "", "singlecell": "", "sequencing": "sanger", "verification": ""}	{"study.id": "", "cell.subset": "CD8+", "subject.cohort": "LTBI", "subject.id": "", "replica.id": "", "clone.id": "", "epitope.id": "", "tissue": "PBMC", "donor.MHC": "", "donor.MHC.method": "", "structure.id": "", "samples.found": 1, "studies.found": 1}	{"cdr3": "CILRDNARLMF", "cdr3_old": "CILRDNARLMF", "fixNeeded": false, "good": true, "jCanonical": true, "jFixType": "NoFixNeeded", "jId": "TRAJ31*01", "jStart": 5, "vCanonical": true, "vEnd": 5, "vFixType": "NoFixNeeded", "vId": "TRAV26-2*01"}	0
6931	TRA	CAAS	TRAV29/DV5*01	TRAJ40*01	HomoSapiens	HLA-E*01:03	B2M	MHCI	VMATRRNVL	Rv1518	M.tuberculosis	PMID:38439958	{"identification": "tetramer-sort", "frequency": "", "singlecell": "", "sequencing": "sanger", "verification": ""}	{"study.id": "", "cell.subset": "CD8+", "subject.cohort": "LTBI", "subject.id": "", "replica.id": "", "clone.id": "", "epitope.id": "", "tissue": "PBMC", "donor.MHC": "", "donor.MHC.method": "", "structure.id": "", "samples.found": 1, "studies.found": 1}	{"cdr3": "CAAS", "cdr3_old": "CPASTSGTYKFIF", "fixNeeded": true, "good": false, "jCanonical": false, "jFixType": "FailedNoAlignment", "jId": "TRAJ40*01", "jStart": -1, "vCanonical": true, "vEnd": -1, "vFixType": "FailedReplace", "vId": "TRAV29/DV5*01"}	0
6932	TRA	CALSTGNAGGTSYGKLTF	TRAV9-2*01	TRAJ52*01	HomoSapiens	HLA-E*01:03	B2M	MHCI	VMATRRNVL	Rv1518	M.tuberculosis	PMID:38439958	{"identification": "tetramer-sort", "frequency": "", "singlecell": "", "sequencing": "sanger", "verification": ""}	{"study.id": "", "cell.subset": "CD8+", "subject.cohort": "LTBI", "subject.id": "", "replica.id": "", "clone.id": "", "epitope.id": "", "tissue": "PBMC", "donor.MHC": "", "donor.MHC.method": "", "structure.id": "", "samples.found": 1, "studies.found": 1}	{"cdr3": "CALSTGNAGGTSYGKLTF", "cdr3_old": "CALSTGNAGGTSYGKLTF", "fixNeeded": false, "good": true, "jCanonical": true, "jFixType": "NoFixNeeded", "jId": "TRAJ52*01", "jStart": 6, "vCanonical": true, "vEnd": 4, "vFixType": "NoFixNeeded", "vId": "TRAV9-2*01"}	0
6933	TRA	CATASYNTDKLIF	TRAV17*01	TRAJ34*01	HomoSapiens	HLA-E*01:03	B2M	MHCI	VMATRRNVL	Rv1518	M.tuberculosis	PMID:38439958	{"identification": "tetramer-sort", "frequency": "", "singlecell": "", "sequencing": "sanger", "verification": ""}	{"study.id": "", "cell.subset": "CD8+", "subject.cohort": "LTBI", "subject.id": "", "replica.id": "", "clone.id": "", "epitope.id": "", "tissue": "PBMC", "donor.MHC": "", "donor.MHC.method": "", "structure.id": "", "samples.found": 1, "studies.found": 1}	{"cdr3": "CATASYNTDKLIF", "cdr3_old": "CATASYNTDKLIF", "fixNeeded": false, "good": true, "jCanonical": true, "jFixType": "NoFixNeeded", "jId": "TRAJ34*01", "jStart": 4, "vCanonical": true, "vEnd": 3, "vFixType": "NoFixNeeded", "vId": "TRAV17*01"}	0
6934	TRA	CATPFSYSSASKIIF	TRAV17*01	TRAJ3*01	HomoSapiens	HLA-E*01:03	B2M	MHCI	VMATRRNVL	Rv1518	M.tuberculosis	PMID:38439958	{"identification": "tetramer-sort", "frequency": "", "singlecell": "", "sequencing": "sanger", "verification": ""}	{"study.id": "", "cell.subset": "CD8+", "subject.cohort": "LTBI", "subject.id": "", "replica.id": "", "clone.id": "", "epitope.id": "", "tissue": "PBMC", "donor.MHC": "", "donor.MHC.method": "", "structure.id": "", "samples.found": 1, "studies.found": 1}	{"cdr3": "CATPFSYSSASKIIF", "cdr3_old": "CATPFSYSSASKIIF", "fixNeeded": false, "good": true, "jCanonical": true, "jFixType": "NoFixNeeded", "jId": "TRAJ3*01", "jStart": 6, "vCanonical": true, "vEnd": 3, "vFixType": "NoFixNeeded", "vId": "TRAV17*01"}	0
6935	TRA	TTDSWGKFEF	TRAV27*01	TRAJ24*01	HomoSapiens	HLA-E*01:03	B2M	MHCI	VMATRRNVL	Rv1518	M.tuberculosis	PMID:38439958	{"identification": "tetramer-sort", "frequency": "", "singlecell": "", "sequencing": "sanger", "verification": ""}	{"study.id": "", "cell.subset": "CD8+", "subject.cohort": "LTBI", "subject.id": "", "replica.id": "", "clone.id": "", "epitope.id": "", "tissue": "PBMC", "donor.MHC": "", "donor.MHC.method": "", "structure.id": "", "samples.found": 1, "studies.found": 1}	{"cdr3": "TTDSWGKFEF", "cdr3_old": "CAGAPTHSWGKLQF", "fixNeeded": true, "good": false, "jCanonical": true, "jFixType": "FailedReplace", "jId": "TRAJ24*01", "jStart": -1, "vCanonical": false, "vEnd": 3, "vFixType": "NoFixNeeded", "vId": "TRAV27*01"}	0
6936	TRA	CATGNYGNNRLAF	TRAV17*01	TRAJ7*01	HomoSapiens	HLA-E*01:03	B2M	MHCI	VMATRRNVL	Rv1518	M.tuberculosis	PMID:38439958	{"identification": "tetramer-sort", "frequency": "", "singlecell": "", "sequencing": "sanger", "verification": ""}	{"study.id": "", "cell.subset": "CD8+", "subject.cohort": "LTBI", "subject.id": "", "replica.id": "", "clone.id": "", "epitope.id": "", "tissue": "PBMC", "donor.MHC": "", "donor.MHC.method": "", "structure.id": "", "samples.found": 1, "studies.found": 1}	{"cdr3": "CATGNYGNNRLAF", "cdr3_old": "CATGNYGNNRLAF", "fixNeeded": false, "good": true, "jCanonical": true, "jFixType": "NoFixNeeded", "jId": "TRAJ7*01", "jStart": 5, "vCanonical": true, "vEnd": 3, "vFixType": "NoFixNeeded", "vId": "TRAV17*01"}	0
6938	TRA	CAYTSGTYKYIF	TRAV38-1*01	TRAJ40*01	HomoSapiens	HLA-E*01:03	B2M	MHCI	VMATRRNVL	Rv1518	M.tuberculosis	PMID:38439958	{"identification": "tetramer-sort", "frequency": "", "singlecell": "", "sequencing": "sanger", "verification": ""}	{"study.id": "", "cell.subset": "CD8+", "subject.cohort": "LTBI", "subject.id": "", "replica.id": "", "clone.id": "", "epitope.id": "", "tissue": "PBMC", "donor.MHC": "", "donor.MHC.method": "", "structure.id": "", "samples.found": 1, "studies.found": 1}	{"cdr3": "CAYTSGTYKYIF", "cdr3_old": "CAYTSGTYKYIF", "fixNeeded": false, "good": true, "jCanonical": true, "jFixType": "NoFixNeeded", "jId": "TRAJ40*01", "jStart": 3, "vCanonical": true, "vEnd": 2, "vFixType": "NoFixNeeded", "vId": "TRAV38-1*01"}	0
6939	TRA	CAVRDLEGNTPLVF	TRAV1-1*01	TRAJ29*01	HomoSapiens	HLA-E*01:03	B2M	MHCI	VMATRRNVL	Rv1518	M.tuberculosis	PMID:38439958	{"identification": "tetramer-sort", "frequency": "", "singlecell": "", "sequencing": "sanger", "verification": ""}	{"study.id": "", "cell.subset": "CD8+", "subject.cohort": "LTBI", "subject.id": "", "replica.id": "", "clone.id": "", "epitope.id": "", "tissue": "PBMC", "donor.MHC": "", "donor.MHC.method": "", "structure.id": "", "samples.found": 1, "studies.found": 1}	{"cdr3": "CAVRDLEGNTPLVF", "cdr3_old": "CAVRDLEGNTPLVF", "fixNeeded": false, "good": true, "jCanonical": true, "jFixType": "NoFixNeeded", "jId": "TRAJ29*01", "jStart": 7, "vCanonical": true, "vEnd": 4, "vFixType": "NoFixNeeded", "vId": "TRAV1-1*01"}	0
6940	TRA	CAVRRDKLIF	TRAV12-2*01	TRAJ4*01	HomoSapiens	HLA-E*01:03	B2M	MHCI	VMATRRNVL	Rv1518	M.tuberculosis	PMID:38439958	{"identification": "tetramer-sort", "frequency": "", "singlecell": "", "sequencing": "sanger", "verification": ""}	{"study.id": "", "cell.subset": "CD8+", "subject.cohort": "LTBI", "subject.id": "", "replica.id": "", "clone.id": "", "epitope.id": "", "tissue": "PBMC", "donor.MHC": "", "donor.MHC.method": "", "structure.id": "", "samples.found": 1, "studies.found": 1}	{"cdr3": "CAVRRDKLIF", "cdr3_old": "CAVRRDKLIF", "fixNeeded": false, "good": true, "jCanonical": true, "jFixType": "NoFixNeeded", "jId": "TRAJ4*01", "jStart": 6, "vCanonical": true, "vEnd": 3, "vFixType": "NoFixNeeded", "vId": "TRAV12-2*01"}	0
6941	TRA	CAHHCGGSQKVTF	TRAV20*01	TRAJ13*01	HomoSapiens	HLA-E*01:03	B2M	MHCI	VMATRRNVL	Rv1518	M.tuberculosis	PMID:38439958	{"identification": "tetramer-sort", "frequency": "", "singlecell": "", "sequencing": "sanger", "verification": ""}	{"study.id": "", "cell.subset": "CD8+", "subject.cohort": "LTBI", "subject.id": "", "replica.id": "", "clone.id": "", "epitope.id": "", "tissue": "PBMC", "donor.MHC": "", "donor.MHC.method": "", "structure.id": "", "samples.found": 1, "studies.found": 1}	{"cdr3": "CAHHCGGSQKVTF", "cdr3_old": "CAHHCGGSQKVTF", "fixNeeded": false, "good": true, "jCanonical": true, "jFixType": "NoFixNeeded", "jId": "TRAJ13*01", "jStart": 8, "vCanonical": true, "vEnd": 2, "vFixType": "NoFixNeeded", "vId": "TRAV20*01"}	0
6942	TRA	CIVSCNAGNMLTF	TRAV26-1*01	TRAJ39*01	HomoSapiens	HLA-E*01:03	B2M	MHCI	VMATRRNVL	Rv1518	M.tuberculosis	PMID:38439958	{"identification": "tetramer-sort", "frequency": "", "singlecell": "", "sequencing": "sanger", "verification": ""}	{"study.id": "", "cell.subset": "CD8+", "subject.cohort": "LTBI", "subject.id": "", "replica.id": "", "clone.id": "", "epitope.id": "", "tissue": "PBMC", "donor.MHC": "", "donor.MHC.method": "", "structure.id": "", "samples.found": 1, "studies.found": 1}	{"cdr3": "CIVSCNAGNMLTF", "cdr3_old": "CIVSCNAGNMLTF", "fixNeeded": false, "good": true, "jCanonical": true, "jFixType": "NoFixNeeded", "jId": "TRAJ39*01", "jStart": 5, "vCanonical": true, "vEnd": 3, "vFixType": "NoFixNeeded", "vId": "TRAV26-1*01"}	0
6943	TRA	CAMGQAGTALIF	TRAV14/DV4*01	TRAJ15*01	HomoSapiens	HLA-E*01:03	B2M	MHCI	VMATRRNVL	Rv1518	M.tuberculosis	PMID:38439958	{"identification": "tetramer-sort", "frequency": "", "singlecell": "", "sequencing": "sanger", "verification": ""}	{"study.id": "", "cell.subset": "CD8+", "subject.cohort": "LTBI", "subject.id": "", "replica.id": "", "clone.id": "", "epitope.id": "", "tissue": "PBMC", "donor.MHC": "", "donor.MHC.method": "", "structure.id": "", "samples.found": 1, "studies.found": 1}	{"cdr3": "CAMGQAGTALIF", "cdr3_old": "CAMGQAGTALIF", "fixNeeded": false, "good": true, "jCanonical": true, "jFixType": "NoFixNeeded", "jId": "TRAJ15*01", "jStart": 4, "vCanonical": true, "vEnd": 3, "vFixType": "NoFixNeeded", "vId": "TRAV14/DV4*01"}	0
6944	TRA	CGAALITQGGSEKLVF	TRAV34*01	TRAJ57*01	HomoSapiens	HLA-E*01:03	B2M	MHCI	VMATRRNVL	Rv1518	M.tuberculosis	PMID:38439958	{"identification": "tetramer-sort", "frequency": "", "singlecell": "", "sequencing": "sanger", "verification": ""}	{"study.id": "", "cell.subset": "CD8+", "subject.cohort": "LTBI", "subject.id": "", "replica.id": "", "clone.id": "", "epitope.id": "", "tissue": "PBMC", "donor.MHC": "", "donor.MHC.method": "", "structure.id": "", "samples.found": 1, "studies.found": 1}	{"cdr3": "CGAALITQGGSEKLVF", "cdr3_old": "CGAALITQGGSEKLVF", "fixNeeded": false, "good": true, "jCanonical": true, "jFixType": "NoFixNeeded", "jId": "TRAJ57*01", "jStart": 6, "vCanonical": true, "vEnd": 3, "vFixType": "NoFixNeeded", "vId": "TRAV34*01"}	0
6945	TRA	CAGGGSNYKLTF	TRAV13-1*01	TRAJ53*01	HomoSapiens	HLA-E*01:03	B2M	MHCI	VMATRRNVL	Rv1518	M.tuberculosis	PMID:38439958	{"identification": "tetramer-sort", "frequency": "", "singlecell": "", "sequencing": "sanger", "verification": ""}	{"study.id": "", "cell.subset": "CD8+", "subject.cohort": "LTBI", "subject.id": "", "replica.id": "", "clone.id": "", "epitope.id": "", "tissue": "PBMC", "donor.MHC": "", "donor.MHC.method": "", "structure.id": "", "samples.found": 1, "studies.found": 1}	{"cdr3": "CAGGGSNYKLTF", "cdr3_old": "CAGGGSNYKLTF", "fixNeeded": false, "good": true, "jCanonical": true, "jFixType": "NoFixNeeded", "jId": "TRAJ53*01", "jStart": 3, "vCanonical": true, "vEnd": 2, "vFixType": "NoFixNeeded", "vId": "TRAV13-1*01"}	0
6946	TRA	CAILDLAQGAQKLVF	TRAV14/DV4*01	TRAJ54*01	HomoSapiens	HLA-E*01:03	B2M	MHCI	VMATRRNVL	Rv1518	M.tuberculosis	PMID:38439958	{"identification": "tetramer-sort", "frequency": "", "singlecell": "", "sequencing": "sanger", "verification": ""}	{"study.id": "", "cell.subset": "CD8+", "subject.cohort": "LTBI", "subject.id": "", "replica.id": "", "clone.id": "", "epitope.id": "", "tissue": "PBMC", "donor.MHC": "", "donor.MHC.method": "", "structure.id": "", "samples.found": 1, "studies.found": 1}	{"cdr3": "CAILDLAQGAQKLVF", "cdr3_old": "CAILDLAQGAQKLVF", "fixNeeded": false, "good": true, "jCanonical": true, "jFixType": "NoFixNeeded", "jId": "TRAJ54*01", "jStart": 7, "vCanonical": true, "vEnd": 2, "vFixType": "NoFixNeeded", "vId": "TRAV14/DV4*01"}	0
6947	TRA	CAGWHAGNMLTF	TRAV25*01	TRAJ39*01	HomoSapiens	HLA-E*01:03	B2M	MHCI	VMATRRNVL	Rv1518	M.tuberculosis	PMID:38439958	{"identification": "tetramer-sort", "frequency": "", "singlecell": "", "sequencing": "sanger", "verification": ""}	{"study.id": "", "cell.subset": "CD8+", "subject.cohort": "LTBI", "subject.id": "", "replica.id": "", "clone.id": "", "epitope.id": "", "tissue": "PBMC", "donor.MHC": "", "donor.MHC.method": "", "structure.id": "", "samples.found": 1, "studies.found": 1}	{"cdr3": "CAGWHAGNMLTF", "cdr3_old": "CAGWHAGNMLTF", "fixNeeded": false, "good": true, "jCanonical": true, "jFixType": "NoFixNeeded", "jId": "TRAJ39*01", "jStart": 5, "vCanonical": true, "vEnd": 3, "vFixType": "NoFixNeeded", "vId": "TRAV25*01"}	0
6949	TRA	CILRGNDMRF	TRAV26-2*01	TRAJ43*01	HomoSapiens	HLA-E*01:03	B2M	MHCI	VMATRRNVL	Rv1518	M.tuberculosis	PMID:38439958	{"identification": "tetramer-sort", "frequency": "", "singlecell": "", "sequencing": "sanger", "verification": ""}	{"study.id": "", "cell.subset": "CD8+", "subject.cohort": "LTBI", "subject.id": "", "replica.id": "", "clone.id": "", "epitope.id": "", "tissue": "PBMC", "donor.MHC": "", "donor.MHC.method": "", "structure.id": "", "samples.found": 1, "studies.found": 1}	{"cdr3": "CILRGNDMRF", "cdr3_old": "CILRGNDMRF", "fixNeeded": false, "good": true, "jCanonical": true, "jFixType": "NoFixNeeded", "jId": "TRAJ43*01", "jStart": 5, "vCanonical": true, "vEnd": 4, "vFixType": "NoFixNeeded", "vId": "TRAV26-2*01"}	0
6950	TRA	CAAKRSDGQKLLF	TRAV29/DV5*01	TRAJ16	HomoSapiens	HLA-E*01:03	B2M	MHCI	VMATRRNVL	Rv1518	M.tuberculosis	PMID:38439958	{"identification": "tetramer-sort", "frequency": "", "singlecell": "", "sequencing": "sanger", "verification": ""}	{"study.id": "", "cell.subset": "CD8+", "subject.cohort": "LTBI", "subject.id": "", "replica.id": "", "clone.id": "", "epitope.id": "", "tissue": "PBMC", "donor.MHC": "", "donor.MHC.method": "", "structure.id": "", "samples.found": 1, "studies.found": 1}	{"cdr3": "CAAKRSDGQKLLF", "cdr3_old": "CAAKRSDGQKLLF", "fixNeeded": false, "good": false, "jCanonical": true, "jFixType": "FailedBadSegment", "jId": "TRAJ16", "jStart": -1, "vCanonical": true, "vEnd": 3, "vFixType": "NoFixNeeded", "vId": "TRAV29/DV5*01"}	0
6951	TRA	CATDDSSASKIIF	TRAV17*01	TRAJ3*01	HomoSapiens	HLA-E*01:03	B2M	MHCI	VMATRRNVL	Rv1518	M.tuberculosis	PMID:38439958	{"identification": "tetramer-sort", "frequency": "", "singlecell": "", "sequencing": "sanger", "verification": ""}	{"study.id": "", "cell.subset": "CD8+", "subject.cohort": "LTBI", "subject.id": "", "replica.id": "", "clone.id": "", "epitope.id": "", "tissue": "PBMC", "donor.MHC": "", "donor.MHC.method": "", "structure.id": "", "samples.found": 1, "studies.found": 1}	{"cdr3": "CATDDSSASKIIF", "cdr3_old": "CATDDSSASKIIF", "fixNeeded": false, "good": true, "jCanonical": true, "jFixType": "NoFixNeeded", "jId": "TRAJ3*01", "jStart": 5, "vCanonical": true, "vEnd": 4, "vFixType": "NoFixNeeded", "vId": "TRAV17*01"}	0
6952	TRA	CAYGLYGGSQGNLIF	TRAV38-1*01	TRAJ42*01	HomoSapiens	HLA-E*01:03	B2M	MHCI	VMATRRNVL	Rv1518	M.tuberculosis	PMID:38439958	{"identification": "tetramer-sort", "frequency": "", "singlecell": "", "sequencing": "sanger", "verification": ""}	{"study.id": "", "cell.subset": "CD8+", "subject.cohort": "LTBI", "subject.id": "", "replica.id": "", "clone.id": "", "epitope.id": "", "tissue": "PBMC", "donor.MHC": "", "donor.MHC.method": "", "structure.id": "", "samples.found": 1, "studies.found": 1}	{"cdr3": "CAYGLYGGSQGNLIF", "cdr3_old": "CAYGLYGGSQGNLIF", "fixNeeded": false, "good": true, "jCanonical": true, "jFixType": "NoFixNeeded", "jId": "TRAJ42*01", "jStart": 5, "vCanonical": true, "vEnd": 2, "vFixType": "NoFixNeeded", "vId": "TRAV38-1*01"}	0
6953	TRA	CAGINEKLTF	TRAV12-2*01	TRAJ48*01	HomoSapiens	HLA-E*01:03	B2M	MHCI	VMATRRNVL	Rv1518	M.tuberculosis	PMID:38439958	{"identification": "tetramer-sort", "frequency": "", "singlecell": "", "sequencing": "sanger", "verification": ""}	{"study.id": "", "cell.subset": "CD8+", "subject.cohort": "LTBI", "subject.id": "", "replica.id": "", "clone.id": "", "epitope.id": "", "tissue": "PBMC", "donor.MHC": "", "donor.MHC.method": "", "structure.id": "", "samples.found": 1, "studies.found": 1}	{"cdr3": "CAGINEKLTF", "cdr3_old": "CAGINEKLTF", "fixNeeded": false, "good": true, "jCanonical": true, "jFixType": "NoFixNeeded", "jId": "TRAJ48*01", "jStart": 4, "vCanonical": true, "vEnd": 2, "vFixType": "NoFixNeeded", "vId": "TRAV12-2*01"}	0
6954	TRA	CAGQKETSGSRLTF	TRAV35*01	TRAJ58	HomoSapiens	HLA-E*01:03	B2M	MHCI	VMATRRNVL	Rv1518	M.tuberculosis	PMID:38439958	{"identification": "tetramer-sort", "frequency": "", "singlecell": "", "sequencing": "sanger", "verification": ""}	{"study.id": "", "cell.subset": "CD8+", "subject.cohort": "LTBI", "subject.id": "", "replica.id": "", "clone.id": "", "epitope.id": "", "tissue": "PBMC", "donor.MHC": "", "donor.MHC.method": "", "structure.id": "", "samples.found": 1, "studies.found": 1}	{"cdr3": "CAGQKETSGSRLTF", "cdr3_old": "CAGQKETSGSRLTF", "fixNeeded": false, "good": false, "jCanonical": true, "jFixType": "FailedBadSegment", "jId": "TRAJ58", "jStart": -1, "vCanonical": true, "vEnd": 4, "vFixType": "NoFixNeeded", "vId": "TRAV35*01"}	0
6955	TRA	CAATPTGSQFYF	TRAV29/DV5*01	TRAJ49*01	HomoSapiens	HLA-E*01:03	B2M	MHCI	VMATRRNVL	Rv1518	M.tuberculosis	PMID:38439958	{"identification": "tetramer-sort", "frequency": "", "singlecell": "", "sequencing": "sanger", "verification": ""}	{"study.id": "", "cell.subset": "CD8+", "subject.cohort": "LTBI", "subject.id": "", "replica.id": "", "clone.id": "", "epitope.id": "", "tissue": "PBMC", "donor.MHC": "", "donor.MHC.method": "", "structure.id": "", "samples.found": 1, "studies.found": 1}	{"cdr3": "CAATPTGSQFYF", "cdr3_old": "CAATPTGSQFYF", "fixNeeded": false, "good": true, "jCanonical": true, "jFixType": "NoFixNeeded", "jId": "TRAJ49*01", "jStart": 8, "vCanonical": true, "vEnd": 3, "vFixType": "NoFixNeeded", "vId": "TRAV29/DV5*01"}	0
6956	TRA	CAMSAVYTGANSKLTF	TRAV12-3*01	TRAJ56*01	HomoSapiens	HLA-E*01:03	B2M	MHCI	VMATRRNVL	Rv1518	M.tuberculosis	PMID:38439958	{"identification": "tetramer-sort", "frequency": "", "singlecell": "", "sequencing": "sanger", "verification": ""}	{"study.id": "", "cell.subset": "CD8+", "subject.cohort": "LTBI", "subject.id": "", "replica.id": "", "clone.id": "", "epitope.id": "", "tissue": "PBMC", "donor.MHC": "", "donor.MHC.method": "", "structure.id": "", "samples.found": 1, "studies.found": 1}	{"cdr3": "CAMSAVYTGANSKLTF", "cdr3_old": "CAMSAVYTGANSKLTF", "fixNeeded": false, "good": true, "jCanonical": true, "jFixType": "NoFixNeeded", "jId": "TRAJ56*01", "jStart": 6, "vCanonical": true, "vEnd": 4, "vFixType": "NoFixNeeded", "vId": "TRAV12-3*01"}	0
6957	TRA	CAVETIKEASGSRLTC	TRAV22*01	TRAJ58	HomoSapiens	HLA-E*01:03	B2M	MHCI	VMATRRNVL	Rv1518	M.tuberculosis	PMID:38439958	{"identification": "tetramer-sort", "frequency": "", "singlecell": "", "sequencing": "sanger", "verification": ""}	{"study.id": "", "cell.subset": "CD8+", "subject.cohort": "LTBI", "subject.id": "", "replica.id": "", "clone.id": "", "epitope.id": "", "tissue": "PBMC", "donor.MHC": "", "donor.MHC.method": "", "structure.id": "", "samples.found": 1, "studies.found": 1}	{"cdr3": "CAVETIKEASGSRLTC", "cdr3_old": "CAVETIKEASGSRLTC", "fixNeeded": false, "good": false, "jCanonical": false, "jFixType": "FailedBadSegment", "jId": "TRAJ58", "jStart": -1, "vCanonical": true, "vEnd": 4, "vFixType": "NoFixNeeded", "vId": "TRAV22*01"}	0
6958	TRA	CAVGVGGAANKLIF	TRAV1-1*01	TRAJ32*01	HomoSapiens	HLA-E*01:03	B2M	MHCI	VMATRRNVL	Rv1518	M.tuberculosis	PMID:38439958	{"identification": "tetramer-sort", "frequency": "", "singlecell": "", "sequencing": "sanger", "verification": ""}	{"study.id": "", "cell.subset": "CD8+", "subject.cohort": "LTBI", "subject.id": "", "replica.id": "", "clone.id": "", "epitope.id": "", "tissue": "PBMC", "donor.MHC": "", "donor.MHC.method": "", "structure.id": "", "samples.found": 1, "studies.found": 1}	{"cdr3": "CAVGVGGAANKLIF", "cdr3_old": "CAVGVGGAANKLIF", "fixNeeded": false, "good": true, "jCanonical": true, "jFixType": "NoFixNeeded", "jId": "TRAJ32*01", "jStart": 9, "vCanonical": true, "vEnd": 3, "vFixType": "NoFixNeeded", "vId": "TRAV1-1*01"}	0
6959	TRA	CAGINNARLMF	TRAV36/DV7*01	TRAJ31*01	HomoSapiens	HLA-E*01:03	B2M	MHCI	VMATRRNVL	Rv1518	M.tuberculosis	PMID:38439958	{"identification": "tetramer-sort", "frequency": "", "singlecell": "", "sequencing": "sanger", "verification": ""}	{"study.id": "", "cell.subset": "CD8+", "subject.cohort": "LTBI", "subject.id": "", "replica.id": "", "clone.id": "", "epitope.id": "", "tissue": "PBMC", "donor.MHC": "", "donor.MHC.method": "", "structure.id": "", "samples.found": 1, "studies.found": 1}	{"cdr3": "CAGINNARLMF", "cdr3_old": "CAGINNARLMF", "fixNeeded": false, "good": true, "jCanonical": true, "jFixType": "NoFixNeeded", "jId": "TRAJ31*01", "jStart": 4, "vCanonical": true, "vEnd": 2, "vFixType": "NoFixNeeded", "vId": "TRAV36/DV7*01"}	0
6960	TRA	CAMREGAFDYKLSF	TRAV14/DV4*01	TRAJ20*01	HomoSapiens	HLA-E*01:03	B2M	MHCI	VMATRRNVL	Rv1518	M.tuberculosis	PMID:38439958	{"identification": "tetramer-sort", "frequency": "", "singlecell": "", "sequencing": "sanger", "verification": ""}	{"study.id": "", "cell.subset": "CD8+", "subject.cohort": "LTBI", "subject.id": "", "replica.id": "", "clone.id": "", "epitope.id": "", "tissue": "PBMC", "donor.MHC": "", "donor.MHC.method": "", "structure.id": "", "samples.found": 1, "studies.found": 1}	{"cdr3": "CAMREGAFDYKLSF", "cdr3_old": "CAMREGAFDYKLSF", "fixNeeded": false, "good": true, "jCanonical": true, "jFixType": "NoFixNeeded", "jId": "TRAJ20*01", "jStart": 8, "vCanonical": true, "vEnd": 5, "vFixType": "NoFixNeeded", "vId": "TRAV14/DV4*01"}	0
6961	TRA	CALSALSNKLTF	TRAV19*01	TRAJ17*01	HomoSapiens	HLA-E*01:03	B2M	MHCI	VMATRRNVL	Rv1518	M.tuberculosis	PMID:38439958	{"identification": "tetramer-sort", "frequency": "", "singlecell": "", "sequencing": "sanger", "verification": ""}	{"study.id": "", "cell.subset": "CD8+", "subject.cohort": "LTBI", "subject.id": "", "replica.id": "", "clone.id": "", "epitope.id": "", "tissue": "PBMC", "donor.MHC": "", "donor.MHC.method": "", "structure.id": "", "samples.found": 1, "studies.found": 1}	{"cdr3": "CALSALSNKLTF", "cdr3_old": "CALSALSNKLTF", "fixNeeded": false, "good": true, "jCanonical": true, "jFixType": "NoFixNeeded", "jId": "TRAJ17*01", "jStart": 7, "vCanonical": true, "vEnd": 4, "vFixType": "NoFixNeeded", "vId": "TRAV19*01"}	0
6962	TRA	CAASVRSQGNLIF	TRAV29/DV5*01	TRAJ42*01	HomoSapiens	HLA-E*01:03	B2M	MHCI	VMATRRNVL	Rv1518	M.tuberculosis	PMID:38439958	{"identification": "tetramer-sort", "frequency": "", "singlecell": "", "sequencing": "sanger", "verification": ""}	{"study.id": "", "cell.subset": "CD8+", "subject.cohort": "LTBI", "subject.id": "", "replica.id": "", "clone.id": "", "epitope.id": "", "tissue": "PBMC", "donor.MHC": "", "donor.MHC.method": "", "structure.id": "", "samples.found": 1, "studies.found": 1}	{"cdr3": "CAASVRSQGNLIF", "cdr3_old": "CAASVRSQGNLIF", "fixNeeded": false, "good": true, "jCanonical": true, "jFixType": "NoFixNeeded", "jId": "TRAJ42*01", "jStart": 6, "vCanonical": true, "vEnd": 4, "vFixType": "NoFixNeeded", "vId": "TRAV29/DV5*01"}	0
7646	TRA	CIVKTNSGGSNYKLTF	TRAV26-1*01	TRAJ53*01	HomoSapiens	HLA-DQA1*01:02	HLA-DQB1*06:02	MHCII	TAAQAAVVRFQEAAN	CFP10	M.tuberculosis	PMID:28636589	{"identification": "antigen-loaded-targets", "frequency": "2/168", "singlecell": "yes", "sequencing": "amplicon-seq", "verification": "antigen-loaded-targets"}	{"study.id": "", "cell.subset": "CD4+CD154+CD69+", "subject.cohort": "QFN+", "subject.id": "01/0873", "replica.id": "", "clone.id": "TCR001", "epitope.id": "", "tissue": "PBMC", "donor.MHC": "", "donor.MHC.method": "sequencing", "structure.id": "", "samples.found": 1, "studies.found": 1}	{"cdr3": "CIVKTNSGGSNYKLTF", "cdr3_old": "CIVKTNSGGSNYKLTF", "fixNeeded": false, "good": true, "jCanonical": true, "jFixType": "NoFixNeeded", "jId": "TRAJ53*01", "jStart": 5, "vCanonical": true, "vEnd": 3, "vFixType": "NoFixNeeded", "vId": "TRAV26-1*01"}	2
7647	TRA	CIVHTNSGGSNYKLTF	TRAV26-1*01	TRAJ53*01	HomoSapiens	HLA-DQA1*01:02	HLA-DQB1*06:02	MHCII	TAAQAAVVRFQEAAN	CFP10	M.tuberculosis	PMID:28636589	{"identification": "antigen-loaded-targets", "frequency": "49/166", "singlecell": "yes", "sequencing": "amplicon-seq", "verification": "antigen-loaded-targets"}	{"study.id": "", "cell.subset": "CD4+CD154+CD69+", "subject.cohort": "QFN+", "subject.id": "09/0217", "replica.id": "", "clone.id": "TCR012", "epitope.id": "", "tissue": "PBMC", "donor.MHC": "", "donor.MHC.method": "sequencing", "structure.id": "", "samples.found": 1, "studies.found": 1}	{"cdr3": "CIVHTNSGGSNYKLTF", "cdr3_old": "CIVHTNSGGSNYKLTF", "fixNeeded": false, "good": true, "jCanonical": true, "jFixType": "NoFixNeeded", "jId": "TRAJ53*01", "jStart": 5, "vCanonical": true, "vEnd": 3, "vFixType": "NoFixNeeded", "vId": "TRAV26-1*01"}	3
7648	TRA	CIEHTNSGGSNYKLTF	TRAV26-1*01	TRAJ53*01	HomoSapiens	HLA-DQA1*01:02	HLA-DQB1*06:02	MHCII	TAAQAAVVRFQEAAN	CFP10	M.tuberculosis	PMID:28636589	{"identification": "antigen-loaded-targets", "frequency": "21/168", "singlecell": "yes", "sequencing": "amplicon-seq", "verification": "antigen-loaded-targets"}	{"study.id": "", "cell.subset": "CD4+CD154+CD69+", "subject.cohort": "QFN+", "subject.id": "01/0873", "replica.id": "", "clone.id": "TCR004", "epitope.id": "", "tissue": "PBMC", "donor.MHC": "", "donor.MHC.method": "sequencing", "structure.id": "", "samples.found": 1, "studies.found": 1}	{"cdr3": "CIEHTNSGGSNYKLTF", "cdr3_old": "CIEHTNSGGSNYKLTF", "fixNeeded": false, "good": true, "jCanonical": true, "jFixType": "NoFixNeeded", "jId": "TRAJ53*01", "jStart": 5, "vCanonical": true, "vEnd": 2, "vFixType": "NoFixNeeded", "vId": "TRAV26-1*01"}	2
7649	TRA	CAVGGLSGANSKLTF	TRAV22*01	TRAJ56*01	HomoSapiens	HLA-DRA*01:01	HLA-DRB1*15:03	MHCII	MHVSFVMAYPEMLAA	Rv1195	M.tuberculosis	PMID:28636589	{"identification": "antigen-loaded-targets", "frequency": "1/69", "singlecell": "yes", "sequencing": "amplicon-seq", "verification": "antigen-loaded-targets"}	{"study.id": "", "cell.subset": "CD4+CD154+CD69+", "subject.cohort": "QFN+", "subject.id": "01/0873", "replica.id": "", "clone.id": "TCR022", "epitope.id": "", "tissue": "PBMC", "donor.MHC": "", "donor.MHC.method": "sequencing", "structure.id": "", "samples.found": 1, "studies.found": 1}	{"cdr3": "CAVGGLSGANSKLTF", "cdr3_old": "CAVGGLSGANSKLTF", "fixNeeded": false, "good": true, "jCanonical": true, "jFixType": "NoFixNeeded", "jId": "TRAJ56*01", "jStart": 7, "vCanonical": true, "vEnd": 3, "vFixType": "NoFixNeeded", "vId": "TRAV22*01"}	2
7650	TRA	CAGAGGGGFKTIF	TRAV27*01	TRAJ9*01	HomoSapiens	HLA-DRA*01:01	HLA-DRB1*15:03	MHCII	MHVSFVMAYPEMLAA	Rv1195	M.tuberculosis	PMID:28636589	{"identification": "antigen-loaded-targets", "frequency": "2/41", "singlecell": "yes", "sequencing": "amplicon-seq", "verification": "antigen-loaded-targets"}	{"study.id": "", "cell.subset": "CD4+CD154+CD69+", "subject.cohort": "QFN+", "subject.id": "02/0152", "replica.id": "", "clone.id": "TCR023", "epitope.id": "", "tissue": "PBMC", "donor.MHC": "", "donor.MHC.method": "sequencing", "structure.id": "", "samples.found": 1, "studies.found": 1}	{"cdr3": "CAGAGGGGFKTIF", "cdr3_old": "CAGAGGGGFKTIF", "fixNeeded": false, "good": true, "jCanonical": true, "jFixType": "NoFixNeeded", "jId": "TRAJ9*01", "jStart": 6, "vCanonical": true, "vEnd": 3, "vFixType": "NoFixNeeded", "vId": "TRAV27*01"}	2
7651	TRA	CAGTNTGNQFYF	TRAV27*01	TRAJ49*01	HomoSapiens	HLA-DRA*01:01	HLA-DRB1*15:03	MHCII	MHVSFVMAYPEMLAA	Rv1195	M.tuberculosis	PMID:28636589	{"identification": "antigen-loaded-targets", "frequency": "2/112", "singlecell": "yes", "sequencing": "amplicon-seq", "verification": "antigen-loaded-targets"}	{"study.id": "", "cell.subset": "CD4+CD154+CD69+", "subject.cohort": "QFN+", "subject.id": "03/0492", "replica.id": "", "clone.id": "TCR024", "epitope.id": "", "tissue": "PBMC", "donor.MHC": "", "donor.MHC.method": "sequencing", "structure.id": "", "samples.found": 1, "studies.found": 1}	{"cdr3": "CAGTNTGNQFYF", "cdr3_old": "CAGTNTGNQFYF", "fixNeeded": false, "good": true, "jCanonical": true, "jFixType": "NoFixNeeded", "jId": "TRAJ49*01", "jStart": 4, "vCanonical": true, "vEnd": 3, "vFixType": "NoFixNeeded", "vId": "TRAV27*01"}	2
7652	TRA	CAGPTGGSYIPTF	TRAV25*01	TRAJ6*01	HomoSapiens	HLA-DRA*01:01	HLA-DRB1*15:03	MHCII	MHVSFVMAYPEMLAA	Rv1195	M.tuberculosis	PMID:28636589	{"identification": "antigen-loaded-targets", "frequency": "1/112", "singlecell": "yes", "sequencing": "amplicon-seq", "verification": "antigen-loaded-targets"}	{"study.id": "", "cell.subset": "CD4+CD154+CD69+", "subject.cohort": "QFN+", "subject.id": "03/0492", "replica.id": "", "clone.id": "TCR025", "epitope.id": "", "tissue": "PBMC", "donor.MHC": "", "donor.MHC.method": "sequencing", "structure.id": "", "samples.found": 1, "studies.found": 1}	{"cdr3": "CAGPTGGSYIPTF", "cdr3_old": "CAGPTGGSYIPTF", "fixNeeded": false, "good": true, "jCanonical": true, "jFixType": "NoFixNeeded", "jId": "TRAJ6*01", "jStart": 5, "vCanonical": true, "vEnd": 3, "vFixType": "NoFixNeeded", "vId": "TRAV25*01"}	2
7653	TRA	CVVSAITNDYKLSF	TRAV10*01	TRAJ20*01	HomoSapiens	HLA-DRA*01:01	HLA-DRB1*03:01	MHCII	PSPSMGRDIKVQFQS	Rv3804c	M.tuberculosis	PMID:28636589	{"identification": "antigen-loaded-targets", "frequency": "1/41", "singlecell": "yes", "sequencing": "amplicon-seq", "verification": "antigen-loaded-targets"}	{"study.id": "", "cell.subset": "CD4+CD154+CD69+", "subject.cohort": "QFN+", "subject.id": "02/0152", "replica.id": "", "clone.id": "TCR051", "epitope.id": "", "tissue": "PBMC", "donor.MHC": "", "donor.MHC.method": "sequencing", "structure.id": "", "samples.found": 1, "studies.found": 1}	{"cdr3": "CVVSAITNDYKLSF", "cdr3_old": "CVVSAITNDYKLSF", "fixNeeded": false, "good": true, "jCanonical": true, "jFixType": "NoFixNeeded", "jId": "TRAJ20*01", "jStart": 7, "vCanonical": true, "vEnd": 4, "vFixType": "NoFixNeeded", "vId": "TRAV10*01"}	2
7654	TRA	CAVQPGAGGFKTIF	TRAV20*01	TRAJ9*01	HomoSapiens	HLA-DRA*01:01	HLA-DRB1*03:01	MHCII	PSPSMGRDIKVQFQS	Rv3804c	M.tuberculosis	PMID:28636589	{"identification": "antigen-loaded-targets", "frequency": "1/107", "singlecell": "yes", "sequencing": "amplicon-seq", "verification": "antigen-loaded-targets"}	{"study.id": "", "cell.subset": "CD4+CD154+CD69+", "subject.cohort": "QFN+", "subject.id": "09/0772", "replica.id": "", "clone.id": "TCR052", "epitope.id": "", "tissue": "PBMC", "donor.MHC": "", "donor.MHC.method": "sequencing", "structure.id": "", "samples.found": 1, "studies.found": 1}	{"cdr3": "CAVQPGAGGFKTIF", "cdr3_old": "CAVQPGAGGFKTIF", "fixNeeded": false, "good": true, "jCanonical": true, "jFixType": "NoFixNeeded", "jId": "TRAJ9*01", "jStart": 7, "vCanonical": true, "vEnd": 4, "vFixType": "NoFixNeeded", "vId": "TRAV20*01"}	2
7655	TRA	CAVTIGATQGGSEKLVF	TRAV39*01	TRAJ57*01	HomoSapiens	HLA-DRA*01:01	HLA-DRB1*03:01	MHCII	PSPSMGRDIKVQFQS	Rv3804c	M.tuberculosis	PMID:28636589	{"identification": "antigen-loaded-targets", "frequency": "1/151", "singlecell": "yes", "sequencing": "amplicon-seq", "verification": "antigen-loaded-targets"}	{"study.id": "", "cell.subset": "CD4+CD154+CD69+", "subject.cohort": "QFN+", "subject.id": "09/0018", "replica.id": "", "clone.id": "TCR053", "epitope.id": "", "tissue": "PBMC", "donor.MHC": "", "donor.MHC.method": "sequencing", "structure.id": "", "samples.found": 1, "studies.found": 1}	{"cdr3": "CAVTIGATQGGSEKLVF", "cdr3_old": "CAVTIGATQGGSEKLVF", "fixNeeded": false, "good": true, "jCanonical": true, "jFixType": "NoFixNeeded", "jId": "TRAJ57*01", "jStart": 7, "vCanonical": true, "vEnd": 3, "vFixType": "NoFixNeeded", "vId": "TRAV39*01"}	2
7656	TRA	CASQSNTGNQFYF	TRAV25*01	TRAJ49*01	HomoSapiens	HLA-DRA*01:01	HLA-DRB1*03:01	MHCII	PSPSMGRDIKVQFQS	Rv3804c	M.tuberculosis	PMID:28636589	{"identification": "antigen-loaded-targets", "frequency": "1/41", "singlecell": "yes", "sequencing": "amplicon-seq", "verification": "antigen-loaded-targets"}	{"study.id": "", "cell.subset": "CD4+CD154+CD69+", "subject.cohort": "QFN+", "subject.id": "02/0152", "replica.id": "", "clone.id": "TCR054", "epitope.id": "", "tissue": "PBMC", "donor.MHC": "", "donor.MHC.method": "sequencing", "structure.id": "", "samples.found": 1, "studies.found": 1}	{"cdr3": "CASQSNTGNQFYF", "cdr3_old": "CASQSNTGNQFYF", "fixNeeded": false, "good": true, "jCanonical": true, "jFixType": "NoFixNeeded", "jId": "TRAJ49*01", "jStart": 5, "vCanonical": true, "vEnd": 2, "vFixType": "NoFixNeeded", "vId": "TRAV25*01"}	2
7657	TRA	CAVNGGGSNYKLTF	TRAV41*01	TRAJ53*01	HomoSapiens	HLA-DRA*01:01	HLA-DRB3*03:01	MHCII	MSQIMYNYPAMLGHA	Rv0288	M.tuberculosis	PMID:28636589	{"identification": "antigen-loaded-targets", "frequency": "3/162", "singlecell": "yes", "sequencing": "amplicon-seq", "verification": "antigen-loaded-targets"}	{"study.id": "", "cell.subset": "CD4+CD154+CD69+", "subject.cohort": "QFN+", "subject.id": "03/0492", "replica.id": "", "clone.id": "TCR098", "epitope.id": "", "tissue": "PBMC", "donor.MHC": "", "donor.MHC.method": "sequencing", "structure.id": "", "samples.found": 1, "studies.found": 1}	{"cdr3": "CAVNGGGSNYKLTF", "cdr3_old": "CAVNGGGSNYKLTF", "fixNeeded": false, "good": true, "jCanonical": true, "jFixType": "NoFixNeeded", "jId": "TRAJ53*01", "jStart": 5, "vCanonical": true, "vEnd": 3, "vFixType": "NoFixNeeded", "vId": "TRAV41*01"}	2
7658	TRA	CAVNSGGSNYKLTF	TRAV41*01	TRAJ53*01	HomoSapiens	HLA-DRA*01:01	HLA-DRB3*03:01	MHCII	MSQIMYNYPAMLGHA	Rv0288	M.tuberculosis	PMID:28636589	{"identification": "antigen-loaded-targets", "frequency": "4/56", "singlecell": "yes", "sequencing": "amplicon-seq", "verification": "antigen-loaded-targets"}	{"study.id": "", "cell.subset": "CD4+CD154+CD69+", "subject.cohort": "QFN+", "subject.id": "09/0125", "replica.id": "", "clone.id": "TCR099", "epitope.id": "", "tissue": "PBMC", "donor.MHC": "", "donor.MHC.method": "sequencing", "structure.id": "", "samples.found": 1, "studies.found": 1}	{"cdr3": "CAVNSGGSNYKLTF", "cdr3_old": "CAVNSGGSNYKLTF", "fixNeeded": false, "good": true, "jCanonical": true, "jFixType": "NoFixNeeded", "jId": "TRAJ53*01", "jStart": 3, "vCanonical": true, "vEnd": 3, "vFixType": "NoFixNeeded", "vId": "TRAV41*01"}	2
7659	TRA	CAVSRAGAGSYQLTF	TRAV2*01	TRAJ28*01	HomoSapiens	HLA-DRA*01:01	HLA-DRB5*01:01	MHCII	AAVVRFQEAANKQKQ	Rv3874	M.tuberculosis	PMID:28636589	{"identification": "antigen-loaded-targets", "frequency": "3/112", "singlecell": "yes", "sequencing": "amplicon-seq", "verification": "antigen-loaded-targets"}	{"study.id": "", "cell.subset": "CD4+CD154+CD69+", "subject.cohort": "QFN+", "subject.id": "03/0492", "replica.id": "", "clone.id": "TCR087", "epitope.id": "", "tissue": "PBMC", "donor.MHC": "", "donor.MHC.method": "sequencing", "structure.id": "", "samples.found": 1, "studies.found": 1}	{"cdr3": "CAVSRAGAGSYQLTF", "cdr3_old": "CAVSRAGAGSYQLTF", "fixNeeded": false, "good": true, "jCanonical": true, "jFixType": "NoFixNeeded", "jId": "TRAJ28*01", "jStart": 6, "vCanonical": true, "vEnd": 3, "vFixType": "NoFixNeeded", "vId": "TRAV2*01"}	2
7660	TRA	CAVRDPGNTDKLIF	TRAV1-2*01	TRAJ34*01	HomoSapiens	HLA-DRA*01:01	HLA-DRB5*01:01	MHCII	AAVVRFQEAANKQKQ	Rv3874	M.tuberculosis	PMID:28636589	{"identification": "antigen-loaded-targets", "frequency": "1/106", "singlecell": "yes", "sequencing": "amplicon-seq", "verification": "antigen-loaded-targets"}	{"study.id": "", "cell.subset": "CD4+CD154+CD69+", "subject.cohort": "QFN+", "subject.id": "01/0906", "replica.id": "", "clone.id": "TCR088", "epitope.id": "", "tissue": "PBMC", "donor.MHC": "", "donor.MHC.method": "sequencing", "structure.id": "", "samples.found": 1, "studies.found": 1}	{"cdr3": "CAVRDPGNTDKLIF", "cdr3_old": "CAVRDPGNTDKLIF", "fixNeeded": false, "good": true, "jCanonical": true, "jFixType": "NoFixNeeded", "jId": "TRAJ34*01", "jStart": 7, "vCanonical": true, "vEnd": 4, "vFixType": "NoFixNeeded", "vId": "TRAV1-2*01"}	2
7661	TRA	CAASINSGNTPLVF	TRAV13-1*01	TRAJ29*01	HomoSapiens	HLA-DRA*01:01	HLA-DRB3*03:01	MHCII	PPQIAANRSQLISLV	PPE33	M.tuberculosis	PMID:32341563	{"identification": "antigen-loaded-targets", "frequency": "1/61", "singlecell": "yes", "sequencing": "amplicon-seq", "verification": "antigen-loaded-targets"}	{"study.id": "", "cell.subset": "CD4+CD154+CD69+", "subject.cohort": "QFN+", "subject.id": "09/0125", "replica.id": "", "clone.id": "TB121", "epitope.id": "", "tissue": "PBMC", "donor.MHC": "", "donor.MHC.method": "sequencing", "structure.id": "", "samples.found": 1, "studies.found": 1}	{"cdr3": "CAASINSGNTPLVF", "cdr3_old": "CAASINSGNTPLVF", "fixNeeded": false, "good": true, "jCanonical": true, "jFixType": "NoFixNeeded", "jId": "TRAJ29*01", "jStart": 5, "vCanonical": true, "vEnd": 4, "vFixType": "NoFixNeeded", "vId": "TRAV13-1*01"}	2
7662	TRA	CAASINSGNTPLVF	TRAV13-1*01	TRAJ29*01	HomoSapiens	HLA-DRA*01:01	HLA-DRB3*03:01	MHCII	PPQIAANRSQLISLV	PPE33	M.tuberculosis	PMID:32341563	{"identification": "antigen-loaded-targets", "frequency": "1/127", "singlecell": "yes", "sequencing": "amplicon-seq", "verification": "antigen-loaded-targets"}	{"study.id": "", "cell.subset": "CD4+CD154+CD69+", "subject.cohort": "QFN+", "subject.id": "09/0125", "replica.id": "", "clone.id": "TB122", "epitope.id": "", "tissue": "PBMC", "donor.MHC": "", "donor.MHC.method": "sequencing", "structure.id": "", "samples.found": 1, "studies.found": 1}	{"cdr3": "CAASINSGNTPLVF", "cdr3_old": "CAASINSGNTPLVF", "fixNeeded": false, "good": true, "jCanonical": true, "jFixType": "NoFixNeeded", "jId": "TRAJ29*01", "jStart": 5, "vCanonical": true, "vEnd": 4, "vFixType": "NoFixNeeded", "vId": "TRAV13-1*01"}	2
7663	TRA	CALMNSGGYQKVTF	TRAV9-1*01	TRAJ13*01	HomoSapiens	HLA-DPA1*02:01	HLA-DPB1*13:01	MHCII	STRQALRPRADGPVG	Rv3616c	M.tuberculosis	PMID:32341563	{"identification": "antigen-loaded-targets", "frequency": "1/137", "singlecell": "yes", "sequencing": "amplicon-seq", "verification": "antigen-loaded-targets"}	{"study.id": "", "cell.subset": "CD4+CD154+CD69+", "subject.cohort": "QFN+", "subject.id": "03/0480", "replica.id": "", "clone.id": "TB131", "epitope.id": "", "tissue": "PBMC", "donor.MHC": "", "donor.MHC.method": "sequencing", "structure.id": "", "samples.found": 1, "studies.found": 1}	{"cdr3": "CALMNSGGYQKVTF", "cdr3_old": "CALMNSGGYQKVTF", "fixNeeded": false, "good": true, "jCanonical": true, "jFixType": "NoFixNeeded", "jId": "TRAJ13*01", "jStart": 4, "vCanonical": true, "vEnd": 3, "vFixType": "NoFixNeeded", "vId": "TRAV9-1*01"}	2
7664	TRA	CALILSGGYQKVTF	TRAV9-1*01	TRAJ13*01	HomoSapiens	HLA-DPA1*02:01	HLA-DPB1*13:01	MHCII	STRQALRPRADGPVG	Rv3616c	M.tuberculosis	PMID:32341563	{"identification": "antigen-loaded-targets", "frequency": "1/48", "singlecell": "yes", "sequencing": "amplicon-seq", "verification": "antigen-loaded-targets"}	{"study.id": "", "cell.subset": "CD4+CD154+CD69+", "subject.cohort": "QFN+", "subject.id": "03/0480", "replica.id": "", "clone.id": "TB132", "epitope.id": "", "tissue": "PBMC", "donor.MHC": "", "donor.MHC.method": "sequencing", "structure.id": "", "samples.found": 1, "studies.found": 1}	{"cdr3": "CALILSGGYQKVTF", "cdr3_old": "CALILSGGYQKVTF", "fixNeeded": false, "good": true, "jCanonical": true, "jFixType": "NoFixNeeded", "jId": "TRAJ13*01", "jStart": 5, "vCanonical": true, "vEnd": 3, "vFixType": "NoFixNeeded", "vId": "TRAV9-1*01"}	2
7665	TRA	NSGGYQKVTF	TRAV9-1*01	TRAJ13*01	HomoSapiens	HLA-DPA1*02:01	HLA-DPB1*13:01	MHCII	STRQALRPRADGPVG	Rv3616c	M.tuberculosis	PMID:32341563	{"identification": "antigen-loaded-targets", "frequency": "3/169", "singlecell": "yes", "sequencing": "amplicon-seq", "verification": "antigen-loaded-targets"}	{"study.id": "", "cell.subset": "CD4+CD154+CD69+", "subject.cohort": "QFN+", "subject.id": "01/1013", "replica.id": "", "clone.id": "TB133", "epitope.id": "", "tissue": "PBMC", "donor.MHC": "", "donor.MHC.method": "sequencing", "structure.id": "", "samples.found": 1, "studies.found": 1}	{"cdr3": "NSGGYQKVTF", "cdr3_old": "CASPSNSGYALNF", "fixNeeded": true, "good": false, "jCanonical": true, "jFixType": "FailedReplace", "jId": "TRAJ13*01", "jStart": -1, "vCanonical": false, "vEnd": 2, "vFixType": "NoFixNeeded", "vId": "TRAV9-1*01"}	2
7666	TRA	CALRGDTGRRALTF	TRAV9-1*01	TRAJ5*01	HomoSapiens	HLA-DPA1*02:01	HLA-DPB1*13:01	MHCII	STRQALRPRADGPVG	Rv3616c	M.tuberculosis	PMID:32341563	{"identification": "antigen-loaded-targets", "frequency": "1/49", "singlecell": "yes", "sequencing": "amplicon-seq", "verification": "antigen-loaded-targets"}	{"study.id": "", "cell.subset": "CD4+CD154+CD69+", "subject.cohort": "QFN+", "subject.id": "01/0882", "replica.id": "", "clone.id": "TB140", "epitope.id": "", "tissue": "PBMC", "donor.MHC": "", "donor.MHC.method": "sequencing", "structure.id": "", "samples.found": 1, "studies.found": 1}	{"cdr3": "CALRGDTGRRALTF", "cdr3_old": "CALRGDTGRRALTF", "fixNeeded": false, "good": true, "jCanonical": true, "jFixType": "NoFixNeeded", "jId": "TRAJ5*01", "jStart": 5, "vCanonical": true, "vEnd": 3, "vFixType": "NoFixNeeded", "vId": "TRAV9-1*01"}	2
7667	TRA	CALLNSGGYQKVTF	TRAV9-1*01	TRAJ13*01	HomoSapiens	HLA-DPA1*02:01	HLA-DPB1*13:01	MHCII	STRQALRPRADGPVG	Rv3616c	M.tuberculosis	PMID:32341563	{"identification": "antigen-loaded-targets", "frequency": "1/160", "singlecell": "yes", "sequencing": "amplicon-seq", "verification": "antigen-loaded-targets"}	{"study.id": "", "cell.subset": "CD4+CD154+CD69+", "subject.cohort": "QFN+", "subject.id": "03/0480", "replica.id": "", "clone.id": "TB138", "epitope.id": "", "tissue": "PBMC", "donor.MHC": "", "donor.MHC.method": "sequencing", "structure.id": "", "samples.found": 1, "studies.found": 1}	{"cdr3": "CALLNSGGYQKVTF", "cdr3_old": "CALLNSGGYQKVTF", "fixNeeded": false, "good": true, "jCanonical": true, "jFixType": "NoFixNeeded", "jId": "TRAJ13*01", "jStart": 4, "vCanonical": true, "vEnd": 3, "vFixType": "NoFixNeeded", "vId": "TRAV9-1*01"}	2
7668	TRA	CALVYSGGYQKVTF	TRAV9-1*01	TRAJ13*01	HomoSapiens	HLA-DPA1*02:01	HLA-DPB1*13:01	MHCII	STRQALRPRADGPVG	Rv3616c	M.tuberculosis	PMID:32341563	{"identification": "antigen-loaded-targets", "frequency": "1/58", "singlecell": "yes", "sequencing": "amplicon-seq", "verification": "antigen-loaded-targets"}	{"study.id": "", "cell.subset": "CD4+CD154+CD69+", "subject.cohort": "QFN+", "subject.id": "03/0480", "replica.id": "", "clone.id": "TB139", "epitope.id": "", "tissue": "PBMC", "donor.MHC": "", "donor.MHC.method": "sequencing", "structure.id": "", "samples.found": 1, "studies.found": 1}	{"cdr3": "CALVYSGGYQKVTF", "cdr3_old": "CALVYSGGYQKVTF", "fixNeeded": false, "good": true, "jCanonical": true, "jFixType": "NoFixNeeded", "jId": "TRAJ13*01", "jStart": 5, "vCanonical": true, "vEnd": 3, "vFixType": "NoFixNeeded", "vId": "TRAV9-1*01"}	2
7669	TRA	CAVRDSGNTGKLIF	TRAV1-1*01	TRAJ37*01	HomoSapiens	HLA-DQA1*01:02	HLA-DQB1*06:02	MHCII	LTDEQRAAALEKAAA	Rv1388	M.tuberculosis	PMID:32341563	{"identification": "antigen-loaded-targets", "frequency": "4/180", "singlecell": "yes", "sequencing": "amplicon-seq", "verification": "antigen-loaded-targets"}	{"study.id": "", "cell.subset": "CD4+CD154+CD69+", "subject.cohort": "QFN+", "subject.id": "01/0906", "replica.id": "", "clone.id": "TB123", "epitope.id": "", "tissue": "PBMC", "donor.MHC": "", "donor.MHC.method": "sequencing", "structure.id": "", "samples.found": 1, "studies.found": 1}	{"cdr3": "CAVRDSGNTGKLIF", "cdr3_old": "CAVRDSGNTGKLIF", "fixNeeded": false, "good": true, "jCanonical": true, "jFixType": "NoFixNeeded", "jId": "TRAJ37*01", "jStart": 5, "vCanonical": true, "vEnd": 4, "vFixType": "NoFixNeeded", "vId": "TRAV1-1*01"}	2
7670	TRA	CAVSLNDYKLSF	TRAV8-6*01	TRAJ20*01	HomoSapiens	HLA-DQA1*01:02	HLA-DQB1*06:02	MHCII	LTDEQRAAALEKAAA	Rv1388	M.tuberculosis	PMID:32341563	{"identification": "antigen-loaded-targets", "frequency": "4/80", "singlecell": "yes", "sequencing": "amplicon-seq", "verification": "antigen-loaded-targets"}	{"study.id": "", "cell.subset": "CD4+CD154+CD69+", "subject.cohort": "QFN+", "subject.id": "01/0906", "replica.id": "", "clone.id": "TB124", "epitope.id": "", "tissue": "PBMC", "donor.MHC": "", "donor.MHC.method": "sequencing", "structure.id": "", "samples.found": 1, "studies.found": 1}	{"cdr3": "CAVSLNDYKLSF", "cdr3_old": "CAVSLNDYKLSF", "fixNeeded": false, "good": true, "jCanonical": true, "jFixType": "NoFixNeeded", "jId": "TRAJ20*01", "jStart": 5, "vCanonical": true, "vEnd": 4, "vFixType": "NoFixNeeded", "vId": "TRAV8-6*01"}	2
7671	TRA	CAVTSNDYKLSF	TRAV8-6*01	TRAJ20*01	HomoSapiens	HLA-DQA1*01:02	HLA-DQB1*06:02	MHCII	LTDEQRAAALEKAAA	Rv1388	M.tuberculosis	PMID:32341563	{"identification": "antigen-loaded-targets", "frequency": "1/113", "singlecell": "yes", "sequencing": "amplicon-seq", "verification": "antigen-loaded-targets"}	{"study.id": "", "cell.subset": "CD4+CD154+CD69+", "subject.cohort": "QFN+", "subject.id": "01/0906", "replica.id": "", "clone.id": "TB125", "epitope.id": "", "tissue": "PBMC", "donor.MHC": "", "donor.MHC.method": "sequencing", "structure.id": "", "samples.found": 1, "studies.found": 1}	{"cdr3": "CAVTSNDYKLSF", "cdr3_old": "CAVTSNDYKLSF", "fixNeeded": false, "good": true, "jCanonical": true, "jFixType": "NoFixNeeded", "jId": "TRAJ20*01", "jStart": 4, "vCanonical": true, "vEnd": 3, "vFixType": "NoFixNeeded", "vId": "TRAV8-6*01"}	2
10867	TRA	CAVTNQAGTALIF	TRAV21*01	TRAJ15*01	HomoSapiens	HLA-E*01:03	B2M	MHCI	RLPAKAPLL	ENR	M.tuberculosis	PMID:35108401	{"identification": "", "frequency": "", "singlecell": "", "sequencing": "", "verification": ""}	{"study.id": "", "cell.subset": "", "subject.cohort": "", "subject.id": "", "replica.id": "", "clone.id": "", "epitope.id": "", "tissue": "", "donor.MHC": "", "donor.MHC.method": "", "structure.id": "6zkw", "samples.found": 1, "studies.found": 1}	{"cdr3": "CAVTNQAGTALIF", "cdr3_old": "CAVTNQAGTALIF", "fixNeeded": false, "good": true, "jCanonical": true, "jFixType": "NoFixNeeded", "jId": "TRAJ15*01", "jStart": 4, "vCanonical": true, "vEnd": 3, "vFixType": "NoFixNeeded", "vId": "TRAV21*01"}	3
10868	TRA	CAVTNQAGTALIF	TRAV21*01	TRAJ15*01	HomoSapiens	HLA-E*01:03	B2M	MHCI	RLPAKAPLLGCG	ENR	M.tuberculosis	PMID:35108401	{"identification": "", "frequency": "", "singlecell": "", "sequencing": "", "verification": ""}	{"study.id": "", "cell.subset": "", "subject.cohort": "", "subject.id": "", "replica.id": "", "clone.id": "", "epitope.id": "", "tissue": "", "donor.MHC": "", "donor.MHC.method": "", "structure.id": "6zkx", "samples.found": 1, "studies.found": 1}	{"cdr3": "CAVTNQAGTALIF", "cdr3_old": "CAVTNQAGTALIF", "fixNeeded": false, "good": true, "jCanonical": true, "jFixType": "NoFixNeeded", "jId": "TRAJ15*01", "jStart": 4, "vCanonical": true, "vEnd": 3, "vFixType": "NoFixNeeded", "vId": "TRAV21*01"}	3
10869	TRA	CAVTNQAGTALIF	TRAV21*01	TRAJ15*01	HomoSapiens	HLA-E*01:03	B2M	MHCI	RLPAKAPL	ENR	M.tuberculosis	PMID:35108401	{"identification": "", "frequency": "", "singlecell": "", "sequencing": "", "verification": ""}	{"study.id": "", "cell.subset": "", "subject.cohort": "", "subject.id": "", "replica.id": "", "clone.id": "", "epitope.id": "", "tissue": "", "donor.MHC": "", "donor.MHC.method": "", "structure.id": "6zky", "samples.found": 1, "studies.found": 1}	{"cdr3": "CAVTNQAGTALIF", "cdr3_old": "CAVTNQAGTALIF", "fixNeeded": false, "good": true, "jCanonical": true, "jFixType": "NoFixNeeded", "jId": "TRAJ15*01", "jStart": 4, "vCanonical": true, "vEnd": 3, "vFixType": "NoFixNeeded", "vId": "TRAV21*01"}	3
